frame,time_s,track_id,cls_id,cls_name,conf,x1,y1,x2,y2
0,0.000000,1,0,person,0.893081,308.38,67.59,395.18,292.80
0,0.000000,2,76,gloves,0.872327,432.01,197.66,447.78,223.64
0,0.000000,3,0,person,0.863808,407.31,87.82,463.12,295.65
0,0.000000,4,2,helmet,0.810272,422.94,88.00,456.77,112.36
0,0.000000,5,2,helmet,0.799993,346.74,68.44,373.62,87.57
0,0.000000,6,7,ladder,0.738854,244.81,71.66,363.96,310.00
0,0.000000,7,76,gloves,0.709893,372.49,153.82,382.53,167.08
0,0.000000,8,26,shovel,0.280674,231.13,243.88,250.20,295.39
0,0.000000,9,36,trash can,0.255887,527.75,282.49,550.20,360.00
1,0.040000,1,0,person,0.893085,308.38,67.59,395.18,292.80
1,0.040000,2,76,gloves,0.872327,432.01,197.66,447.78,223.64
1,0.040000,3,0,person,0.863808,407.31,87.82,463.12,295.65
1,0.040000,4,2,helmet,0.810272,422.94,88.00,456.77,112.36
1,0.040000,5,2,helmet,0.799993,346.74,68.44,373.62,87.57
1,0.040000,6,7,ladder,0.738874,244.81,71.66,363.96,310.00
1,0.040000,7,76,gloves,0.709891,372.49,153.82,382.53,167.08
1,0.040000,8,26,shovel,0.280654,231.12,243.88,250.20,295.39
1,0.040000,9,36,trash can,0.255887,527.75,282.49,550.20,360.00
2,0.080000,1,0,person,0.893219,308.28,67.59,395.08,292.81
2,0.080000,2,76,gloves,0.872340,431.69,197.75,447.34,223.53
2,0.080000,3,0,person,0.867883,407.25,87.95,463.04,295.72
2,0.080000,4,2,helmet,0.807890,422.83,87.99,456.60,112.31
2,0.080000,5,2,helmet,0.800154,346.74,68.44,373.62,87.57
2,0.080000,6,7,ladder,0.738653,244.82,71.66,363.97,310.00
2,0.080000,7,76,gloves,0.708983,372.49,153.82,382.53,167.08
2,0.080000,8,26,shovel,0.281521,231.12,243.88,250.20,295.38
2,0.080000,9,36,trash can,0.313490,527.79,282.45,550.25,360.00
3,0.120000,1,0,person,0.893483,308.27,67.60,395.07,292.80
3,0.120000,2,76,gloves,0.867140,431.47,197.72,446.99,223.30
3,0.120000,3,0,person,0.865004,407.03,88.09,462.76,295.72
3,0.120000,4,2,helmet,0.817416,422.83,88.01,456.61,112.34
3,0.120000,5,2,helmet,0.800080,346.73,68.44,373.63,87.57
3,0.120000,6,7,ladder,0.735750,244.76,71.44,363.98,309.93
3,0.120000,7,76,gloves,0.711153,372.49,153.81,382.54,167.09
3,0.120000,8,26,shovel,0.294210,231.14,243.88,250.21,295.39
3,0.120000,9,36,trash can,0.391636,527.57,282.39,550.03,360.00
4,0.160000,1,0,person,0.887712,307.88,67.65,394.70,292.81
4,0.160000,2,76,gloves,0.870090,431.22,197.62,446.50,222.76
4,0.160000,3,0,person,0.862386,406.86,88.00,462.57,295.73
4,0.160000,4,2,helmet,0.811518,422.71,88.00,456.43,112.28
4,0.160000,5,2,helmet,0.804405,346.77,68.46,373.67,87.60
4,0.160000,6,7,ladder,0.733743,244.71,71.50,363.91,309.93
4,0.160000,7,76,gloves,0.709848,372.49,153.82,382.54,167.09
4,0.160000,8,26,shovel,0.264492,231.09,243.89,250.17,295.39
4,0.160000,9,36,trash can,0.445222,527.46,282.35,549.89,360.00
5,0.200000,1,0,person,0.882985,307.72,67.72,394.60,292.81
5,0.200000,2,76,gloves,0.877299,430.88,197.54,445.98,222.33
5,0.200000,3,0,person,0.855192,406.60,88.06,462.24,295.71
5,0.200000,4,2,helmet,0.803372,422.46,87.99,456.08,112.21
5,0.200000,5,2,helmet,0.802755,347.07,68.51,373.71,87.44
5,0.200000,6,7,ladder,0.734023,244.62,71.41,363.86,309.93
5,0.200000,7,76,gloves,0.716596,372.50,153.83,382.55,167.10
5,0.200000,8,26,shovel,0.262476,231.07,243.89,250.15,295.39
5,0.200000,9,36,trash can,0.497995,527.29,282.34,549.68,360.00
6,0.240000,1,0,person,0.881012,307.48,67.75,394.46,292.79
6,0.240000,2,76,gloves,0.859808,430.65,197.33,445.57,221.74
6,0.240000,3,0,person,0.848603,406.50,87.92,462.09,295.66
6,0.240000,4,2,helmet,0.803834,422.17,87.98,455.87,112.29
6,0.240000,5,2,helmet,0.801297,346.97,68.47,373.80,87.52
6,0.240000,6,7,ladder,0.733990,244.43,71.38,363.70,309.94
6,0.240000,7,76,gloves,0.721162,372.50,153.83,382.55,167.11
6,0.240000,8,26,shovel,0.285704,230.89,243.95,249.94,295.37
6,0.240000,9,36,trash can,0.515108,527.26,282.33,549.62,360.00
7,0.280000,1,0,person,0.880428,307.39,67.76,394.48,292.80
7,0.280000,2,76,gloves,0.861056,430.33,197.26,445.13,221.30
7,0.280000,3,0,person,0.856359,406.44,87.84,461.97,295.66
7,0.280000,4,2,helmet,0.806947,422.06,87.99,455.74,112.31
7,0.280000,5,2,helmet,0.800746,346.92,68.46,373.84,87.56
7,0.280000,6,7,ladder,0.733424,244.36,71.41,363.63,309.94
7,0.280000,7,76,gloves,0.715029,372.50,153.83,382.55,167.11
7,0.280000,8,26,shovel,0.280243,230.83,243.97,249.85,295.37
7,0.280000,9,36,trash can,0.441427,527.16,282.28,549.48,360.00
8,0.320000,1,0,person,0.877049,306.63,67.75,393.96,292.77
8,0.320000,2,76,gloves,0.874914,430.04,196.67,445.19,221.07
8,0.320000,3,0,person,0.846802,406.28,87.71,461.74,295.66
8,0.320000,4,2,helmet,0.804552,421.85,87.99,455.31,112.17
8,0.320000,5,2,helmet,0.802032,346.90,68.44,373.87,87.56
8,0.320000,6,7,ladder,0.731604,244.19,71.50,363.44,309.98
8,0.320000,7,76,gloves,0.713534,372.31,153.80,382.44,167.18
8,0.320000,9,36,trash can,0.454523,526.96,282.23,549.21,360.00
9,0.360000,1,0,person,0.879455,306.86,67.82,394.28,292.78
9,0.360000,2,76,gloves,0.888281,430.21,196.31,445.74,221.13
9,0.360000,3,0,person,0.835416,406.07,87.36,461.52,295.58
9,0.360000,4,2,helmet,0.791897,421.86,87.97,454.64,111.66
9,0.360000,5,2,helmet,0.796250,347.08,68.55,373.78,87.43
9,0.360000,6,7,ladder,0.735268,244.12,71.56,363.35,309.96
9,0.360000,7,76,gloves,0.703685,372.23,153.76,382.40,167.21
9,0.360000,9,36,trash can,0.549945,526.85,282.22,549.03,360.00
10,0.400000,1,0,person,0.880324,306.91,67.83,394.45,292.80
10,0.400000,2,76,gloves,0.888571,430.46,195.91,446.32,221.12
10,0.400000,3,0,person,0.834420,405.89,87.37,461.23,295.55
10,0.400000,4,2,helmet,0.770256,421.95,88.18,453.71,111.07
10,0.400000,5,2,helmet,0.793936,347.14,68.58,373.71,87.33
10,0.400000,6,7,ladder,0.732894,244.14,71.71,363.31,309.95
10,0.400000,7,76,gloves,0.704171,372.21,153.75,382.38,167.21
10,0.400000,9,36,trash can,0.391762,526.80,282.23,548.89,360.00
11,0.440000,1,0,person,0.877875,306.64,67.84,394.34,292.78
11,0.440000,2,76,gloves,0.892784,431.01,195.77,447.05,221.23
11,0.440000,3,0,person,0.835470,405.71,87.27,461.01,295.61
11,0.440000,4,2,helmet,0.771199,421.86,88.16,453.64,111.06
11,0.440000,5,2,helmet,0.796703,347.11,68.61,373.72,87.34
11,0.440000,6,7,ladder,0.730870,244.07,71.58,363.30,309.95
11,0.440000,7,76,gloves,0.720461,372.21,153.76,382.37,167.22
11,0.440000,9,36,trash can,0.463813,526.82,282.09,548.82,360.00
12,0.480000,1,0,person,0.878301,306.48,67.75,394.37,292.74
12,0.480000,2,76,gloves,0.869526,431.65,195.83,447.73,221.37
12,0.480000,3,0,person,0.836204,405.71,87.33,460.89,295.61
12,0.480000,4,2,helmet,0.742778,421.78,88.17,452.46,110.17
12,0.480000,5,2,helmet,0.799501,347.00,68.48,373.82,87.33
12,0.480000,6,7,ladder,0.722229,243.98,71.55,363.27,310.01
12,0.480000,7,76,gloves,0.724648,372.22,153.76,382.36,167.21
12,0.480000,9,36,trash can,0.427920,526.68,282.17,548.60,360.00
13,0.520000,1,0,person,0.883486,306.73,67.70,394.67,292.72
13,0.520000,2,76,gloves,0.866197,432.05,195.73,448.07,221.20
13,0.520000,3,0,person,0.832534,405.63,87.42,460.69,295.61
13,0.520000,4,2,helmet,0.739286,421.46,88.26,451.75,109.92
13,0.520000,5,2,helmet,0.803303,346.78,68.49,373.83,87.50
13,0.520000,6,7,ladder,0.737774,244.04,71.79,363.23,309.96
13,0.520000,7,76,gloves,0.715157,372.06,153.69,382.24,167.19
13,0.520000,9,36,trash can,0.368463,526.48,282.04,548.33,360.00
14,0.560000,1,0,person,0.883331,306.82,67.68,394.79,292.70
14,0.560000,2,76,gloves,0.876430,432.07,195.65,448.09,221.15
14,0.560000,3,0,person,0.834674,405.51,87.35,460.48,295.61
14,0.560000,4,2,helmet,0.775300,420.86,88.12,451.50,110.01
14,0.560000,5,2,helmet,0.808098,346.69,68.50,373.84,87.57
14,0.560000,6,7,ladder,0.728337,244.05,71.95,363.21,309.95
14,0.560000,7,76,gloves,0.717920,372.00,153.67,382.19,167.19
14,0.560000,9,36,trash can,0.349551,526.44,281.99,548.19,360.00
15,0.600000,1,0,person,0.884522,306.71,67.68,394.69,292.65
15,0.600000,2,76,gloves,0.896404,431.64,195.57,447.67,220.99
15,0.600000,3,0,person,0.837301,405.42,87.65,460.26,295.64
15,0.600000,4,2,helmet,0.795808,420.43,88.22,452.05,110.98
15,0.600000,5,2,helmet,0.816847,346.61,68.50,373.83,87.62
15,0.600000,6,7,ladder,0.738475,243.96,72.14,363.03,309.90
15,0.600000,7,76,gloves,0.727215,371.99,153.65,382.18,167.19
15,0.600000,9,36,trash can,0.339975,526.41,282.12,548.01,360.00
16,0.640000,1,0,person,0.885202,306.63,67.67,394.65,292.68
16,0.640000,2,76,gloves,0.904567,431.27,194.97,447.66,221.20
16,0.640000,3,0,person,0.858637,405.62,88.18,460.19,295.67
16,0.640000,4,2,helmet,0.786185,419.83,88.52,451.56,111.51
16,0.640000,5,2,helmet,0.808185,346.57,68.49,373.82,87.64
16,0.640000,6,7,ladder,0.725830,243.81,72.07,362.90,309.84
16,0.640000,7,76,gloves,0.710650,371.95,153.85,381.97,167.13
16,0.640000,9,36,trash can,0.452808,526.38,282.28,547.87,360.00
17,0.680000,1,0,person,0.891587,307.23,67.79,394.92,292.25
17,0.680000,2,76,gloves,0.889422,431.67,194.66,448.05,221.27
17,0.680000,3,0,person,0.849351,405.24,87.69,459.86,295.57
17,0.680000,4,2,helmet,0.789426,419.36,88.26,450.72,111.13
17,0.680000,5,2,helmet,0.805148,346.52,68.64,373.82,87.82
17,0.680000,6,7,ladder,0.755320,243.85,71.77,363.06,309.85
17,0.680000,7,76,gloves,0.724142,372.03,154.09,381.91,167.13
17,0.680000,9,36,trash can,0.411312,526.43,282.17,547.83,360.00
18,0.720000,1,0,person,0.891155,307.22,67.85,394.74,292.19
18,0.720000,2,76,gloves,0.872466,431.99,194.36,448.54,221.81
18,0.720000,3,0,person,0.869958,405.00,87.54,459.64,295.52
18,0.720000,4,2,helmet,0.791309,418.98,88.19,450.35,111.20
18,0.720000,5,2,helmet,0.805034,346.51,68.70,373.82,87.88
18,0.720000,6,7,ladder,0.749312,243.72,71.66,362.91,309.86
18,0.720000,7,76,gloves,0.724242,372.05,154.17,381.90,167.13
18,0.720000,9,36,trash can,0.442018,526.38,282.13,547.70,360.00
18,0.720000,12,76,gloves,0.381294,405.42,166.79,418.95,198.84
19,0.760000,1,0,person,0.891390,307.34,67.87,394.76,292.18
19,0.760000,2,76,gloves,0.839470,432.49,194.24,448.62,221.45
19,0.760000,3,0,person,0.882991,404.35,87.51,459.03,295.55
19,0.760000,4,2,helmet,0.798332,418.86,88.16,450.23,111.35
19,0.760000,5,2,helmet,0.824747,346.55,68.70,373.92,87.91
19,0.760000,6,7,ladder,0.750224,243.69,71.62,362.85,309.87
19,0.760000,7,76,gloves,0.724772,372.05,154.20,381.91,167.13
19,0.760000,9,36,trash can,0.425139,526.49,282.12,547.71,360.00
19,0.760000,12,76,gloves,0.404719,405.40,167.14,418.58,198.26
19,0.760000,13,76,gloves,0.410102,408.52,193.91,418.22,207.32
20,0.800000,1,0,person,0.889659,307.42,67.85,394.75,292.21
20,0.800000,2,76,gloves,0.824574,432.86,194.00,448.73,221.18
20,0.800000,3,0,person,0.885707,404.21,87.51,458.85,295.51
20,0.800000,4,2,helmet,0.806901,418.58,88.13,450.27,111.76
20,0.800000,5,2,helmet,0.830345,346.55,68.70,373.96,87.94
20,0.800000,6,7,ladder,0.747997,243.68,71.54,362.81,309.87
20,0.800000,7,76,gloves,0.692071,371.88,154.18,381.77,167.13
20,0.800000,9,36,trash can,0.379647,526.39,282.10,547.52,360.00
20,0.800000,12,76,gloves,0.400187,405.44,167.15,418.36,197.57
20,0.800000,13,76,gloves,0.444905,408.21,193.54,418.01,207.08
21,0.840000,1,0,person,0.890026,307.49,67.86,394.68,292.23
21,0.840000,2,76,gloves,0.839539,433.24,193.57,449.13,221.31
21,0.840000,3,0,person,0.886598,404.17,87.50,458.77,295.50
21,0.840000,4,2,helmet,0.806388,418.53,88.11,450.20,111.92
21,0.840000,5,2,helmet,0.810558,346.59,68.68,374.03,87.91
21,0.840000,6,7,ladder,0.756004,243.73,71.58,362.78,309.87
21,0.840000,7,76,gloves,0.691117,371.81,154.17,381.74,167.14
21,0.840000,9,36,trash can,0.404925,526.35,282.10,547.40,360.00
21,0.840000,12,76,gloves,0.409334,405.37,167.22,418.22,197.37
21,0.840000,13,76,gloves,0.432066,408.11,193.38,417.95,206.93
22,0.880000,1,0,person,0.886121,307.40,67.85,394.47,292.24
22,0.880000,2,76,gloves,0.871999,433.90,193.70,449.28,221.05
22,0.880000,3,0,person,0.884664,404.14,87.55,458.66,295.40
22,0.880000,4,2,helmet,0.802691,418.60,88.11,449.98,111.86
22,0.880000,5,2,helmet,0.811810,346.55,68.67,374.07,87.91
22,0.880000,6,7,ladder,0.751586,243.65,71.61,362.66,309.87
22,0.880000,7,76,gloves,0.689150,371.77,154.15,381.74,167.16
22,0.880000,9,36,trash can,0.461662,526.07,282.01,547.02,360.00
22,0.880000,12,76,gloves,0.474796,405.11,167.30,418.25,198.05
22,0.880000,8,26,shovel,0.258708,230.09,243.88,249.19,295.31
23,0.920000,1,0,person,0.887162,307.48,67.93,394.40,292.26
23,0.920000,2,76,gloves,0.850188,435.43,193.33,450.32,220.52
23,0.920000,3,0,person,0.880063,403.97,87.62,458.46,295.49
23,0.920000,4,2,helmet,0.798944,418.75,88.22,449.78,111.85
23,0.920000,5,2,helmet,0.812153,346.66,68.74,374.08,87.87
23,0.920000,6,7,ladder,0.752767,243.61,71.67,362.58,309.87
23,0.920000,7,76,gloves,0.669723,371.67,154.10,381.64,167.10
23,0.920000,9,36,trash can,0.554993,525.96,282.09,546.75,360.00
23,0.920000,12,76,gloves,0.449959,404.09,167.28,418.89,202.14
23,0.920000,8,26,shovel,0.253499,230.07,243.88,249.22,295.30
24,0.960000,1,0,person,0.886561,307.85,68.01,394.55,292.29
24,0.960000,2,76,gloves,0.882434,436.25,192.72,450.99,220.26
24,0.960000,3,0,person,0.876933,404.12,87.85,458.51,295.49
24,0.960000,4,2,helmet,0.801711,418.89,88.47,449.66,112.06
24,0.960000,5,2,helmet,0.813964,346.91,68.84,374.23,87.85
24,0.960000,6,7,ladder,0.751989,243.56,71.64,362.53,309.88
24,0.960000,7,76,gloves,0.664120,371.64,154.08,381.60,167.07
24,0.960000,9,36,trash can,0.538603,525.96,282.05,546.65,360.00
24,0.960000,12,76,gloves,0.502797,404.01,167.37,418.92,202.67
24,0.960000,8,26,shovel,0.252542,230.10,243.87,249.32,295.29
25,1.000000,1,0,person,0.885683,307.89,68.04,394.38,292.24
25,1.000000,2,76,gloves,0.890698,437.16,192.44,451.54,219.66
25,1.000000,3,0,person,0.886190,404.03,87.91,458.42,295.52
25,1.000000,4,2,helmet,0.819047,418.89,88.51,449.70,112.29
25,1.000000,5,2,helmet,0.814603,346.99,68.87,374.31,87.84
25,1.000000,6,7,ladder,0.761688,243.43,71.62,362.41,309.83
25,1.000000,7,76,gloves,0.654800,371.53,154.08,381.43,167.00
25,1.000000,9,36,trash can,0.556760,525.71,282.06,546.24,360.00
25,1.000000,12,76,gloves,0.531336,403.95,167.49,418.58,202.25
25,1.000000,8,26,shovel,0.252889,230.06,243.91,249.35,295.27
26,1.040000,1,0,person,0.885587,307.89,68.05,394.23,292.23
26,1.040000,2,76,gloves,0.890384,437.75,192.36,451.93,219.36
26,1.040000,3,0,person,0.886510,404.10,88.06,458.48,295.59
26,1.040000,4,2,helmet,0.818162,418.97,88.70,449.13,112.01
26,1.040000,5,2,helmet,0.814260,347.01,68.88,374.35,87.84
26,1.040000,6,7,ladder,0.765783,243.37,71.58,362.38,309.82
26,1.040000,7,76,gloves,0.650086,371.49,154.09,381.37,166.97
26,1.040000,9,36,trash can,0.619818,525.57,282.10,545.93,360.00
26,1.040000,12,76,gloves,0.564204,403.99,167.59,418.05,201.22
26,1.040000,8,26,shovel,0.251667,230.05,243.92,249.39,295.26
27,1.080000,1,0,person,0.885310,307.89,68.05,394.11,292.24
27,1.080000,2,76,gloves,0.883306,438.05,192.34,452.06,219.15
27,1.080000,3,0,person,0.885738,404.17,88.40,458.48,295.58
27,1.080000,4,2,helmet,0.816999,418.88,89.04,448.47,111.93
27,1.080000,5,2,helmet,0.814195,347.00,68.89,374.38,87.83
27,1.080000,6,7,ladder,0.760676,243.35,71.55,362.38,309.82
27,1.080000,7,76,gloves,0.650441,371.48,154.09,381.35,166.96
27,1.080000,9,36,trash can,0.609548,525.60,282.12,545.81,360.00
27,1.080000,12,76,gloves,0.569401,404.12,167.92,417.72,200.64
27,1.080000,8,26,shovel,0.296631,229.97,243.93,249.34,295.27
28,1.120000,1,0,person,0.886092,307.93,68.06,394.03,292.22
28,1.120000,2,76,gloves,0.867069,438.08,192.42,451.85,218.91
28,1.120000,3,0,person,0.890413,404.19,88.54,458.50,295.64
28,1.120000,4,2,helmet,0.816118,418.71,89.18,448.13,111.94
28,1.120000,5,2,helmet,0.814199,346.97,68.87,374.41,87.83
28,1.120000,6,7,ladder,0.759397,243.39,71.56,362.39,309.73
28,1.120000,7,76,gloves,0.659594,371.48,154.06,381.36,166.96
28,1.120000,9,36,trash can,0.599852,525.62,282.13,545.68,360.00
28,1.120000,12,76,gloves,0.578279,404.04,167.78,417.60,200.67
28,1.120000,8,26,shovel,0.295344,229.93,243.94,249.31,295.27
29,1.160000,1,0,person,0.879515,308.22,68.17,393.98,292.06
29,1.160000,2,76,gloves,0.865210,437.76,192.40,451.09,218.25
29,1.160000,3,0,person,0.889777,404.06,88.60,458.41,295.70
29,1.160000,4,2,helmet,0.812436,418.66,89.24,448.04,111.97
29,1.160000,5,2,helmet,0.813001,346.88,68.82,374.42,87.84
29,1.160000,6,7,ladder,0.766771,243.31,71.64,362.37,309.70
29,1.160000,7,76,gloves,0.644190,371.24,154.12,381.11,166.97
29,1.160000,9,36,trash can,0.591216,525.45,282.20,545.39,360.00
29,1.160000,12,76,gloves,0.561010,403.96,167.90,417.33,200.50
29,1.160000,8,26,shovel,0.369417,229.65,243.98,248.99,295.22
30,1.200000,1,0,person,0.880645,308.41,68.04,394.04,292.16
30,1.200000,2,76,gloves,0.860821,437.20,192.26,450.45,218.07
30,1.200000,3,0,person,0.884813,404.14,88.54,458.44,295.61
30,1.200000,4,2,helmet,0.810528,418.66,89.10,448.26,112.09
30,1.200000,5,2,helmet,0.809962,346.78,68.80,374.38,87.84
30,1.200000,6,7,ladder,0.761208,243.23,71.75,362.31,309.74
30,1.200000,7,76,gloves,0.649003,371.10,154.17,380.96,166.97
30,1.200000,9,36,trash can,0.606153,525.41,282.28,545.20,360.00
30,1.200000,12,76,gloves,0.453747,404.08,168.03,417.32,200.53
30,1.200000,8,26,shovel,0.343774,229.65,244.02,248.99,295.20
31,1.240000,1,0,person,0.880359,308.51,67.99,393.96,292.13
31,1.240000,2,76,gloves,0.866420,436.72,191.28,450.30,217.64
31,1.240000,3,0,person,0.890297,404.09,88.34,458.43,295.65
31,1.240000,4,2,helmet,0.815900,418.87,88.88,448.63,112.12
31,1.240000,5,2,helmet,0.813177,346.78,68.79,374.45,87.85
31,1.240000,6,7,ladder,0.767148,243.13,71.75,362.28,309.77
31,1.240000,7,76,gloves,0.628685,371.06,154.21,380.90,166.98
31,1.240000,9,36,trash can,0.607601,525.64,282.31,545.38,360.00
31,1.240000,12,76,gloves,0.510847,404.05,168.03,417.46,201.26
31,1.240000,8,26,shovel,0.368707,229.61,244.04,248.95,295.19
32,1.280000,1,0,person,0.882763,308.45,67.98,393.76,292.18
32,1.280000,2,76,gloves,0.835966,435.93,189.45,449.10,214.42
32,1.280000,3,0,person,0.904816,404.10,88.16,458.41,295.57
32,1.280000,4,2,helmet,0.818170,419.07,88.59,449.26,112.32
32,1.280000,5,2,helmet,0.811492,346.76,68.79,374.49,87.86
32,1.280000,6,7,ladder,0.767119,243.11,71.78,362.30,309.80
32,1.280000,7,76,gloves,0.635368,370.89,154.27,380.77,167.10
32,1.280000,9,36,trash can,0.659684,525.55,282.32,545.18,360.00
32,1.280000,8,26,shovel,0.358810,229.60,244.05,248.95,295.19
33,1.320000,1,0,person,0.886190,308.43,67.93,393.67,292.31
33,1.320000,2,76,gloves,0.918348,434.58,187.18,447.71,211.44
33,1.320000,3,0,person,0.890702,403.94,88.17,458.23,295.66
33,1.320000,4,2,helmet,0.814040,419.27,88.63,449.32,112.38
33,1.320000,5,2,helmet,0.811074,346.69,68.73,374.54,87.89
33,1.320000,6,7,ladder,0.769511,243.04,71.85,362.24,309.69
33,1.320000,7,76,gloves,0.628221,370.79,154.30,380.55,166.90
33,1.320000,9,36,trash can,0.627315,525.35,282.36,544.83,360.00
33,1.320000,8,26,shovel,0.424077,229.39,244.08,248.76,295.19
34,1.360000,1,0,person,0.885805,308.54,67.92,393.67,292.46
34,1.360000,2,76,gloves,0.906316,434.11,185.80,447.02,208.77
34,1.360000,3,0,person,0.880033,403.41,88.36,457.74,295.69
34,1.360000,4,2,helmet,0.818934,419.36,88.79,449.31,112.60
34,1.360000,5,2,helmet,0.806398,346.50,68.71,374.44,87.93
34,1.360000,6,7,ladder,0.753174,243.06,71.98,362.29,309.62
34,1.360000,7,76,gloves,0.599560,370.70,154.35,380.38,166.79
34,1.360000,9,36,trash can,0.680768,525.26,282.40,544.63,360.00
34,1.360000,8,26,shovel,0.450461,229.34,244.05,248.76,295.18
35,1.400000,1,0,person,0.882423,308.61,67.96,393.62,292.49
35,1.400000,2,76,gloves,0.896221,433.69,184.60,446.48,206.63
35,1.400000,3,0,person,0.884768,403.60,88.35,457.89,295.65
35,1.400000,4,2,helmet,0.819948,419.47,88.86,449.23,112.62
35,1.400000,5,2,helmet,0.804437,346.60,68.76,374.35,87.84
35,1.400000,6,7,ladder,0.752446,243.00,72.07,362.28,309.58
35,1.400000,7,76,gloves,0.589576,370.66,154.36,380.34,166.76
35,1.400000,9,36,trash can,0.682413,525.29,282.43,544.58,360.00
35,1.400000,8,26,shovel,0.387234,229.40,244.05,248.89,295.19
36,1.440000,1,0,person,0.881761,309.03,67.97,393.84,292.56
36,1.440000,2,76,gloves,0.897612,433.29,184.47,446.34,206.36
36,1.440000,3,0,person,0.887406,403.27,88.34,457.60,295.64
36,1.440000,4,2,helmet,0.808899,419.48,88.89,448.61,112.13
36,1.440000,5,2,helmet,0.825387,346.52,68.80,374.28,87.91
36,1.440000,6,7,ladder,0.753192,242.93,72.14,362.26,309.56
36,1.440000,7,76,gloves,0.578187,370.63,154.36,380.33,166.75
36,1.440000,9,36,trash can,0.596005,525.29,282.37,544.52,360.00
36,1.440000,8,26,shovel,0.431179,229.34,244.04,248.87,295.19
36,1.440000,12,76,gloves,0.431479,406.01,180.01,415.35,202.13
37,1.480000,1,0,person,0.882963,309.22,68.00,393.85,292.58
37,1.480000,2,76,gloves,0.903024,432.86,184.14,446.38,206.43
37,1.480000,3,0,person,0.888738,403.08,88.21,457.41,295.61
37,1.480000,4,2,helmet,0.789787,419.58,88.98,447.82,111.46
37,1.480000,5,2,helmet,0.812972,346.47,68.82,374.22,87.94
37,1.480000,6,7,ladder,0.762680,242.84,72.06,362.28,309.56
37,1.480000,7,76,gloves,0.598729,370.53,154.35,380.17,166.57
37,1.480000,9,36,trash can,0.596834,525.33,282.27,544.58,360.00
37,1.480000,8,26,shovel,0.415479,229.36,244.08,248.96,295.20
37,1.480000,12,76,gloves,0.376320,405.75,179.88,415.58,202.46
38,1.520000,1,0,person,0.887464,309.30,67.95,393.72,292.42
38,1.520000,2,76,gloves,0.905778,432.60,183.95,446.49,206.51
38,1.520000,3,0,person,0.884343,402.88,88.18,457.24,295.62
38,1.520000,4,2,helmet,0.803241,419.12,89.00,447.64,111.69
38,1.520000,5,2,helmet,0.802363,346.45,68.80,374.12,87.84
38,1.520000,6,7,ladder,0.747891,242.83,72.14,362.29,309.51
38,1.520000,7,76,gloves,0.591544,370.40,154.32,380.18,166.67
38,1.520000,9,36,trash can,0.577829,525.00,282.29,544.11,360.00
38,1.520000,8,26,shovel,0.435282,229.30,244.13,248.94,295.19
39,1.560000,1,0,person,0.885890,309.31,67.95,393.60,292.42
39,1.560000,2,76,gloves,0.894769,432.66,183.89,446.48,205.93
39,1.560000,3,0,person,0.890979,402.74,88.39,457.05,295.68
39,1.560000,4,2,helmet,0.802574,418.78,89.15,447.24,111.75
39,1.560000,5,2,helmet,0.799873,346.40,68.80,374.02,87.80
39,1.560000,6,7,ladder,0.752000,242.64,72.08,362.23,309.60
39,1.560000,7,76,gloves,0.609917,370.23,154.26,380.14,166.72
39,1.560000,9,36,trash can,0.481766,524.87,282.15,543.90,360.00
39,1.560000,8,26,shovel,0.412955,229.28,244.14,248.99,295.19
39,1.560000,16,76,gloves,0.331089,414.89,193.18,433.81,205.02
39,1.560000,12,76,gloves,0.365295,405.45,178.88,415.82,202.01
40,1.600000,1,0,person,0.886485,309.43,67.94,393.55,292.34
40,1.600000,2,76,gloves,0.904876,432.45,184.01,446.62,206.32
40,1.600000,3,0,person,0.887726,402.73,88.37,457.03,295.72
40,1.600000,4,2,helmet,0.804983,418.87,89.13,447.22,111.65
40,1.600000,5,2,helmet,0.799247,346.39,68.80,373.98,87.76
40,1.600000,6,7,ladder,0.748928,242.56,72.11,362.21,309.66
40,1.600000,7,76,gloves,0.621390,370.15,154.24,380.14,166.74
40,1.600000,9,36,trash can,0.501840,524.81,282.10,543.79,360.00
40,1.600000,8,26,shovel,0.418624,229.25,244.15,249.01,295.19
40,1.600000,16,76,gloves,0.289962,414.95,193.16,433.91,205.04
40,1.600000,12,76,gloves,0.389867,405.39,179.03,415.87,201.70
41,1.640000,1,0,person,0.887222,309.48,67.92,393.50,292.35
41,1.640000,2,76,gloves,0.909412,432.38,184.45,447.01,207.31
41,1.640000,3,0,person,0.889088,402.69,88.32,456.95,295.72
41,1.640000,4,2,helmet,0.798011,419.09,89.01,447.23,111.36
41,1.640000,5,2,helmet,0.798234,346.41,68.79,373.99,87.74
41,1.640000,6,7,ladder,0.750337,242.44,72.10,362.14,309.70
41,1.640000,7,76,gloves,0.617638,370.11,154.23,380.15,166.74
41,1.640000,9,36,trash can,0.511364,524.86,282.08,543.76,360.00
41,1.640000,8,26,shovel,0.428753,229.20,244.16,249.04,295.21
41,1.640000,12,76,gloves,0.388912,405.35,179.10,416.04,201.59
42,1.680000,1,0,person,0.882960,309.58,67.98,393.49,292.43
42,1.680000,2,76,gloves,0.892412,432.47,185.14,447.21,208.04
42,1.680000,3,0,person,0.890914,402.79,88.16,457.03,295.73
42,1.680000,4,2,helmet,0.804372,419.11,88.79,447.55,111.45
42,1.680000,5,2,helmet,0.797565,346.41,68.87,373.83,87.66
42,1.680000,6,7,ladder,0.742552,242.39,72.07,362.09,309.59
42,1.680000,7,76,gloves,0.604224,370.04,154.18,380.10,166.71
42,1.680000,9,36,trash can,0.517545,524.58,281.91,543.45,360.00
42,1.680000,8,26,shovel,0.438011,229.12,244.04,249.05,295.23
42,1.680000,12,76,gloves,0.436267,405.52,179.22,416.35,201.47
43,1.720000,1,0,person,0.885132,309.65,67.99,393.45,292.42
43,1.720000,2,76,gloves,0.875479,432.35,186.08,447.47,209.48
43,1.720000,3,0,person,0.889362,402.96,88.07,457.14,295.75
43,1.720000,4,2,helmet,0.801223,419.27,88.70,447.57,111.20
43,1.720000,5,2,helmet,0.796922,346.37,68.90,373.73,87.61
43,1.720000,6,7,ladder,0.737843,242.34,72.08,362.06,309.57
43,1.720000,7,76,gloves,0.612981,369.93,154.15,380.04,166.73
43,1.720000,9,36,trash can,0.502401,524.58,282.05,543.36,360.00
43,1.720000,8,26,shovel,0.455050,229.02,243.98,249.00,295.23
43,1.720000,12,76,gloves,0.472784,405.86,180.45,416.54,201.78
44,1.760000,1,0,person,0.885520,309.69,68.00,393.38,292.43
44,1.760000,2,76,gloves,0.889124,431.93,186.93,447.42,210.90
44,1.760000,3,0,person,0.889093,403.03,87.99,457.16,295.71
44,1.760000,4,2,helmet,0.799742,419.21,88.55,447.99,111.47
44,1.760000,5,2,helmet,0.794924,346.34,68.91,373.71,87.60
44,1.760000,6,7,ladder,0.734340,242.32,72.08,362.07,309.60
44,1.760000,7,76,gloves,0.605049,369.89,154.14,380.03,166.74
44,1.760000,9,36,trash can,0.514103,524.75,282.05,543.51,360.00
44,1.760000,8,26,shovel,0.444574,228.93,243.95,248.96,295.22
44,1.760000,12,76,gloves,0.398715,406.31,182.05,416.70,202.29
45,1.800000,1,0,person,0.883119,309.89,68.04,393.48,292.56
45,1.800000,2,76,gloves,0.901005,431.73,188.12,447.47,212.58
45,1.800000,3,0,person,0.884111,403.27,87.76,457.36,295.67
45,1.800000,4,2,helmet,0.801141,419.08,88.38,448.04,111.45
45,1.800000,5,2,helmet,0.794500,346.28,68.97,373.51,87.53
45,1.800000,6,7,ladder,0.762421,242.13,72.02,361.90,309.62
45,1.800000,7,76,gloves,0.618013,369.69,154.11,379.92,166.84
45,1.800000,9,36,trash can,0.466969,524.33,282.11,542.95,360.00
45,1.800000,8,26,shovel,0.430700,228.78,243.95,248.82,295.23
45,1.800000,12,76,gloves,0.323185,406.86,184.71,416.75,203.46
46,1.840000,1,0,person,0.885077,309.90,68.02,393.40,292.55
46,1.840000,2,76,gloves,0.898523,431.80,189.34,447.81,214.41
46,1.840000,3,0,person,0.884816,403.36,87.61,457.47,295.71
46,1.840000,4,2,helmet,0.782365,419.38,88.36,447.82,110.91
46,1.840000,5,2,helmet,0.799589,346.21,68.99,373.45,87.52
46,1.840000,6,7,ladder,0.738842,242.07,72.16,361.80,309.65
46,1.840000,7,76,gloves,0.613911,369.62,154.11,379.88,166.90
46,1.840000,9,36,trash can,0.480293,524.11,282.20,542.60,360.00
46,1.840000,8,26,shovel,0.442354,228.71,243.75,248.82,295.22
46,1.840000,12,76,gloves,0.481835,407.09,186.50,416.68,204.05
47,1.880000,1,0,person,0.886557,309.85,68.13,393.29,292.64
47,1.880000,2,76,gloves,0.875375,432.63,190.53,448.58,215.61
47,1.880000,3,0,person,0.889453,403.48,87.57,457.57,295.73
47,1.880000,4,2,helmet,0.782186,419.47,88.35,447.77,110.70
47,1.880000,5,2,helmet,0.800285,346.17,68.99,373.43,87.52
47,1.880000,6,7,ladder,0.731580,242.04,72.28,361.71,309.66
47,1.880000,7,76,gloves,0.611085,369.61,154.10,379.87,166.92
47,1.880000,9,36,trash can,0.452800,524.15,282.23,542.49,360.00
47,1.880000,8,26,shovel,0.460002,228.63,243.70,248.74,295.22
48,1.920000,1,0,person,0.882953,309.77,68.09,393.14,292.45
48,1.920000,2,76,gloves,0.921811,433.58,191.50,449.41,216.58
48,1.920000,3,0,person,0.888949,403.57,87.57,457.69,295.80
48,1.920000,4,2,helmet,0.786320,419.21,88.36,447.97,111.03
48,1.920000,5,2,helmet,0.799710,346.20,69.07,373.40,87.51
48,1.920000,6,7,ladder,0.751961,241.91,72.15,361.66,309.78
48,1.920000,7,76,gloves,0.650926,369.55,154.11,379.79,166.88
48,1.920000,9,36,trash can,0.405387,524.13,282.18,542.40,360.00
48,1.920000,8,26,shovel,0.419041,228.62,243.84,248.68,295.21
49,1.960000,1,0,person,0.894969,309.76,68.14,393.05,292.42
49,1.960000,2,76,gloves,0.862982,435.30,191.04,451.26,216.38
49,1.960000,3,0,person,0.885467,403.95,87.61,458.12,295.70
49,1.960000,4,2,helmet,0.774316,419.01,88.34,448.29,111.47
49,1.960000,5,2,helmet,0.798241,346.15,69.02,373.15,87.28
49,1.960000,6,7,ladder,0.726254,241.64,72.23,361.38,309.80
49,1.960000,7,76,gloves,0.686863,369.41,154.14,379.51,166.68
49,1.960000,9,36,trash can,0.406242,524.25,282.16,542.44,360.00
49,1.960000,8,26,shovel,0.346689,228.62,244.01,248.66,295.19
49,1.960000,21,76,gloves,0.345867,404.69,167.93,418.68,197.24
50,2.000000,1,0,person,0.884172,309.95,68.04,393.15,292.24
50,2.000000,2,76,gloves,0.869318,436.71,190.22,452.51,215.51
50,2.000000,3,0,person,0.891244,403.99,87.31,458.33,295.81
50,2.000000,4,2,helmet,0.752124,419.20,88.16,448.41,111.27
50,2.000000,5,2,helmet,0.797151,346.13,69.12,373.04,87.28
50,2.000000,6,7,ladder,0.726259,241.49,72.27,361.22,309.81
50,2.000000,7,76,gloves,0.689149,369.35,154.15,379.42,166.62
50,2.000000,9,36,trash can,0.291486,524.04,282.10,542.17,360.00
50,2.000000,8,26,shovel,0.381020,228.57,243.92,248.67,295.18
50,2.000000,21,76,gloves,0.482260,405.06,167.94,418.30,195.65
51,2.040000,1,0,person,0.897870,309.98,68.15,393.13,292.31
51,2.040000,2,76,gloves,0.791762,438.70,189.34,453.60,213.43
51,2.040000,3,0,person,0.881224,404.05,86.90,458.54,295.82
51,2.040000,4,2,helmet,0.710299,420.43,88.03,448.32,109.97
51,2.040000,5,2,helmet,0.799807,345.96,69.19,372.77,87.25
51,2.040000,6,7,ladder,0.717753,241.31,72.29,361.04,309.85
51,2.040000,7,76,gloves,0.708992,369.19,154.12,379.31,166.62
51,2.040000,9,36,trash can,0.405588,524.15,282.04,542.21,360.00
51,2.040000,8,26,shovel,0.325786,228.41,244.03,248.52,295.21
51,2.040000,21,76,gloves,0.448617,405.61,167.74,418.34,194.25
52,2.080000,1,0,person,0.897137,310.00,68.19,393.10,292.34
52,2.080000,2,76,gloves,0.828770,441.29,187.00,455.96,210.75
52,2.080000,3,0,person,0.874427,403.95,86.81,458.56,295.77
52,2.080000,4,2,helmet,0.712314,421.18,87.99,448.60,109.49
52,2.080000,5,2,helmet,0.794936,345.88,69.22,372.47,87.10
52,2.080000,6,7,ladder,0.719538,241.30,72.19,361.02,309.85
52,2.080000,7,76,gloves,0.710531,369.12,154.10,379.29,166.63
52,2.080000,9,36,trash can,0.301781,524.15,281.86,542.16,360.00
52,2.080000,8,26,shovel,0.352411,228.33,243.94,248.49,295.20
52,2.080000,21,76,gloves,0.369661,404.72,167.77,418.54,196.43
53,2.120000,1,0,person,0.877327,309.94,68.08,392.99,292.20
53,2.120000,2,76,gloves,0.865922,443.31,184.94,457.93,208.61
53,2.120000,3,0,person,0.875365,404.08,86.89,458.83,295.68
53,2.120000,4,2,helmet,0.732724,421.52,87.86,449.47,109.79
53,2.120000,5,2,helmet,0.801241,345.62,69.23,372.24,87.09
53,2.120000,6,7,ladder,0.716656,241.26,72.30,360.93,309.86
53,2.120000,7,76,gloves,0.728167,369.07,154.14,379.25,166.66
53,2.120000,8,26,shovel,0.333694,228.35,244.04,248.51,295.21
53,2.120000,21,76,gloves,0.393198,405.67,167.59,417.57,191.71
54,2.160000,1,0,person,0.877110,310.07,68.02,393.07,292.23
54,2.160000,2,76,gloves,0.830266,444.59,183.16,459.28,206.99
54,2.160000,3,0,person,0.877260,404.28,87.16,459.18,295.53
54,2.160000,4,2,helmet,0.713585,421.94,87.95,449.43,109.47
54,2.160000,5,2,helmet,0.808219,345.44,69.21,372.06,87.06
54,2.160000,6,7,ladder,0.726114,241.13,72.32,360.76,309.87
54,2.160000,7,76,gloves,0.724544,369.02,154.16,379.17,166.64
54,2.160000,8,26,shovel,0.363086,228.28,244.07,248.45,295.23
54,2.160000,21,76,gloves,0.421574,406.15,167.27,417.36,189.34
55,2.200000,1,0,person,0.872620,310.00,68.06,392.88,292.23
55,2.200000,2,76,gloves,0.848772,445.50,181.79,460.22,205.69
55,2.200000,3,0,person,0.865493,404.35,87.03,459.56,295.47
55,2.200000,4,2,helmet,0.701204,422.11,87.89,449.60,109.36
55,2.200000,5,2,helmet,0.805596,345.28,69.26,371.79,87.00
55,2.200000,6,7,ladder,0.731186,241.14,72.35,360.72,309.87
55,2.200000,7,76,gloves,0.724880,369.01,154.17,379.14,166.64
55,2.200000,8,26,shovel,0.319028,228.24,244.06,248.44,295.25
55,2.200000,21,76,gloves,0.387418,406.13,167.43,417.04,188.18
56,2.240000,1,0,person,0.874253,309.53,68.10,392.43,292.25
56,2.240000,2,76,gloves,0.851176,445.78,181.26,460.60,205.37
56,2.240000,3,0,person,0.868844,404.45,86.97,459.93,295.43
56,2.240000,4,2,helmet,0.691853,422.58,87.84,449.60,108.80
56,2.240000,5,2,helmet,0.808801,345.08,69.27,371.58,86.94
56,2.240000,6,7,ladder,0.722436,241.21,72.41,360.75,309.88
56,2.240000,7,76,gloves,0.721442,369.00,154.17,379.14,166.64
56,2.240000,8,26,shovel,0.340473,228.25,244.08,248.45,295.26
56,2.240000,21,76,gloves,0.388246,406.14,167.27,417.34,187.81
57,2.280000,1,0,person,0.876493,309.32,68.21,392.23,292.27
57,2.280000,2,76,gloves,0.851136,445.98,181.22,460.88,205.44
57,2.280000,3,0,person,0.872987,404.51,86.85,460.32,295.43
57,2.280000,4,2,helmet,0.764187,421.45,87.63,451.08,110.78
57,2.280000,5,2,helmet,0.807969,344.87,69.34,371.44,87.01
57,2.280000,6,7,ladder,0.716814,241.26,72.44,360.79,309.88
57,2.280000,7,76,gloves,0.720487,369.01,154.17,379.14,166.64
57,2.280000,8,26,shovel,0.341568,228.26,244.08,248.47,295.26
57,2.280000,21,76,gloves,0.428359,405.85,167.04,417.66,188.01
58,2.320000,1,0,person,0.875855,309.32,68.24,392.15,292.31
58,2.320000,2,76,gloves,0.841438,446.04,181.63,460.75,205.46
58,2.320000,3,0,person,0.873751,404.53,87.03,460.55,295.46
58,2.320000,4,2,helmet,0.809526,421.08,87.61,451.53,111.50
58,2.320000,5,2,helmet,0.808137,344.58,69.36,371.28,87.06
58,2.320000,6,7,ladder,0.710675,241.16,72.44,360.65,309.87
58,2.320000,7,76,gloves,0.717564,369.01,154.17,379.14,166.64
58,2.320000,8,26,shovel,0.332038,228.14,244.11,248.37,295.24
59,2.360000,1,0,person,0.876545,309.05,68.26,391.85,292.24
59,2.360000,2,76,gloves,0.845905,445.65,182.39,460.08,205.75
59,2.360000,3,0,person,0.868433,404.46,87.08,460.62,295.44
59,2.360000,4,2,helmet,0.826779,421.50,87.54,451.50,111.05
59,2.360000,5,2,helmet,0.807839,344.47,69.36,371.23,87.06
59,2.360000,6,7,ladder,0.714333,241.02,72.36,360.50,309.83
59,2.360000,7,76,gloves,0.708702,369.01,154.17,379.14,166.63
59,2.360000,8,26,shovel,0.307629,228.11,244.12,248.37,295.24
59,2.360000,21,76,gloves,0.397527,405.31,167.50,418.24,189.87
60,2.400000,1,0,person,0.878820,308.97,68.26,391.77,292.21
60,2.400000,2,76,gloves,0.843909,445.02,183.27,459.59,206.80
60,2.400000,3,0,person,0.876761,404.30,86.99,460.66,295.51
60,2.400000,4,2,helmet,0.819214,420.85,87.54,451.66,111.72
60,2.400000,5,2,helmet,0.807526,344.42,69.36,371.23,87.06
60,2.400000,6,7,ladder,0.711909,240.98,72.35,360.43,309.84
60,2.400000,7,76,gloves,0.704449,369.02,154.16,379.14,166.63
60,2.400000,8,26,shovel,0.312516,227.94,244.14,248.23,295.24
60,2.400000,21,76,gloves,0.411558,404.93,167.56,418.76,191.00
61,2.440000,1,0,person,0.872433,309.07,68.48,391.70,292.03
61,2.440000,2,76,gloves,0.860528,444.56,184.08,458.98,207.34
61,2.440000,3,0,person,0.871858,404.36,87.10,460.82,295.47
61,2.440000,4,2,helmet,0.823168,420.66,87.63,451.69,112.06
61,2.440000,5,2,helmet,0.803266,344.42,69.42,371.24,87.08
61,2.440000,6,7,ladder,0.733644,240.79,71.99,360.41,309.91
61,2.440000,7,76,gloves,0.697999,368.96,154.34,379.06,166.77
61,2.440000,8,26,shovel,0.312211,227.83,244.15,248.15,295.25
61,2.440000,21,76,gloves,0.363160,404.90,167.53,419.01,190.91
62,2.480000,1,0,person,0.873687,309.07,68.56,391.67,292.02
62,2.480000,2,76,gloves,0.881087,443.16,184.46,457.79,208.18
62,2.480000,3,0,person,0.873797,404.37,87.07,461.03,295.47
62,2.480000,4,2,helmet,0.828641,419.95,87.66,450.55,111.65
62,2.480000,5,2,helmet,0.803717,344.40,69.45,371.26,87.09
62,2.480000,6,7,ladder,0.737293,240.76,71.89,360.40,309.91
62,2.480000,7,76,gloves,0.690113,368.94,154.40,379.04,166.83
62,2.480000,8,26,shovel,0.299090,227.79,244.15,248.15,295.26
62,2.480000,21,76,gloves,0.470499,404.41,167.33,419.96,192.86
63,2.520000,1,0,person,0.875302,308.66,68.64,391.33,292.00
63,2.520000,2,76,gloves,0.879806,442.07,184.70,456.95,209.13
63,2.520000,3,0,person,0.874103,404.27,87.36,461.07,295.51
63,2.520000,4,2,helmet,0.820076,419.22,87.93,450.23,112.20
63,2.520000,5,2,helmet,0.802105,344.40,69.46,371.28,87.07
63,2.520000,6,7,ladder,0.721579,240.72,72.00,360.26,309.91
63,2.520000,7,76,gloves,0.681024,368.94,154.42,379.03,166.84
63,2.520000,8,26,shovel,0.260051,227.66,244.18,248.03,295.29
63,2.520000,21,76,gloves,0.457234,404.30,167.31,420.32,193.28
64,2.560000,1,0,person,0.876720,308.50,68.73,391.22,291.97
64,2.560000,2,76,gloves,0.881659,441.16,185.90,455.74,210.17
64,2.560000,3,0,person,0.877573,404.29,87.57,461.20,295.47
64,2.560000,4,2,helmet,0.815469,418.78,88.21,449.58,112.27
64,2.560000,5,2,helmet,0.801763,344.42,69.46,371.36,87.07
64,2.560000,6,7,ladder,0.721973,240.71,72.01,360.21,309.93
64,2.560000,7,76,gloves,0.684182,368.90,154.36,379.02,166.83
64,2.560000,8,26,shovel,0.295615,227.63,244.19,248.01,295.29
64,2.560000,21,76,gloves,0.329201,403.47,167.23,421.65,196.82
65,2.600000,1,0,person,0.869638,308.43,68.57,391.18,292.13
65,2.600000,2,76,gloves,0.921074,440.38,186.58,454.84,210.85
65,2.600000,3,0,person,0.875773,404.12,87.42,461.14,295.45
65,2.600000,4,2,helmet,0.823290,418.43,88.12,449.94,112.73
65,2.600000,5,2,helmet,0.803263,344.49,69.45,371.42,87.02
65,2.600000,6,7,ladder,0.707731,240.66,72.08,360.12,310.00
65,2.600000,7,76,gloves,0.689397,368.91,154.41,379.09,166.99
65,2.600000,8,26,shovel,0.306723,227.52,244.20,247.94,295.28
65,2.600000,21,76,gloves,0.420553,404.08,167.14,421.29,194.86
66,2.640000,1,0,person,0.871745,308.43,68.51,391.20,292.33
66,2.640000,2,76,gloves,0.928338,439.63,186.94,454.34,211.83
66,2.640000,3,0,person,0.881311,404.03,87.35,461.09,295.42
66,2.640000,4,2,helmet,0.822572,418.40,88.05,449.98,112.70
66,2.640000,5,2,helmet,0.802088,344.59,69.45,371.54,87.00
66,2.640000,6,7,ladder,0.708627,240.66,72.10,360.08,310.03
66,2.640000,7,76,gloves,0.690737,368.93,154.42,379.10,167.03
66,2.640000,21,76,gloves,0.430796,404.73,167.14,420.94,192.93
67,2.680000,1,0,person,0.874214,308.46,68.44,391.16,292.33
67,2.680000,2,76,gloves,0.916149,439.15,187.40,453.85,212.52
67,2.680000,3,0,person,0.883381,403.84,87.05,460.98,295.41
67,2.680000,4,2,helmet,0.824905,418.26,87.83,450.09,112.65
67,2.680000,5,2,helmet,0.805444,344.62,69.40,371.69,87.01
67,2.680000,6,7,ladder,0.722704,240.65,72.08,360.03,309.99
67,2.680000,7,76,gloves,0.693949,368.80,154.39,378.92,167.00
67,2.680000,21,76,gloves,0.397873,404.12,167.11,421.50,194.74
68,2.720000,1,0,person,0.870507,308.29,68.47,390.99,292.35
68,2.720000,2,76,gloves,0.909737,438.36,187.69,453.29,213.36
68,2.720000,3,0,person,0.876567,403.76,87.10,460.85,295.42
68,2.720000,4,2,helmet,0.826862,418.86,87.85,450.48,112.58
68,2.720000,5,2,helmet,0.803452,344.63,69.38,371.75,87.01
68,2.720000,6,7,ladder,0.720005,240.64,72.06,359.99,310.04
68,2.720000,7,76,gloves,0.710202,368.72,154.38,378.80,166.95
68,2.720000,21,76,gloves,0.369590,404.10,167.11,421.46,194.63
69,2.760000,1,0,person,0.871983,308.29,68.33,390.99,292.33
69,2.760000,2,76,gloves,0.886560,437.82,188.25,452.66,213.91
69,2.760000,3,0,person,0.873349,403.54,87.21,460.52,295.45
69,2.760000,4,2,helmet,0.813406,419.37,88.00,451.22,112.97
69,2.760000,5,2,helmet,0.798376,344.62,69.23,371.92,86.99
69,2.760000,6,7,ladder,0.721050,240.66,72.09,359.97,310.07
69,2.760000,7,76,gloves,0.708861,368.70,154.38,378.75,166.94
69,2.760000,21,76,gloves,0.377290,403.96,167.12,421.57,195.04
70,2.800000,1,0,person,0.872024,308.38,68.38,391.05,292.43
70,2.800000,2,76,gloves,0.882557,437.17,188.47,452.08,214.28
70,2.800000,3,0,person,0.850697,403.82,87.36,460.57,295.46
70,2.800000,4,2,helmet,0.809096,419.58,88.05,451.41,113.06
70,2.800000,5,2,helmet,0.800600,344.13,69.19,372.02,87.40
70,2.800000,6,7,ladder,0.715337,240.59,72.08,359.84,310.01
70,2.800000,7,76,gloves,0.720062,368.69,154.38,378.73,166.93
71,2.840000,1,0,person,0.872169,308.41,68.39,391.04,292.46
71,2.840000,2,76,gloves,0.847008,436.15,190.07,450.57,215.25
71,2.840000,3,0,person,0.848810,403.89,87.52,460.38,295.54
71,2.840000,4,2,helmet,0.819203,419.33,88.02,452.74,114.54
71,2.840000,5,2,helmet,0.798881,343.96,69.17,372.01,87.55
71,2.840000,6,7,ladder,0.724078,240.46,72.09,359.67,310.07
71,2.840000,7,76,gloves,0.722284,368.70,154.38,378.72,166.94
72,2.880000,1,0,person,0.874889,308.54,68.39,391.05,292.22
72,2.880000,2,76,gloves,0.827342,434.22,190.33,448.85,216.08
72,2.880000,3,0,person,0.865282,404.04,87.76,460.31,295.60
72,2.880000,4,2,helmet,0.821707,419.61,88.00,453.43,115.04
72,2.880000,5,2,helmet,0.797595,343.89,69.06,372.07,87.59
72,2.880000,6,7,ladder,0.724093,240.44,72.06,359.59,310.01
72,2.880000,7,76,gloves,0.733579,368.65,154.40,378.67,166.96
72,2.880000,21,76,gloves,0.309752,402.63,167.67,424.29,202.96
73,2.920000,1,0,person,0.874573,308.66,68.40,391.12,292.14
73,2.920000,2,76,gloves,0.877106,432.21,190.63,446.87,216.57
73,2.920000,3,0,person,0.862629,404.32,88.04,460.31,295.62
73,2.920000,4,2,helmet,0.820476,419.91,88.00,453.63,115.16
73,2.920000,5,2,helmet,0.797729,343.90,69.02,372.07,87.61
73,2.920000,6,7,ladder,0.722253,240.46,72.09,359.55,310.01
73,2.920000,7,76,gloves,0.735583,368.63,154.40,378.65,166.97
74,2.960000,1,0,person,0.871622,308.62,68.33,391.13,292.38
74,2.960000,2,76,gloves,0.890268,430.11,191.59,444.30,216.70
74,2.960000,3,0,person,0.869424,404.25,88.20,460.04,295.64
74,2.960000,4,2,helmet,0.816774,420.05,88.03,453.97,115.56
74,2.960000,5,2,helmet,0.796314,343.88,69.05,371.96,87.64
74,2.960000,6,7,ladder,0.717012,240.34,72.17,359.32,309.93
74,2.960000,7,76,gloves,0.728924,368.58,154.47,378.51,166.94
75,3.000000,1,0,person,0.872105,308.69,68.31,391.16,292.45
75,3.000000,2,76,gloves,0.730285,427.99,192.54,441.75,216.87
75,3.000000,3,0,person,0.880034,404.26,88.26,459.89,295.73
75,3.000000,4,2,helmet,0.818228,420.79,88.05,453.57,114.72
75,3.000000,5,2,helmet,0.797272,343.91,69.06,371.89,87.63
75,3.000000,6,7,ladder,0.720101,240.33,72.29,359.24,309.94
75,3.000000,7,76,gloves,0.732196,368.57,154.49,378.46,166.92
76,3.040000,1,0,person,0.872163,308.72,68.28,391.15,292.47
76,3.040000,2,76,gloves,0.828552,425.96,191.90,440.02,216.59
76,3.040000,3,0,person,0.883667,404.27,88.33,459.72,295.70
76,3.040000,4,2,helmet,0.812070,420.96,88.10,453.74,114.87
76,3.040000,5,2,helmet,0.801598,343.85,69.04,371.86,87.66
76,3.040000,6,7,ladder,0.715569,240.35,72.35,359.21,309.94
76,3.040000,7,76,gloves,0.730154,368.56,154.50,378.44,166.92
77,3.080000,1,0,person,0.866193,308.55,68.24,390.93,292.33
77,3.080000,2,76,gloves,0.841963,424.63,191.15,439.16,216.28
77,3.080000,3,0,person,0.885313,404.14,88.31,459.51,295.72
77,3.080000,4,2,helmet,0.815149,421.08,88.18,453.79,114.99
77,3.080000,5,2,helmet,0.799205,343.87,69.03,371.76,87.62
77,3.080000,6,7,ladder,0.710956,240.36,73.11,358.93,310.02
77,3.080000,7,76,gloves,0.732254,368.51,154.51,378.33,166.86
78,3.120000,1,0,person,0.866290,308.53,68.23,390.87,292.26
78,3.120000,2,76,gloves,0.696391,423.15,190.32,438.33,216.23
78,3.120000,3,0,person,0.884038,404.03,88.19,459.37,295.73
78,3.120000,4,2,helmet,0.812907,421.30,88.20,453.80,114.95
78,3.120000,5,2,helmet,0.799283,343.89,69.04,371.71,87.61
78,3.120000,6,7,ladder,0.712015,240.36,73.40,358.84,310.05
78,3.120000,7,76,gloves,0.729360,368.50,154.52,378.28,166.84
79,3.160000,1,0,person,0.866703,308.31,68.29,390.72,292.37
79,3.160000,2,76,gloves,0.744220,421.16,189.93,436.55,216.04
79,3.160000,3,0,person,0.883279,404.04,87.97,459.37,295.69
79,3.160000,4,2,helmet,0.821292,421.25,88.21,454.30,115.60
79,3.160000,5,2,helmet,0.804614,343.80,69.04,371.76,87.75
79,3.160000,6,7,ladder,0.710313,240.47,73.50,359.00,310.08
79,3.160000,7,76,gloves,0.742713,368.42,154.54,378.28,166.95
80,3.200000,1,0,person,0.867045,308.57,68.22,390.97,292.49
80,3.200000,2,76,gloves,0.848811,420.10,190.01,435.29,215.75
80,3.200000,3,0,person,0.885208,404.05,87.93,459.32,295.60
80,3.200000,4,2,helmet,0.819271,421.38,88.26,454.48,115.87
80,3.200000,5,2,helmet,0.804612,343.74,69.06,371.62,87.74
80,3.200000,6,7,ladder,0.720111,240.58,73.63,359.15,310.07
80,3.200000,7,76,gloves,0.742445,368.40,154.55,378.27,166.99
81,3.240000,1,0,person,0.876053,308.68,68.22,391.00,292.42
81,3.240000,2,76,gloves,0.814726,419.47,189.76,434.77,215.77
81,3.240000,3,0,person,0.885803,404.02,87.98,459.26,295.59
81,3.240000,4,2,helmet,0.816239,421.94,88.31,454.47,115.56
81,3.240000,5,2,helmet,0.805790,343.70,69.07,371.74,87.89
81,3.240000,6,7,ladder,0.734024,240.45,73.53,359.09,309.99
81,3.240000,7,76,gloves,0.744175,368.29,154.56,378.27,167.14
82,3.280000,1,0,person,0.873797,308.76,68.23,391.00,292.46
82,3.280000,2,76,gloves,0.740603,419.13,189.99,434.17,215.63
82,3.280000,3,0,person,0.886840,404.00,87.90,459.25,295.62
82,3.280000,4,2,helmet,0.816303,422.22,88.33,454.43,115.43
82,3.280000,5,2,helmet,0.802487,343.71,69.10,371.69,87.90
82,3.280000,6,7,ladder,0.714462,240.48,73.56,359.19,309.99
82,3.280000,7,76,gloves,0.741466,368.24,154.61,378.20,167.18
83,3.320000,1,0,person,0.872640,308.61,68.23,390.80,292.51
83,3.320000,2,76,gloves,0.686769,419.06,190.50,433.71,215.55
83,3.320000,3,0,person,0.884507,404.01,87.86,459.25,295.65
83,3.320000,4,2,helmet,0.815190,422.26,88.33,454.48,115.56
83,3.320000,5,2,helmet,0.802179,343.61,69.11,371.66,87.96
83,3.320000,6,7,ladder,0.708235,240.41,73.71,359.12,309.95
83,3.320000,7,76,gloves,0.737233,368.22,154.63,378.17,167.20
83,3.320000,26,76,gloves,0.511015,419.53,181.59,443.26,215.47
84,3.360000,1,0,person,0.873967,308.61,68.24,390.66,292.27
84,3.360000,2,76,gloves,0.697676,419.09,190.71,433.56,215.52
84,3.360000,3,0,person,0.887777,404.02,87.86,459.23,295.66
84,3.360000,4,2,helmet,0.815854,422.31,88.33,454.45,115.61
84,3.360000,5,2,helmet,0.801379,343.58,69.11,371.65,87.97
84,3.360000,6,7,ladder,0.710148,240.24,73.79,358.95,309.95
84,3.360000,7,76,gloves,0.751766,368.23,154.61,378.23,167.24
84,3.360000,26,76,gloves,0.470634,419.56,181.74,443.19,215.48
85,3.400000,1,0,person,0.868715,308.61,68.27,390.58,292.18
85,3.400000,2,76,gloves,0.704670,419.13,190.80,433.52,215.51
85,3.400000,3,0,person,0.888861,404.02,87.85,459.22,295.67
85,3.400000,4,2,helmet,0.816553,422.36,88.33,454.39,115.62
85,3.400000,5,2,helmet,0.801915,343.57,69.11,371.64,87.98
85,3.400000,6,7,ladder,0.709683,240.11,73.52,358.97,309.96
85,3.400000,7,76,gloves,0.752159,368.19,154.61,378.16,167.23
85,3.400000,26,76,gloves,0.451931,419.57,181.80,443.16,215.48
86,3.440000,1,0,person,0.879161,309.06,68.60,390.72,292.16
86,3.440000,2,76,gloves,0.698386,419.14,190.50,433.80,215.66
86,3.440000,3,0,person,0.892908,403.97,87.92,459.16,295.66
86,3.440000,4,2,helmet,0.815993,422.39,88.34,454.30,115.62
86,3.440000,5,2,helmet,0.796249,343.48,69.41,371.22,88.03
86,3.440000,6,7,ladder,0.691094,240.06,73.45,358.96,309.94
86,3.440000,7,76,gloves,0.747779,368.14,154.50,378.16,167.21
86,3.440000,26,76,gloves,0.414906,419.52,182.17,442.99,215.65
87,3.480000,1,0,person,0.888730,308.77,68.66,390.37,292.22
87,3.480000,2,76,gloves,0.738319,419.15,190.43,433.86,215.72
87,3.480000,3,0,person,0.890629,403.94,88.11,459.09,295.68
87,3.480000,4,2,helmet,0.815348,422.23,88.58,454.40,116.20
87,3.480000,5,2,helmet,0.795313,343.50,69.53,371.14,88.05
87,3.480000,6,7,ladder,0.712032,240.08,73.59,358.89,309.85
87,3.480000,7,76,gloves,0.744913,368.14,154.46,378.16,167.20
87,3.480000,26,76,gloves,0.298162,419.51,182.26,442.96,215.71
88,3.520000,1,0,person,0.887392,308.70,68.70,390.23,292.18
88,3.520000,2,76,gloves,0.778151,419.34,190.63,433.99,215.95
88,3.520000,3,0,person,0.879768,404.04,88.19,459.17,295.67
88,3.520000,4,2,helmet,0.816374,422.48,88.56,454.13,115.78
88,3.520000,5,2,helmet,0.799155,343.47,69.57,371.10,88.05
88,3.520000,6,7,ladder,0.700610,240.08,73.37,359.01,309.84
88,3.520000,7,76,gloves,0.735102,368.20,154.32,378.15,167.01
88,3.520000,26,76,gloves,0.348307,419.68,182.36,443.21,215.93
89,3.560000,1,0,person,0.904231,308.69,68.81,390.15,292.28
89,3.560000,2,76,gloves,0.853382,419.47,190.48,434.48,216.35
89,3.560000,3,0,person,0.895771,403.93,88.35,459.07,295.68
89,3.560000,4,2,helmet,0.815572,423.10,88.64,454.07,115.31
89,3.560000,5,2,helmet,0.799015,343.45,69.60,371.10,88.07
89,3.560000,6,7,ladder,0.700745,239.96,73.27,359.01,309.85
89,3.560000,7,76,gloves,0.741327,368.22,154.28,378.13,166.95
90,3.600000,1,0,person,0.899564,308.59,68.82,389.96,292.15
90,3.600000,2,76,gloves,0.823584,419.84,190.91,434.86,216.46
90,3.600000,3,0,person,0.895642,403.92,88.34,459.09,295.68
90,3.600000,4,2,helmet,0.820585,423.21,88.70,453.79,115.03
90,3.600000,5,2,helmet,0.797981,343.46,69.61,371.07,88.02
90,3.600000,6,7,ladder,0.713320,239.64,73.24,358.71,309.92
90,3.600000,7,76,gloves,0.739577,368.24,154.26,378.12,166.91
91,3.640000,1,0,person,0.892111,308.92,68.93,390.05,291.91
91,3.640000,2,76,gloves,0.881290,420.45,190.68,435.89,216.59
91,3.640000,3,0,person,0.885987,403.91,88.51,459.07,295.67
91,3.640000,4,2,helmet,0.814978,422.71,88.89,453.06,114.91
91,3.640000,5,2,helmet,0.795496,343.44,69.60,371.08,88.01
91,3.640000,6,7,ladder,0.705678,239.46,73.29,358.52,309.95
91,3.640000,7,76,gloves,0.739880,368.25,154.26,378.12,166.91
92,3.680000,1,0,person,0.884115,308.79,68.88,389.90,291.89
92,3.680000,2,76,gloves,0.881841,421.74,190.80,437.26,216.62
92,3.680000,3,0,person,0.881733,403.92,88.59,459.09,295.66
92,3.680000,4,2,helmet,0.817348,422.06,88.92,452.39,114.84
92,3.680000,5,2,helmet,0.796393,343.41,69.60,371.11,88.02
92,3.680000,6,7,ladder,0.697895,239.43,73.32,358.48,309.95
92,3.680000,7,76,gloves,0.742687,368.26,154.26,378.11,166.90
93,3.720000,1,0,person,0.893382,308.75,68.92,389.82,291.91
93,3.720000,2,76,gloves,0.885569,423.28,191.33,438.58,216.36
93,3.720000,3,0,person,0.879308,403.93,88.65,459.10,295.63
93,3.720000,4,2,helmet,0.813745,421.73,88.94,452.00,114.69
93,3.720000,5,2,helmet,0.800506,343.34,69.58,371.15,88.08
93,3.720000,6,7,ladder,0.723342,239.03,72.45,358.39,309.87
93,3.720000,7,76,gloves,0.732475,368.34,154.17,378.26,166.95
94,3.760000,1,0,person,0.886642,308.80,68.76,389.98,292.15
94,3.760000,2,76,gloves,0.847239,424.89,191.39,440.13,216.02
94,3.760000,3,0,person,0.873650,403.88,88.71,459.03,295.59
94,3.760000,4,2,helmet,0.816864,421.36,88.96,451.91,114.89
94,3.760000,5,2,helmet,0.803667,343.37,69.50,371.11,87.93
94,3.760000,6,7,ladder,0.722929,239.22,72.96,358.37,309.94
94,3.760000,7,76,gloves,0.734384,368.37,154.14,378.31,166.98
95,3.800000,1,0,person,0.888690,308.78,68.70,389.98,292.09
95,3.800000,2,76,gloves,0.892396,426.52,190.46,441.75,215.11
95,3.800000,3,0,person,0.864344,403.63,88.58,458.72,295.51
95,3.800000,4,2,helmet,0.828022,420.99,88.82,451.99,115.11
95,3.800000,5,2,helmet,0.808734,343.31,69.39,371.16,87.87
95,3.800000,6,7,ladder,0.719067,239.13,73.05,358.24,310.00
95,3.800000,7,76,gloves,0.729069,368.39,154.13,378.32,166.99
96,3.840000,1,0,person,0.887635,308.92,68.59,390.14,292.23
96,3.840000,2,76,gloves,0.895687,428.34,189.39,444.08,214.69
96,3.840000,3,0,person,0.840584,403.44,88.35,458.52,295.43
96,3.840000,4,2,helmet,0.823855,420.72,88.73,452.10,115.38
96,3.840000,5,2,helmet,0.809389,343.28,69.35,371.19,87.84
96,3.840000,6,7,ladder,0.712160,239.12,73.11,358.15,309.99
96,3.840000,7,76,gloves,0.729957,368.40,154.13,378.32,166.99
97,3.880000,1,0,person,0.884344,309.02,68.63,390.21,292.21
97,3.880000,2,76,gloves,0.897387,429.47,189.40,445.07,214.30
97,3.880000,3,0,person,0.839539,403.36,88.17,458.33,295.34
97,3.880000,4,2,helmet,0.831491,420.38,88.64,452.41,115.93
97,3.880000,5,2,helmet,0.808226,343.48,69.32,371.22,87.64
97,3.880000,6,7,ladder,0.728426,239.04,72.95,358.10,309.97
97,3.880000,7,76,gloves,0.734276,368.45,153.98,378.50,167.08
98,3.920000,1,0,person,0.881872,309.06,68.63,390.26,292.29
98,3.920000,2,76,gloves,0.883828,430.25,189.65,445.81,214.50
98,3.920000,3,0,person,0.836021,403.33,88.09,458.17,295.29
98,3.920000,4,2,helmet,0.833070,420.27,88.60,452.51,116.19
98,3.920000,5,2,helmet,0.808346,343.53,69.31,371.25,87.57
98,3.920000,6,7,ladder,0.710126,239.04,72.90,358.08,309.97
98,3.920000,7,76,gloves,0.736429,368.49,153.92,378.56,167.10
99,3.960000,1,0,person,0.879820,309.41,68.54,390.56,292.41
99,3.960000,2,76,gloves,0.873529,430.84,190.20,446.21,214.85
99,3.960000,3,0,person,0.835338,403.21,88.04,457.97,295.29
99,3.960000,4,2,helmet,0.831122,420.38,88.58,452.41,116.06
99,3.960000,5,2,helmet,0.807213,343.36,69.30,371.29,87.68
99,3.960000,6,7,ladder,0.724830,239.06,72.94,358.07,309.99
99,3.960000,7,76,gloves,0.736179,368.51,153.90,378.57,167.12
100,4.000000,1,0,person,0.881329,309.40,68.41,390.39,292.02
100,4.000000,2,76,gloves,0.886234,430.25,190.55,445.55,215.60
100,4.000000,3,0,person,0.823523,403.16,88.04,457.82,295.31
100,4.000000,4,2,helmet,0.827832,420.46,88.58,452.33,115.98
100,4.000000,5,2,helmet,0.803534,343.21,69.19,371.40,87.74
100,4.000000,6,7,ladder,0.737387,239.20,72.98,358.28,310.10
100,4.000000,7,76,gloves,0.726738,368.70,153.98,378.72,167.14
101,4.040000,1,0,person,0.884669,309.33,68.39,390.26,291.81
101,4.040000,2,76,gloves,0.846443,427.97,191.02,443.93,216.94
101,4.040000,3,0,person,0.820213,403.10,87.87,457.72,295.37
101,4.040000,4,2,helmet,0.828803,420.21,88.58,452.16,116.12
101,4.040000,5,2,helmet,0.801857,343.14,69.18,371.33,87.74
101,4.040000,6,7,ladder,0.732687,239.33,73.04,358.46,310.13
101,4.040000,7,76,gloves,0.724429,368.77,154.02,378.78,167.15
102,4.080000,1,0,person,0.882178,309.20,68.29,390.16,291.87
102,4.080000,3,0,person,0.831947,402.77,87.71,457.36,295.42
102,4.080000,4,2,helmet,0.829437,420.16,88.58,452.06,116.14
102,4.080000,5,2,helmet,0.802033,343.26,69.18,371.14,87.49
102,4.080000,6,7,ladder,0.749752,239.46,73.09,358.67,310.17
102,4.080000,7,76,gloves,0.724837,368.79,154.03,378.80,167.16
102,4.080000,26,76,gloves,0.808489,422.42,192.83,442.27,220.43
103,4.120000,1,0,person,0.883821,309.00,68.25,389.99,291.78
103,4.120000,3,0,person,0.837680,402.80,88.09,457.23,295.48
103,4.120000,4,2,helmet,0.828413,420.18,88.80,451.44,115.75
103,4.120000,5,2,helmet,0.800694,343.33,69.18,371.11,87.38
103,4.120000,6,7,ladder,0.752594,239.51,73.07,358.83,310.21
103,4.120000,7,76,gloves,0.724084,368.94,154.12,378.94,167.20
103,4.120000,26,76,gloves,0.894553,421.83,195.46,441.10,221.71
104,4.160000,1,0,person,0.882108,308.93,68.15,389.99,291.75
104,4.160000,3,0,person,0.836060,402.96,88.18,457.34,295.55
104,4.160000,4,2,helmet,0.830796,419.31,88.88,450.85,115.97
104,4.160000,5,2,helmet,0.806381,342.98,69.08,370.95,87.38
104,4.160000,6,7,ladder,0.746522,239.36,73.08,358.74,310.22
104,4.160000,7,76,gloves,0.723394,368.98,154.16,379.00,167.22
104,4.160000,26,76,gloves,0.830171,421.54,193.68,443.38,223.07
105,4.200000,1,0,person,0.883060,308.89,68.12,389.99,291.74
105,4.200000,3,0,person,0.835920,402.96,88.22,457.28,295.48
105,4.200000,4,2,helmet,0.827087,419.42,88.90,450.65,115.61
105,4.200000,5,2,helmet,0.804363,342.73,69.04,370.80,87.41
105,4.200000,6,7,ladder,0.750016,239.29,73.05,358.78,310.19
105,4.200000,7,76,gloves,0.720950,368.98,154.18,379.03,167.22
105,4.200000,26,76,gloves,0.709192,422.56,195.54,443.64,223.85
106,4.240000,1,0,person,0.882487,308.84,68.03,390.01,291.73
106,4.240000,3,0,person,0.836466,402.97,88.10,457.32,295.55
106,4.240000,4,2,helmet,0.828958,419.69,88.85,450.51,115.05
106,4.240000,5,2,helmet,0.807574,342.33,68.88,370.73,87.51
106,4.240000,6,7,ladder,0.752448,239.28,73.03,358.86,310.21
106,4.240000,7,76,gloves,0.718829,368.98,154.18,379.05,167.23
106,4.240000,26,76,gloves,0.851547,423.29,196.30,444.17,224.40
107,4.280000,1,0,person,0.882015,309.02,68.00,390.12,291.56
107,4.280000,3,0,person,0.830414,402.96,88.11,457.26,295.52
107,4.280000,4,2,helmet,0.843520,420.25,88.86,450.78,114.67
107,4.280000,5,2,helmet,0.816209,341.94,68.80,370.39,87.47
107,4.280000,6,7,ladder,0.751765,239.24,73.36,358.73,310.19
107,4.280000,7,76,gloves,0.708760,369.04,154.18,379.12,167.23
107,4.280000,26,76,gloves,0.872535,424.22,197.66,444.04,224.37
108,4.320000,1,0,person,0.880524,309.17,68.00,390.28,291.50
108,4.320000,3,0,person,0.827912,402.80,87.95,457.06,295.41
108,4.320000,4,2,helmet,0.828286,421.00,88.61,451.21,114.03
108,4.320000,5,2,helmet,0.812736,341.58,68.77,369.97,87.47
108,4.320000,6,7,ladder,0.744029,239.17,73.48,358.65,310.20
108,4.320000,7,76,gloves,0.715785,369.04,154.19,379.12,167.23
108,4.320000,26,76,gloves,0.874141,424.67,197.12,444.52,224.16
109,4.360000,1,0,person,0.878497,309.20,68.02,390.32,291.49
109,4.360000,3,0,person,0.818300,402.84,87.80,457.11,295.48
109,4.360000,4,2,helmet,0.825062,422.13,88.45,451.60,113.08
109,4.360000,5,2,helmet,0.815768,341.26,68.77,369.82,87.64
109,4.360000,6,7,ladder,0.730936,239.37,73.36,358.98,310.11
109,4.360000,7,76,gloves,0.684663,369.20,153.99,379.43,167.24
109,4.360000,26,76,gloves,0.880175,425.01,196.39,444.53,223.27
110,4.400000,1,0,person,0.879608,309.22,67.89,390.46,291.52
110,4.400000,3,0,person,0.833622,402.79,87.73,457.00,295.48
110,4.400000,4,2,helmet,0.803332,422.24,88.24,452.26,113.28
110,4.400000,5,2,helmet,0.817305,341.07,68.59,369.93,87.69
110,4.400000,6,7,ladder,0.730675,239.37,73.29,359.08,310.03
110,4.400000,7,76,gloves,0.692051,369.21,154.05,379.39,167.25
110,4.400000,26,76,gloves,0.829963,425.19,193.79,445.63,222.47
111,4.440000,1,0,person,0.880647,309.21,67.84,390.57,291.65
111,4.440000,3,0,person,0.835188,402.78,87.67,456.91,295.43
111,4.440000,4,2,helmet,0.803982,422.43,88.24,452.67,113.41
111,4.440000,5,2,helmet,0.817170,341.02,68.52,369.96,87.72
111,4.440000,6,7,ladder,0.730858,239.25,73.22,359.07,310.04
111,4.440000,7,76,gloves,0.691658,369.27,153.94,379.52,167.25
111,4.440000,26,76,gloves,0.830247,424.93,193.97,444.23,221.79
112,4.480000,1,0,person,0.877879,309.25,67.86,390.62,291.55
112,4.480000,3,0,person,0.839047,402.88,87.69,456.95,295.46
112,4.480000,4,2,helmet,0.797206,422.55,88.19,452.81,113.32
112,4.480000,5,2,helmet,0.822736,340.52,68.54,369.44,87.86
112,4.480000,6,7,ladder,0.744686,239.15,73.15,359.03,309.98
112,4.480000,7,76,gloves,0.695586,369.29,153.90,379.57,167.25
112,4.480000,26,76,gloves,0.863677,424.68,193.04,443.57,220.73
113,4.520000,1,0,person,0.877210,309.42,67.88,390.77,291.51
113,4.520000,3,0,person,0.838957,402.90,87.84,456.87,295.41
113,4.520000,4,2,helmet,0.800025,422.62,88.38,453.00,113.56
113,4.520000,5,2,helmet,0.817705,340.38,68.55,369.16,87.92
113,4.520000,6,7,ladder,0.729641,239.12,73.25,359.02,309.99
113,4.520000,7,76,gloves,0.693114,369.30,153.88,379.58,167.25
113,4.520000,26,76,gloves,0.877033,424.16,191.84,442.97,219.79
114,4.560000,1,0,person,0.893297,309.10,67.81,390.66,291.79
114,4.560000,3,0,person,0.853442,402.67,88.07,456.61,295.45
114,4.560000,4,2,helmet,0.800621,422.49,88.55,453.11,113.90
114,4.560000,5,2,helmet,0.812170,340.25,68.41,369.09,87.96
114,4.560000,6,7,ladder,0.750513,239.11,73.20,359.05,309.92
114,4.560000,7,76,gloves,0.692814,369.31,153.89,379.58,167.25
114,4.560000,26,76,gloves,0.792369,423.96,191.09,442.49,218.63
115,4.600000,1,0,person,0.870613,309.21,67.82,390.70,291.53
115,4.600000,3,0,person,0.853666,402.48,88.01,456.45,295.40
115,4.600000,4,2,helmet,0.814574,422.54,88.56,453.14,113.89
115,4.600000,5,2,helmet,0.813605,340.29,68.35,368.98,87.92
115,4.600000,6,7,ladder,0.756747,239.00,72.99,359.09,309.91
115,4.600000,7,76,gloves,0.697063,369.31,153.89,379.59,167.24
115,4.600000,26,76,gloves,0.812967,423.36,190.73,441.48,217.55
116,4.640000,1,0,person,0.870839,309.20,67.79,390.75,291.60
116,4.640000,3,0,person,0.851229,402.45,88.12,456.42,295.47
116,4.640000,4,2,helmet,0.823842,422.92,88.62,453.24,113.68
116,4.640000,5,2,helmet,0.813028,340.36,68.33,368.89,87.91
116,4.640000,6,7,ladder,0.747723,238.93,73.07,359.07,310.00
116,4.640000,7,76,gloves,0.706966,369.37,153.92,379.63,167.24
116,4.640000,26,76,gloves,0.741415,422.45,190.93,439.96,216.67
116,4.640000,31,9,traffic cone,0.322327,225.52,261.23,241.59,294.84
117,4.680000,1,0,person,0.874398,308.62,67.77,390.36,291.70
117,4.680000,3,0,person,0.848940,402.37,88.19,456.32,295.47
117,4.680000,4,2,helmet,0.823495,423.03,88.63,453.31,113.61
117,4.680000,5,2,helmet,0.811482,340.56,68.34,368.79,87.79
117,4.680000,6,7,ladder,0.745245,238.74,72.94,358.94,310.05
117,4.680000,7,76,gloves,0.705189,369.35,153.91,379.62,167.23
117,4.680000,26,76,gloves,0.843559,422.38,190.86,439.82,215.97
117,4.680000,31,9,traffic cone,0.299113,225.43,261.15,241.54,294.82
118,4.720000,1,0,person,0.870835,308.16,67.77,390.07,291.60
118,4.720000,3,0,person,0.843916,402.33,88.28,456.27,295.47
118,4.720000,4,2,helmet,0.824079,423.14,88.64,453.46,113.64
118,4.720000,5,2,helmet,0.811486,340.53,68.33,368.76,87.87
118,4.720000,6,7,ladder,0.747863,238.64,72.72,358.93,310.07
118,4.720000,7,76,gloves,0.702984,369.33,153.90,379.59,167.24
118,4.720000,26,76,gloves,0.870346,423.29,191.31,440.20,215.36
118,4.720000,31,9,traffic cone,0.274239,225.35,261.12,241.46,294.81
118,4.720000,32,16,bottle,0.393125,105.75,307.80,118.01,359.63
119,4.760000,1,0,person,0.870852,307.85,67.77,389.93,291.49
119,4.760000,3,0,person,0.842231,402.35,88.25,456.34,295.51
119,4.760000,4,2,helmet,0.819209,423.12,88.65,453.52,113.74
119,4.760000,5,2,helmet,0.839908,340.64,68.38,368.68,87.86
119,4.760000,6,7,ladder,0.736750,238.57,72.62,358.86,310.10
119,4.760000,7,76,gloves,0.701714,369.32,153.90,379.58,167.24
119,4.760000,26,76,gloves,0.815285,424.85,191.99,441.46,215.48
119,4.760000,31,9,traffic cone,0.318698,225.37,261.10,241.50,294.82
119,4.760000,32,16,bottle,0.363542,105.72,307.74,118.01,359.63
120,4.800000,1,0,person,0.871995,307.67,67.75,390.00,291.69
120,4.800000,3,0,person,0.841953,402.36,88.20,456.38,295.53
120,4.800000,4,2,helmet,0.817660,423.08,88.68,453.54,113.83
120,4.800000,5,2,helmet,0.820610,340.65,68.39,368.56,87.85
120,4.800000,6,7,ladder,0.742464,238.54,72.53,358.82,310.10
120,4.800000,7,76,gloves,0.700452,369.31,153.90,379.57,167.24
120,4.800000,26,76,gloves,0.805979,427.04,192.01,443.86,215.73
120,4.800000,31,9,traffic cone,0.313928,225.38,261.09,241.51,294.82
120,4.800000,32,16,bottle,0.303656,105.69,307.86,117.97,359.63
121,4.840000,1,0,person,0.870460,307.55,67.75,390.07,291.71
121,4.840000,3,0,person,0.834993,402.44,88.16,456.47,295.51
121,4.840000,4,2,helmet,0.817698,423.07,88.69,453.54,113.87
121,4.840000,5,2,helmet,0.822099,340.69,68.40,368.50,87.86
121,4.840000,6,7,ladder,0.734799,238.45,72.52,358.69,310.13
121,4.840000,7,76,gloves,0.702361,369.31,153.90,379.57,167.25
121,4.840000,31,9,traffic cone,0.282487,225.34,261.11,241.45,294.81
121,4.840000,2,76,gloves,0.842094,431.49,191.05,447.09,216.16
122,4.880000,1,0,person,0.872124,307.30,67.69,390.04,291.70
122,4.880000,3,0,person,0.856042,402.42,88.11,456.49,295.47
122,4.880000,4,2,helmet,0.817516,423.01,88.59,453.60,113.88
122,4.880000,5,2,helmet,0.815171,340.66,68.33,368.40,87.80
122,4.880000,6,7,ladder,0.736399,238.42,72.48,358.64,310.17
122,4.880000,7,76,gloves,0.702841,369.31,153.90,379.57,167.25
122,4.880000,31,9,traffic cone,0.348537,225.22,261.10,241.32,294.79
122,4.880000,2,76,gloves,0.853360,433.10,189.43,449.25,215.92
123,4.920000,1,0,person,0.873455,307.27,67.67,390.18,291.65
123,4.920000,3,0,person,0.857473,402.41,88.02,456.51,295.27
123,4.920000,4,2,helmet,0.821967,423.30,88.47,453.74,113.64
123,4.920000,5,2,helmet,0.814149,340.68,68.30,368.35,87.78
123,4.920000,6,7,ladder,0.733020,238.38,72.45,358.54,310.16
123,4.920000,7,76,gloves,0.700935,369.31,153.90,379.57,167.26
123,4.920000,31,9,traffic cone,0.337593,225.16,261.09,241.26,294.80
123,4.920000,2,76,gloves,0.871080,435.02,189.03,450.72,215.36
124,4.960000,1,0,person,0.875191,307.25,67.67,390.34,291.77
124,4.960000,3,0,person,0.855734,402.52,88.09,456.68,295.22
124,4.960000,4,2,helmet,0.826628,423.56,88.51,454.04,113.75
124,4.960000,5,2,helmet,0.814808,340.69,68.29,368.24,87.76
124,4.960000,6,7,ladder,0.740539,238.39,72.45,358.48,310.10
124,4.960000,7,76,gloves,0.693788,369.31,153.90,379.57,167.26
124,4.960000,31,9,traffic cone,0.317235,225.11,261.09,241.20,294.79
124,4.960000,2,76,gloves,0.853297,435.80,188.79,451.28,215.01
125,5.000000,1,0,person,0.871140,307.15,67.63,390.45,291.96
125,5.000000,3,0,person,0.854633,402.58,87.96,456.94,295.41
125,5.000000,4,2,helmet,0.823994,423.83,88.43,454.37,113.77
125,5.000000,5,2,helmet,0.813558,340.70,68.26,368.21,87.74
125,5.000000,6,7,ladder,0.732593,238.29,72.44,358.33,310.12
125,5.000000,7,76,gloves,0.700382,369.31,153.91,379.57,167.28
125,5.000000,31,9,traffic cone,0.333879,224.94,261.03,241.04,294.78
125,5.000000,2,76,gloves,0.838844,434.84,188.62,450.52,215.26
126,5.040000,1,0,person,0.870319,307.03,67.61,390.50,292.05
126,5.040000,3,0,person,0.864898,402.66,88.01,457.09,295.53
126,5.040000,4,2,helmet,0.827962,424.15,88.39,454.62,113.73
126,5.040000,5,2,helmet,0.811738,340.84,68.25,368.07,87.56
126,5.040000,6,7,ladder,0.740159,238.33,72.42,358.33,310.12
126,5.040000,7,76,gloves,0.702781,369.31,153.92,379.56,167.28
126,5.040000,31,9,traffic cone,0.331850,224.89,260.98,241.02,294.74
126,5.040000,26,76,gloves,0.871423,430.75,189.85,448.48,214.97
127,5.080000,1,0,person,0.867689,307.04,67.60,390.62,292.09
127,5.080000,3,0,person,0.853836,402.63,87.90,457.19,295.55
127,5.080000,4,2,helmet,0.827314,424.28,88.37,454.69,113.73
127,5.080000,5,2,helmet,0.809647,340.91,68.25,368.00,87.50
127,5.080000,6,7,ladder,0.731493,238.39,72.44,358.35,310.10
127,5.080000,7,76,gloves,0.697536,369.30,153.92,379.56,167.29
127,5.080000,31,9,traffic cone,0.352482,224.87,260.95,241.04,294.75
127,5.080000,26,76,gloves,0.777492,429.22,190.08,446.67,214.99
128,5.120000,1,0,person,0.864269,306.75,67.60,390.46,292.11
128,5.120000,3,0,person,0.877725,402.90,88.17,457.41,295.39
128,5.120000,4,2,helmet,0.830642,424.04,88.33,454.98,114.16
128,5.120000,5,2,helmet,0.807668,340.69,68.27,368.07,87.74
128,5.120000,6,7,ladder,0.782193,238.99,72.28,358.86,309.71
128,5.120000,7,76,gloves,0.707424,369.28,153.36,379.64,166.87
128,5.120000,31,9,traffic cone,0.418903,224.59,260.75,240.88,294.89
128,5.120000,26,76,gloves,0.928861,427.61,189.94,445.38,215.26
128,5.120000,33,0,person,0.692319,104.34,81.54,150.06,357.83
129,5.160000,1,0,person,0.861960,306.77,67.59,390.58,292.15
129,5.160000,3,0,person,0.879669,403.08,88.14,457.70,295.36
129,5.160000,4,2,helmet,0.832971,424.21,88.27,454.98,113.95
129,5.160000,5,2,helmet,0.816715,340.92,68.33,367.90,87.54
129,5.160000,6,7,ladder,0.754766,239.15,72.24,359.04,309.68
129,5.160000,7,76,gloves,0.704139,369.18,153.15,379.54,166.68
129,5.160000,31,9,traffic cone,0.407979,224.47,260.78,240.79,295.02
129,5.160000,26,76,gloves,0.924036,425.98,190.03,443.82,215.27
129,5.160000,33,0,person,0.751237,104.91,73.56,152.34,359.38
129,5.160000,32,16,bottle,0.688979,104.43,305.66,117.24,359.58
130,5.200000,1,0,person,0.861548,306.94,67.60,390.81,292.17
130,5.200000,3,0,person,0.881760,403.23,88.11,457.99,295.34
130,5.200000,4,2,helmet,0.828044,424.51,88.27,455.37,114.01
130,5.200000,5,2,helmet,0.816579,340.97,68.36,367.76,87.47
130,5.200000,6,7,ladder,0.753252,239.24,72.27,359.15,309.70
130,5.200000,7,76,gloves,0.710073,369.15,153.08,379.50,166.61
130,5.200000,31,9,traffic cone,0.399130,224.44,260.79,240.75,295.06
130,5.200000,26,76,gloves,0.918617,424.99,190.05,442.81,215.08
130,5.200000,33,0,person,0.707047,106.86,71.31,155.06,359.63
130,5.200000,32,16,bottle,0.669928,104.36,305.75,117.25,359.66
131,5.240000,1,0,person,0.862802,306.51,67.64,390.55,292.21
131,5.240000,3,0,person,0.887891,403.15,87.99,458.09,295.35
131,5.240000,4,2,helmet,0.826661,424.86,88.25,455.58,113.89
131,5.240000,5,2,helmet,0.810035,340.90,68.40,367.71,87.55
131,5.240000,6,7,ladder,0.748602,239.08,72.07,359.10,309.73
131,5.240000,7,76,gloves,0.704191,369.07,153.09,379.34,166.52
131,5.240000,31,9,traffic cone,0.353794,224.40,260.78,240.68,295.04
131,5.240000,26,76,gloves,0.912853,424.23,190.17,442.10,215.09
131,5.240000,33,0,person,0.795388,111.27,71.82,160.32,360.00
131,5.240000,32,16,bottle,0.686966,104.32,306.29,117.14,359.69
132,5.280000,1,0,person,0.864978,306.28,67.63,390.49,292.21
132,5.280000,3,0,person,0.892847,403.08,87.83,458.21,295.37
132,5.280000,4,2,helmet,0.824685,425.40,88.26,455.87,113.63
132,5.280000,5,2,helmet,0.812755,340.96,68.39,367.61,87.43
132,5.280000,6,7,ladder,0.743439,239.02,71.98,359.08,309.72
132,5.280000,7,76,gloves,0.703272,369.03,153.10,379.27,166.49
132,5.280000,31,9,traffic cone,0.324299,224.39,260.79,240.64,295.03
132,5.280000,26,76,gloves,0.920609,424.18,190.20,442.27,215.22
132,5.280000,33,0,person,0.840371,114.03,73.04,164.17,360.00
132,5.280000,32,16,bottle,0.670652,104.23,306.92,116.98,359.67
133,5.320000,1,0,person,0.860829,306.72,67.63,390.94,292.21
133,5.320000,3,0,person,0.891890,402.93,87.73,458.21,295.40
133,5.320000,4,2,helmet,0.829095,425.70,88.18,456.17,113.50
133,5.320000,5,2,helmet,0.812899,340.99,68.39,367.56,87.38
133,5.320000,6,7,ladder,0.740620,239.01,72.23,358.95,309.70
133,5.320000,7,76,gloves,0.719473,368.90,153.18,379.06,166.45
133,5.320000,31,9,traffic cone,0.274188,224.36,260.80,240.58,295.03
133,5.320000,26,76,gloves,0.917715,425.23,190.83,443.45,215.90
133,5.320000,33,0,person,0.858281,115.71,73.90,167.26,360.00
133,5.320000,32,16,bottle,0.746529,104.09,307.84,116.79,359.68
134,5.360000,1,0,person,0.864441,306.57,67.65,390.82,292.01
134,5.360000,3,0,person,0.891722,402.83,87.81,458.21,295.42
134,5.360000,4,2,helmet,0.831001,426.05,88.15,456.39,113.31
134,5.360000,5,2,helmet,0.809196,341.12,68.40,367.32,87.11
134,5.360000,6,7,ladder,0.741179,238.97,72.10,358.96,309.62
134,5.360000,7,76,gloves,0.696304,368.83,153.15,378.98,166.42
134,5.360000,26,76,gloves,0.901111,426.81,191.40,445.22,216.64
134,5.360000,33,0,person,0.825642,117.79,75.04,171.00,360.00
134,5.360000,32,16,bottle,0.557689,104.10,308.79,116.70,359.72
135,5.400000,1,0,person,0.867708,306.66,67.90,390.94,292.01
135,5.400000,3,0,person,0.883290,402.79,87.91,458.23,295.47
135,5.400000,4,2,helmet,0.829485,426.13,88.15,456.66,113.46
135,5.400000,5,2,helmet,0.808679,341.16,68.41,367.24,87.01
135,5.400000,6,7,ladder,0.733774,238.79,72.01,358.85,309.66
135,5.400000,7,76,gloves,0.707740,368.72,153.20,378.72,166.21
135,5.400000,26,76,gloves,0.868954,428.21,191.50,447.17,217.85
135,5.400000,33,0,person,0.791104,124.52,75.32,180.64,360.00
135,5.400000,31,9,traffic cone,0.298948,224.29,260.81,240.48,295.02
136,5.440000,1,0,person,0.863987,306.51,67.76,390.90,291.97
136,5.440000,3,0,person,0.868901,402.91,87.80,458.48,295.48
136,5.440000,4,2,helmet,0.828017,426.04,88.03,456.39,113.22
136,5.440000,5,2,helmet,0.808716,341.20,68.40,367.18,86.93
136,5.440000,6,7,ladder,0.748398,238.76,71.97,358.87,309.70
136,5.440000,7,76,gloves,0.710853,368.62,153.13,378.62,166.12
136,5.440000,26,76,gloves,0.880811,430.52,191.91,449.29,218.51
136,5.440000,33,0,person,0.843072,130.03,75.03,189.11,360.00
137,5.480000,1,0,person,0.867660,306.30,67.67,390.85,292.08
137,5.480000,3,0,person,0.883558,402.97,87.91,458.62,295.46
137,5.480000,4,2,helmet,0.818622,425.84,87.99,455.94,113.00
137,5.480000,5,2,helmet,0.801093,341.18,68.40,366.98,86.77
137,5.480000,6,7,ladder,0.748837,238.86,72.04,358.99,309.70
137,5.480000,7,76,gloves,0.710784,368.39,152.98,378.48,166.07
137,5.480000,26,76,gloves,0.873395,433.50,192.31,452.42,219.52
137,5.480000,33,0,person,0.792077,131.50,74.41,192.37,360.00
137,5.480000,31,9,traffic cone,0.273967,224.24,260.69,240.37,294.86
138,5.520000,1,0,person,0.869672,306.27,67.66,390.88,292.09
138,5.520000,3,0,person,0.877962,403.08,88.01,458.84,295.47
138,5.520000,4,2,helmet,0.820412,425.39,87.98,455.49,113.04
138,5.520000,5,2,helmet,0.801437,341.16,68.41,366.92,86.72
138,5.520000,6,7,ladder,0.750502,238.73,72.04,358.81,309.63
138,5.520000,7,76,gloves,0.704001,368.30,152.94,378.43,166.06
138,5.520000,26,76,gloves,0.892869,436.43,192.40,455.28,219.91
138,5.520000,33,0,person,0.777410,138.89,74.00,202.18,360.00
138,5.520000,31,9,traffic cone,0.297607,224.24,260.69,240.34,294.84
139,5.560000,1,0,person,0.855396,306.51,67.63,391.08,292.03
139,5.560000,3,0,person,0.870844,403.13,87.90,459.09,295.46
139,5.560000,4,2,helmet,0.817074,424.98,87.96,455.11,113.08
139,5.560000,5,2,helmet,0.793385,340.96,68.38,366.71,86.66
139,5.560000,6,7,ladder,0.721575,238.78,71.97,358.91,309.59
139,5.560000,7,76,gloves,0.731979,368.12,152.92,378.32,166.13
139,5.560000,26,76,gloves,0.847339,439.39,192.38,457.84,219.61
139,5.560000,33,0,person,0.740110,137.04,73.40,202.74,360.00
139,5.560000,31,9,traffic cone,0.272380,224.23,260.79,240.31,294.93
140,5.600000,1,0,person,0.853701,306.68,67.62,391.22,292.10
140,5.600000,3,0,person,0.789830,403.34,87.61,459.69,295.41
140,5.600000,4,2,helmet,0.803839,424.76,87.99,454.42,112.66
140,5.600000,5,2,helmet,0.790897,340.98,68.38,366.62,86.55
140,5.600000,6,7,ladder,0.733027,238.68,72.15,358.71,309.62
140,5.600000,7,76,gloves,0.721259,368.04,152.91,378.25,166.13
140,5.600000,26,76,gloves,0.562755,443.70,192.67,460.27,216.83
140,5.600000,33,0,person,0.759383,138.54,72.77,206.33,360.00
140,5.600000,31,9,traffic cone,0.255415,224.17,260.73,240.27,294.92
141,5.640000,1,0,person,0.857664,306.00,67.63,390.68,292.14
141,5.640000,3,0,person,0.842616,403.66,87.32,460.49,295.58
141,5.640000,4,2,helmet,0.808712,424.09,87.68,454.29,112.78
141,5.640000,5,2,helmet,0.794228,341.01,68.37,366.60,86.49
141,5.640000,6,7,ladder,0.740958,238.51,72.19,358.47,309.64
141,5.640000,7,76,gloves,0.713303,367.73,152.84,378.10,166.23
141,5.640000,26,76,gloves,0.698501,446.44,192.64,462.74,216.46
141,5.640000,33,0,person,0.784803,142.51,71.92,210.98,360.00
142,5.680000,1,0,person,0.855480,305.68,67.59,390.50,292.15
142,5.680000,3,0,person,0.844371,404.13,87.16,461.51,295.61
142,5.680000,4,2,helmet,0.797678,424.43,87.53,454.38,112.41
142,5.680000,5,2,helmet,0.786380,340.91,68.31,366.37,86.31
142,5.680000,6,7,ladder,0.730132,238.52,71.96,358.57,309.64
142,5.680000,7,76,gloves,0.719731,367.45,152.85,377.91,166.28
142,5.680000,26,76,gloves,0.608106,448.19,192.55,465.73,218.40
142,5.680000,33,0,person,0.803877,146.44,71.52,215.69,360.00
142,5.680000,31,9,traffic cone,0.313661,224.15,260.62,240.28,294.91
143,5.720000,1,0,person,0.852643,305.47,67.59,390.42,292.17
143,5.720000,3,0,person,0.853145,404.88,87.05,463.00,295.64
143,5.720000,4,2,helmet,0.794318,425.04,87.49,454.21,111.60
143,5.720000,5,2,helmet,0.782096,340.83,68.28,366.31,86.26
143,5.720000,6,7,ladder,0.706315,238.40,71.85,358.47,309.67
143,5.720000,7,76,gloves,0.713144,367.33,152.85,377.85,166.29
143,5.720000,26,76,gloves,0.819824,449.53,192.61,467.55,219.43
143,5.720000,33,0,person,0.845001,150.93,71.47,221.36,360.00
143,5.720000,31,9,traffic cone,0.291688,224.15,260.63,240.23,294.88
144,5.760000,1,0,person,0.865194,305.74,67.49,390.84,292.45
144,5.760000,3,0,person,0.852689,405.34,87.16,464.18,295.60
144,5.760000,4,2,helmet,0.786433,425.22,87.62,453.77,110.99
144,5.760000,5,2,helmet,0.777834,340.88,68.19,366.16,85.98
144,5.760000,6,7,ladder,0.711908,238.32,71.97,358.29,309.69
144,5.760000,7,76,gloves,0.718446,367.23,152.85,377.79,166.28
144,5.760000,26,76,gloves,0.816505,450.69,192.71,468.71,219.73
144,5.760000,33,0,person,0.877517,154.53,71.92,226.24,360.00
145,5.800000,1,0,person,0.844480,306.03,67.71,390.95,292.06
145,5.800000,3,0,person,0.842030,405.08,86.88,464.62,295.57
145,5.800000,4,2,helmet,0.775925,425.55,87.64,453.60,110.31
145,5.800000,5,2,helmet,0.780868,341.18,68.15,366.43,85.79
145,5.800000,6,7,ladder,0.731670,238.48,72.27,358.24,309.71
145,5.800000,7,76,gloves,0.723501,367.12,153.29,377.40,166.29
145,5.800000,26,76,gloves,0.793561,451.13,193.24,468.80,219.92
145,5.800000,33,0,person,0.890962,156.76,72.47,229.47,360.00
146,5.840000,1,0,person,0.855395,306.39,67.74,391.23,291.90
146,5.840000,3,0,person,0.856736,404.77,86.92,464.87,295.58
146,5.840000,4,2,helmet,0.776983,425.50,87.66,453.70,110.20
146,5.840000,5,2,helmet,0.776010,341.26,68.04,366.58,85.58
146,5.840000,6,7,ladder,0.734691,238.37,72.21,358.09,309.80
146,5.840000,7,76,gloves,0.706675,366.97,153.29,377.23,166.17
146,5.840000,26,76,gloves,0.774688,450.97,193.59,468.84,220.86
146,5.840000,33,0,person,0.889648,159.39,73.74,232.90,360.00
146,5.840000,45,76,gloves,0.390337,199.91,162.38,234.07,204.00
147,5.880000,1,0,person,0.850196,306.05,67.78,390.96,291.82
147,5.880000,3,0,person,0.870753,403.83,86.93,464.21,295.59
147,5.880000,4,2,helmet,0.781108,425.38,87.67,453.83,110.19
147,5.880000,5,2,helmet,0.775611,341.29,68.00,366.74,85.49
147,5.880000,6,7,ladder,0.746987,238.18,72.06,357.97,309.89
147,5.880000,7,76,gloves,0.714338,366.91,153.48,377.09,166.17
147,5.880000,26,76,gloves,0.799136,450.55,193.92,468.05,221.20
147,5.880000,33,0,person,0.893269,163.91,74.57,238.61,360.00
148,5.920000,1,0,person,0.879619,306.45,67.83,391.26,291.74
148,5.920000,3,0,person,0.845548,402.57,87.08,462.88,295.61
148,5.920000,4,2,helmet,0.782854,424.39,87.68,453.78,110.90
148,5.920000,5,2,helmet,0.775364,341.24,68.02,366.78,85.46
148,5.920000,6,7,ladder,0.736038,237.77,71.33,358.07,310.40
148,5.920000,7,76,gloves,0.713664,366.72,153.60,376.94,166.22
148,5.920000,33,0,person,0.890844,168.44,76.00,244.22,360.00
149,5.960000,1,0,person,0.881393,306.57,67.86,391.38,291.82
149,5.960000,3,0,person,0.854008,402.09,87.00,462.41,295.59
149,5.960000,4,2,helmet,0.799412,423.77,87.70,453.97,111.55
149,5.960000,5,2,helmet,0.756682,340.82,68.03,367.62,86.37
149,5.960000,6,7,ladder,0.743877,237.28,71.06,357.87,310.83
149,5.960000,7,76,gloves,0.719662,366.52,153.64,376.84,166.26
149,5.960000,33,0,person,0.887046,170.19,77.36,246.28,360.00
149,5.960000,2,76,gloves,0.694048,442.36,194.32,458.54,223.67
149,5.960000,32,16,bottle,0.272988,102.63,308.00,115.80,359.58
150,6.000000,1,0,person,0.879623,306.69,67.92,391.47,291.85
150,6.000000,3,0,person,0.869892,401.96,86.82,462.37,295.56
150,6.000000,4,2,helmet,0.785670,423.63,87.72,453.42,111.19
150,6.000000,5,2,helmet,0.761664,340.59,68.10,368.13,86.99
150,6.000000,6,7,ladder,0.701564,237.72,70.84,358.24,311.11
150,6.000000,7,76,gloves,0.710666,366.35,153.63,376.82,166.34
150,6.000000,33,0,person,0.882899,174.12,77.79,249.56,355.33
150,6.000000,47,76,gloves,0.340675,404.04,167.67,420.73,203.99
150,6.000000,2,76,gloves,0.901338,439.47,195.36,455.95,223.97
151,6.040000,1,0,person,0.881755,306.51,67.95,391.34,291.90
151,6.040000,3,0,person,0.879008,401.89,86.68,462.39,295.58
151,6.040000,4,2,helmet,0.779254,423.67,87.73,453.12,110.82
151,6.040000,5,2,helmet,0.761688,340.49,68.12,368.32,87.27
151,6.040000,6,7,ladder,0.708542,238.53,70.83,358.61,311.03
151,6.040000,7,76,gloves,0.703143,366.27,153.63,376.83,166.36
151,6.040000,33,0,person,0.800168,178.44,77.99,252.43,348.39
151,6.040000,2,76,gloves,0.897708,436.21,196.40,453.02,224.15
152,6.080000,1,0,person,0.857049,306.86,68.09,391.59,291.96
152,6.080000,3,0,person,0.869020,401.85,86.69,462.35,295.49
152,6.080000,4,2,helmet,0.772891,423.72,87.66,452.91,110.44
152,6.080000,5,2,helmet,0.777018,340.45,68.17,368.56,87.58
152,6.080000,6,7,ladder,0.684203,239.08,70.87,358.82,311.15
152,6.080000,7,76,gloves,0.689616,366.25,153.66,376.85,166.36
152,6.080000,33,0,person,0.863156,182.72,77.92,259.39,355.04
152,6.080000,2,76,gloves,0.867959,434.02,196.66,451.12,224.16
153,6.120000,1,0,person,0.855134,306.96,68.20,391.65,292.08
153,6.120000,3,0,person,0.865985,401.84,86.74,462.31,295.44
153,6.120000,4,2,helmet,0.772234,423.71,87.63,452.87,110.28
153,6.120000,5,2,helmet,0.766669,340.94,68.24,368.30,87.11
153,6.120000,6,7,ladder,0.638321,243.67,70.88,361.95,311.00
153,6.120000,7,76,gloves,0.686900,366.24,153.67,376.88,166.35
153,6.120000,33,0,person,0.842959,187.54,77.21,263.70,352.47
153,6.120000,2,76,gloves,0.884011,431.61,196.54,449.02,223.98
154,6.160000,1,0,person,0.836086,306.82,68.28,391.52,292.20
154,6.160000,3,0,person,0.862823,401.73,86.66,462.22,295.34
154,6.160000,4,2,helmet,0.776110,423.59,87.61,452.90,110.29
154,6.160000,5,2,helmet,0.759658,341.33,68.26,368.03,86.59
154,6.160000,6,7,ladder,0.670438,246.31,71.01,363.13,310.97
154,6.160000,7,76,gloves,0.678107,366.24,153.71,376.90,166.35
154,6.160000,33,0,person,0.848001,190.97,76.73,267.02,352.37
154,6.160000,2,76,gloves,0.864530,430.69,197.30,447.78,223.86
155,6.200000,1,0,person,0.804109,307.39,68.09,392.01,292.20
155,6.200000,3,0,person,0.860855,401.67,86.48,462.25,295.31
155,6.200000,4,2,helmet,0.772229,423.58,87.54,452.90,110.14
155,6.200000,5,2,helmet,0.755824,341.40,68.24,368.03,86.48
155,6.200000,6,7,ladder,0.723468,249.75,71.06,364.80,310.96
155,6.200000,7,76,gloves,0.670655,366.23,153.72,376.93,166.35
155,6.200000,33,0,person,0.841023,195.05,76.41,270.77,350.56
155,6.200000,2,76,gloves,0.875852,429.53,198.36,446.27,223.77
156,6.240000,1,0,person,0.802424,307.77,68.02,392.28,292.17
156,6.240000,3,0,person,0.858613,401.57,86.47,462.18,295.30
156,6.240000,4,2,helmet,0.768431,423.58,87.43,452.93,109.97
156,6.240000,5,2,helmet,0.769200,341.29,68.24,368.19,86.64
156,6.240000,6,7,ladder,0.577706,253.02,70.33,366.12,310.25
156,6.240000,7,76,gloves,0.679014,366.21,153.72,376.97,166.36
156,6.240000,33,0,person,0.809875,199.98,76.37,275.34,348.47
156,6.240000,2,76,gloves,0.868040,429.29,198.66,445.75,223.20
157,6.280000,1,0,person,0.807536,308.00,68.11,392.35,292.14
157,6.280000,3,0,person,0.863656,401.51,86.55,462.12,295.30
157,6.280000,4,2,helmet,0.770577,423.48,87.45,452.90,109.98
157,6.280000,5,2,helmet,0.772205,341.27,68.29,368.30,86.78
157,6.280000,6,7,ladder,0.367221,257.81,71.14,367.78,309.63
157,6.280000,7,76,gloves,0.677772,366.19,153.72,377.00,166.36
157,6.280000,33,0,person,0.844755,203.32,76.60,278.85,348.98
157,6.280000,2,76,gloves,0.858180,429.41,198.98,445.67,222.79
158,6.320000,1,0,person,0.806437,307.99,68.11,392.30,292.08
158,6.320000,3,0,person,0.859206,401.35,86.35,462.02,295.35
158,6.320000,4,2,helmet,0.768795,423.38,87.35,452.98,109.99
158,6.320000,5,2,helmet,0.771927,341.26,68.27,368.41,86.84
158,6.320000,6,83,survey tripod,0.375751,257.84,70.82,366.21,309.62
158,6.320000,7,76,gloves,0.678836,366.17,153.72,377.03,166.37
158,6.320000,33,0,person,0.826395,206.54,77.42,280.73,344.12
158,6.320000,2,76,gloves,0.876527,429.60,198.30,446.45,222.79
158,6.320000,50,7,ladder,0.343859,270.17,71.55,358.67,308.64
159,6.360000,1,0,person,0.803228,308.07,68.11,392.34,292.08
159,6.360000,3,0,person,0.870123,401.31,86.38,461.92,295.32
159,6.360000,4,2,helmet,0.768913,423.33,87.32,453.03,110.00
159,6.360000,5,2,helmet,0.765228,341.42,68.27,368.36,86.70
159,6.360000,7,76,gloves,0.672086,366.16,153.72,377.06,166.38
159,6.360000,33,0,person,0.860763,208.96,77.77,284.04,347.38
159,6.360000,2,76,gloves,0.886599,429.89,198.04,447.54,223.63
159,6.360000,50,83,survey tripod,0.384781,272.29,70.93,361.05,309.24
160,6.400000,1,0,person,0.870956,307.10,68.13,391.58,292.18
160,6.400000,3,0,person,0.858616,401.33,86.59,461.84,295.34
160,6.400000,4,2,helmet,0.754952,423.27,87.37,453.00,110.05
160,6.400000,5,2,helmet,0.762722,341.59,68.28,368.31,86.55
160,6.400000,7,76,gloves,0.675559,365.99,153.74,376.85,166.33
160,6.400000,33,0,person,0.853444,212.82,78.23,288.58,348.60
160,6.400000,2,76,gloves,0.884392,430.83,198.28,448.73,224.31
160,6.400000,6,83,survey tripod,0.373180,239.96,71.05,350.71,309.45
161,6.440000,1,0,person,0.870121,306.02,67.96,391.04,292.52
161,6.440000,3,0,person,0.872796,401.26,86.72,461.72,295.39
161,6.440000,4,2,helmet,0.771210,422.95,87.46,453.43,110.74
161,6.440000,5,2,helmet,0.758213,341.66,68.30,368.30,86.51
161,6.440000,7,76,gloves,0.681310,365.90,153.74,376.79,166.34
161,6.440000,33,0,person,0.840925,215.67,78.40,291.98,349.19
161,6.440000,2,76,gloves,0.895805,431.90,198.50,450.09,224.93
161,6.440000,53,76,gloves,0.403922,312.25,72.29,332.70,103.57
161,6.440000,6,7,ladder,0.289466,246.77,73.57,355.87,309.67
161,6.440000,50,83,survey tripod,0.364836,270.31,100.01,348.78,308.53
162,6.480000,1,0,person,0.856705,305.88,68.10,390.95,291.91
162,6.480000,3,0,person,0.869925,401.28,86.77,461.72,295.36
162,6.480000,4,2,helmet,0.770731,422.85,87.49,453.58,111.00
162,6.480000,5,2,helmet,0.757148,341.68,68.30,368.30,86.50
162,6.480000,7,76,gloves,0.686780,365.87,153.73,376.78,166.34
162,6.480000,33,0,person,0.871659,217.89,79.11,294.44,349.48
162,6.480000,2,76,gloves,0.887031,432.94,198.85,450.99,225.12
162,6.480000,53,76,gloves,0.409808,312.07,71.73,332.80,103.47
162,6.480000,6,83,survey tripod,0.385883,239.23,72.49,350.75,309.73
163,6.520000,1,0,person,0.878323,305.98,68.10,391.23,291.90
163,6.520000,3,0,person,0.868807,401.33,86.80,461.80,295.43
163,6.520000,4,2,helmet,0.774989,422.78,87.50,453.68,111.19
163,6.520000,5,2,helmet,0.758253,341.69,68.30,368.30,86.49
163,6.520000,7,76,gloves,0.682489,365.86,153.73,376.78,166.34
163,6.520000,33,0,person,0.869211,219.08,80.19,295.48,349.59
163,6.520000,2,76,gloves,0.883222,433.61,199.15,451.43,225.14
163,6.520000,53,76,gloves,0.324408,312.22,72.08,332.72,103.50
163,6.520000,50,83,survey tripod,0.345997,269.25,76.48,356.93,310.23
164,6.560000,1,0,person,0.884145,305.89,68.10,391.30,291.89
164,6.560000,3,0,person,0.867388,401.42,86.80,461.84,295.09
164,6.560000,4,2,helmet,0.806215,422.86,87.51,454.36,111.69
164,6.560000,5,2,helmet,0.759511,341.70,68.30,368.29,86.48
164,6.560000,7,76,gloves,0.672614,365.90,153.76,376.81,166.32
164,6.560000,33,0,person,0.872699,220.50,81.20,296.44,349.06
164,6.560000,2,76,gloves,0.881984,433.86,199.10,451.62,225.10
164,6.560000,53,76,gloves,0.318285,312.34,71.78,332.83,103.23
164,6.560000,50,83,survey tripod,0.407551,276.88,72.80,362.08,301.23
165,6.600000,1,0,person,0.828009,305.76,68.23,391.31,292.03
165,6.600000,3,0,person,0.857762,401.26,86.91,461.72,295.13
165,6.600000,4,2,helmet,0.806822,422.92,87.50,454.86,112.09
165,6.600000,5,2,helmet,0.758509,341.69,68.30,368.29,86.49
165,6.600000,7,76,gloves,0.677877,365.88,153.77,376.76,166.30
165,6.600000,33,0,person,0.866630,221.82,82.27,296.84,347.65
165,6.600000,2,76,gloves,0.886973,433.53,199.08,451.34,225.09
165,6.600000,53,76,gloves,0.334031,312.43,71.61,332.90,103.11
165,6.600000,50,83,survey tripod,0.504707,275.75,71.08,363.08,307.63
166,6.640000,1,0,person,0.875950,305.40,68.21,391.06,291.66
166,6.640000,3,0,person,0.859363,402.41,87.16,462.61,294.93
166,6.640000,4,2,helmet,0.808375,423.09,87.80,455.10,112.51
166,6.640000,5,2,helmet,0.757601,341.69,68.30,368.29,86.49
166,6.640000,7,76,gloves,0.679303,365.86,153.76,376.75,166.28
166,6.640000,33,0,person,0.835412,225.45,81.29,300.58,346.31
166,6.640000,2,76,gloves,0.889667,432.66,198.71,450.60,224.92
166,6.640000,53,76,gloves,0.384708,312.38,71.46,332.80,102.94
166,6.640000,50,83,survey tripod,0.570952,280.28,71.12,364.25,300.02
167,6.680000,1,0,person,0.811324,306.67,68.15,392.24,291.85
167,6.680000,3,0,person,0.862982,402.85,87.11,462.91,294.80
167,6.680000,4,2,helmet,0.817660,423.24,87.63,455.68,112.83
167,6.680000,5,2,helmet,0.761116,341.68,68.30,368.29,86.49
167,6.680000,7,76,gloves,0.673054,365.83,153.76,376.68,166.24
167,6.680000,33,0,person,0.859783,225.80,80.17,300.62,345.63
167,6.680000,2,76,gloves,0.889732,431.45,197.85,449.72,224.68
167,6.680000,53,76,gloves,0.349068,312.42,71.41,332.75,102.82
167,6.680000,50,83,survey tripod,0.505737,280.78,71.88,365.59,307.07
168,6.720000,1,0,person,0.814508,307.08,68.13,392.47,291.80
168,6.720000,3,0,person,0.865579,403.13,87.12,463.06,294.65
168,6.720000,4,2,helmet,0.818066,423.99,87.65,456.17,112.76
168,6.720000,5,2,helmet,0.759042,341.62,68.29,368.21,86.46
168,6.720000,7,76,gloves,0.643791,365.70,153.81,376.54,166.26
168,6.720000,33,0,person,0.861100,229.40,79.66,304.42,344.17
168,6.720000,2,76,gloves,0.880302,430.79,197.46,448.93,224.18
168,6.720000,53,76,gloves,0.329297,312.35,71.51,332.61,102.88
168,6.720000,50,83,survey tripod,0.472819,282.47,74.08,365.96,309.64
169,6.760000,1,0,person,0.872195,306.27,68.16,391.67,291.62
169,6.760000,3,0,person,0.876585,403.25,87.09,463.21,294.65
169,6.760000,4,2,helmet,0.822446,424.46,87.64,456.62,112.80
169,6.760000,5,2,helmet,0.757437,341.60,68.31,368.18,86.46
169,6.760000,7,76,gloves,0.644834,365.65,153.83,376.49,166.27
169,6.760000,33,0,person,0.862138,230.36,79.47,305.06,342.17
169,6.760000,2,76,gloves,0.884891,429.82,197.29,447.94,223.97
169,6.760000,53,76,gloves,0.343505,312.28,71.50,332.53,102.90
169,6.760000,50,83,survey tripod,0.382660,285.09,77.04,366.21,310.60
169,6.760000,61,76,gloves,0.492706,291.18,166.93,309.43,185.32
170,6.800000,1,0,person,0.870878,305.25,68.13,390.89,291.60
170,6.800000,3,0,person,0.875078,403.42,86.96,463.41,294.55
170,6.800000,4,2,helmet,0.812286,424.49,87.46,456.98,112.98
170,6.800000,5,2,helmet,0.757786,341.59,68.32,368.18,86.47
170,6.800000,7,76,gloves,0.631791,365.56,153.87,376.37,166.28
170,6.800000,33,0,person,0.874405,231.54,79.34,304.75,336.23
170,6.800000,2,76,gloves,0.907557,429.02,197.48,447.07,223.91
170,6.800000,53,76,gloves,0.303607,312.35,71.64,332.49,102.93
170,6.800000,50,83,survey tripod,0.292862,286.89,75.70,366.69,310.91
170,6.800000,61,76,gloves,0.425705,289.91,166.39,306.82,183.50
171,6.840000,1,0,person,0.864084,304.93,68.16,390.75,291.72
171,6.840000,3,0,person,0.877007,403.48,87.04,463.47,294.54
171,6.840000,4,2,helmet,0.813486,424.88,87.56,457.19,113.07
171,6.840000,5,2,helmet,0.750488,341.56,68.36,368.06,86.43
171,6.840000,7,76,gloves,0.621838,365.50,153.79,376.31,166.24
171,6.840000,33,0,person,0.878994,233.00,79.20,305.44,332.51
171,6.840000,2,76,gloves,0.906951,428.65,197.56,446.64,223.73
171,6.840000,53,76,gloves,0.268024,312.36,71.91,332.35,103.00
172,6.880000,1,0,person,0.837238,305.05,68.17,390.92,291.76
172,6.880000,3,0,person,0.875323,403.55,87.07,463.57,294.45
172,6.880000,4,2,helmet,0.799806,425.32,87.62,457.54,113.26
172,6.880000,5,2,helmet,0.747868,341.55,68.37,367.97,86.36
172,6.880000,7,76,gloves,0.622169,365.12,153.81,375.99,166.29
172,6.880000,33,0,person,0.876612,234.65,78.98,307.13,330.97
172,6.880000,2,76,gloves,0.902545,428.67,197.69,446.62,223.65
173,6.920000,1,0,person,0.870737,304.92,68.24,390.78,291.62
173,6.920000,3,0,person,0.853439,403.43,87.33,463.43,294.07
173,6.920000,4,2,helmet,0.811535,425.88,87.88,457.75,113.33
173,6.920000,5,2,helmet,0.737434,341.29,68.43,367.77,86.47
173,6.920000,7,76,gloves,0.624335,364.79,153.62,376.04,166.53
173,6.920000,33,0,person,0.866319,236.36,78.82,309.28,330.17
173,6.920000,2,76,gloves,0.889125,428.99,197.58,447.05,223.59
173,6.920000,53,76,gloves,0.339641,312.06,71.73,332.24,103.17
174,6.960000,1,0,person,0.871338,305.18,68.25,390.96,291.44
174,6.960000,3,0,person,0.843882,403.49,87.48,463.48,293.78
174,6.960000,4,2,helmet,0.805617,426.72,88.11,458.06,113.24
174,6.960000,5,2,helmet,0.736340,341.09,68.46,367.62,86.51
174,6.960000,7,76,gloves,0.597513,364.66,153.57,375.90,166.49
174,6.960000,33,0,person,0.866251,237.16,78.61,310.69,330.16
174,6.960000,2,76,gloves,0.858842,430.18,198.25,448.00,223.85
174,6.960000,53,76,gloves,0.292648,312.11,71.86,332.16,103.12
175,7.000000,1,0,person,0.843854,304.96,68.14,390.87,291.81
175,7.000000,3,0,person,0.878577,402.50,87.97,462.84,294.26
175,7.000000,4,2,helmet,0.802081,427.30,88.54,458.32,113.49
175,7.000000,5,2,helmet,0.734779,340.61,68.49,367.58,86.88
175,7.000000,7,76,gloves,0.610134,364.52,153.59,375.77,166.49
175,7.000000,33,0,person,0.864568,237.79,78.53,311.90,330.16
175,7.000000,2,76,gloves,0.890191,431.47,198.45,449.46,224.22
175,7.000000,53,76,gloves,0.289371,311.77,71.53,332.00,103.09
175,7.000000,67,76,gloves,0.409386,410.99,200.40,418.15,216.33
175,7.000000,50,26,shovel,0.359309,294.38,71.04,368.76,295.14
176,7.040000,1,0,person,0.862999,305.63,68.22,391.19,291.42
176,7.040000,3,0,person,0.877194,402.00,88.22,462.65,294.50
176,7.040000,4,2,helmet,0.805219,427.35,88.69,458.35,113.75
176,7.040000,5,2,helmet,0.777062,340.38,68.53,367.53,87.09
176,7.040000,7,76,gloves,0.584807,364.41,153.58,375.64,166.49
176,7.040000,33,0,person,0.866081,238.17,78.46,312.79,330.13
176,7.040000,2,76,gloves,0.905055,432.92,198.63,451.12,224.73
176,7.040000,53,76,gloves,0.253642,311.71,71.43,331.93,103.01
176,7.040000,67,76,gloves,0.444116,411.03,200.51,418.13,216.32
176,7.040000,50,26,shovel,0.345947,295.52,70.50,368.19,293.66
177,7.080000,1,0,person,0.867006,305.62,68.21,391.00,291.30
177,7.080000,3,0,person,0.879121,401.75,88.11,462.73,294.49
177,7.080000,4,2,helmet,0.821697,427.62,88.59,458.91,114.03
177,7.080000,5,2,helmet,0.763923,340.38,68.47,367.29,86.91
177,7.080000,7,76,gloves,0.589040,364.33,153.63,375.43,166.37
177,7.080000,33,0,person,0.865602,238.60,78.98,313.45,330.00
177,7.080000,2,76,gloves,0.901604,434.31,198.72,452.79,225.43
177,7.080000,67,76,gloves,0.285874,411.17,200.81,418.06,216.11
177,7.080000,50,26,shovel,0.348615,296.18,70.15,367.56,293.14
177,7.080000,32,16,bottle,0.325044,99.12,306.14,114.17,359.60
178,7.120000,1,0,person,0.852447,304.20,68.14,389.86,291.44
178,7.120000,3,0,person,0.869596,401.71,88.44,462.85,294.47
178,7.120000,4,2,helmet,0.820361,427.46,88.74,459.36,114.87
178,7.120000,5,2,helmet,0.756283,340.14,68.52,367.14,87.05
178,7.120000,7,76,gloves,0.627579,364.11,153.67,375.13,166.29
178,7.120000,33,0,person,0.869633,238.61,79.58,313.64,330.04
178,7.120000,2,76,gloves,0.909621,436.01,199.75,453.90,225.58
178,7.120000,67,76,gloves,0.455492,411.21,201.46,418.07,216.72
178,7.120000,50,26,shovel,0.287212,297.29,71.11,367.22,292.67
178,7.120000,53,76,gloves,0.334943,311.91,71.78,331.79,102.95
179,7.160000,1,0,person,0.847907,303.72,68.07,389.58,291.52
179,7.160000,3,0,person,0.876019,401.69,88.42,463.14,294.53
179,7.160000,4,2,helmet,0.818359,427.20,88.73,459.44,115.35
179,7.160000,5,2,helmet,0.770662,340.21,68.55,366.77,86.79
179,7.160000,7,76,gloves,0.637174,363.99,153.61,375.07,166.30
179,7.160000,33,0,person,0.866903,238.64,80.73,313.66,329.89
179,7.160000,2,76,gloves,0.906650,437.20,200.28,454.71,225.55
179,7.160000,67,76,gloves,0.459686,411.49,201.82,418.24,216.80
179,7.160000,50,26,shovel,0.262491,297.80,71.37,366.77,292.61
179,7.160000,53,76,gloves,0.323365,312.13,72.55,331.44,102.88
180,7.200000,1,0,person,0.856592,303.42,67.96,389.50,291.64
180,7.200000,3,0,person,0.876832,401.66,88.36,463.40,294.59
180,7.200000,4,2,helmet,0.823194,426.87,88.64,459.60,115.96
180,7.200000,5,2,helmet,0.760970,339.76,68.51,366.84,87.19
180,7.200000,7,76,gloves,0.653120,363.75,153.64,374.76,166.26
180,7.200000,33,0,person,0.867474,238.01,81.57,313.04,330.04
180,7.200000,2,76,gloves,0.909107,437.73,200.24,455.29,225.60
180,7.200000,67,76,gloves,0.472594,411.57,201.92,418.32,216.82
180,7.200000,50,26,shovel,0.334582,297.49,71.06,365.79,292.78
180,7.200000,53,76,gloves,0.314602,312.44,73.94,330.99,102.95
181,7.240000,1,0,person,0.858170,302.74,67.89,389.10,291.58
181,7.240000,3,0,person,0.879747,401.58,88.29,463.59,294.60
181,7.240000,4,2,helmet,0.824322,427.02,88.61,459.53,115.96
181,7.240000,5,2,helmet,0.762955,339.48,68.47,366.88,87.45
181,7.240000,7,76,gloves,0.650400,363.66,153.59,374.67,166.23
181,7.240000,33,0,person,0.860951,237.26,82.71,311.98,329.71
181,7.240000,2,76,gloves,0.908436,437.98,200.17,455.58,225.61
181,7.240000,67,76,gloves,0.505503,411.61,201.86,418.42,216.82
181,7.240000,50,26,shovel,0.288892,297.45,71.12,365.08,292.94
181,7.240000,53,76,gloves,0.374585,311.58,72.37,331.21,103.17
182,7.280000,1,0,person,0.860607,302.38,67.97,389.03,291.82
182,7.280000,3,0,person,0.876905,401.47,88.20,463.73,294.61
182,7.280000,4,2,helmet,0.825762,427.01,88.59,459.54,116.19
182,7.280000,5,2,helmet,0.750313,339.38,68.46,366.57,87.34
182,7.280000,7,76,gloves,0.665243,363.53,153.58,374.57,166.27
182,7.280000,33,0,person,0.859837,236.33,83.11,310.59,328.79
182,7.280000,2,76,gloves,0.910839,438.08,200.22,455.62,225.60
182,7.280000,67,76,gloves,0.502789,411.60,201.84,418.46,216.82
182,7.280000,53,76,gloves,0.280584,312.17,74.10,330.76,103.07
183,7.320000,1,0,person,0.861245,302.35,67.99,389.23,291.69
183,7.320000,3,0,person,0.869020,401.35,88.20,463.80,294.50
183,7.320000,4,2,helmet,0.826646,427.17,88.52,459.42,116.07
183,7.320000,5,2,helmet,0.741994,339.24,68.43,366.24,87.21
183,7.320000,7,76,gloves,0.681730,363.58,153.66,374.52,166.20
183,7.320000,33,0,person,0.857042,235.23,82.53,308.99,327.54
183,7.320000,2,76,gloves,0.909179,438.05,200.23,455.61,225.69
183,7.320000,67,76,gloves,0.530467,411.60,202.01,418.43,216.89
183,7.320000,53,76,gloves,0.276525,312.44,74.97,330.56,103.01
183,7.320000,70,76,gloves,0.389601,299.89,70.68,331.08,129.55
184,7.360000,1,0,person,0.862352,302.10,68.07,389.32,291.76
184,7.360000,3,0,person,0.869262,401.24,88.22,463.88,294.50
184,7.360000,4,2,helmet,0.824373,427.37,88.51,459.33,116.00
184,7.360000,5,2,helmet,0.727630,338.87,68.42,366.10,87.38
184,7.360000,7,76,gloves,0.682286,363.46,153.71,374.33,166.15
184,7.360000,33,0,person,0.867132,234.46,81.71,307.61,326.06
184,7.360000,2,76,gloves,0.908238,438.06,200.23,455.62,225.71
184,7.360000,67,76,gloves,0.538987,411.60,201.93,418.51,216.84
184,7.360000,53,76,gloves,0.369230,312.31,75.48,330.32,103.14
184,7.360000,70,76,gloves,0.273753,300.12,70.72,331.16,129.33
184,7.360000,32,16,bottle,0.277056,98.04,306.20,114.16,359.40
185,7.400000,1,0,person,0.868333,301.86,68.07,389.44,291.85
185,7.400000,3,0,person,0.864264,401.19,88.13,464.01,294.41
185,7.400000,4,2,helmet,0.830879,427.45,88.52,459.06,115.80
185,7.400000,5,2,helmet,0.729531,338.87,68.44,365.28,86.76
185,7.400000,7,76,gloves,0.705048,363.23,153.60,374.23,166.15
185,7.400000,33,0,person,0.864627,234.12,81.17,306.65,324.84
185,7.400000,2,76,gloves,0.891146,437.67,200.21,455.29,225.89
185,7.400000,67,76,gloves,0.522584,411.60,201.89,418.54,216.79
185,7.400000,53,76,gloves,0.401674,311.23,72.99,330.89,103.29
185,7.400000,32,16,bottle,0.515314,97.67,306.33,114.36,359.28
186,7.440000,1,0,person,0.864367,301.48,68.04,389.42,291.88
186,7.440000,3,0,person,0.863374,401.26,88.13,464.19,294.35
186,7.440000,4,2,helmet,0.834187,427.57,88.51,458.87,115.60
186,7.440000,5,2,helmet,0.735419,338.78,68.45,365.08,86.65
186,7.440000,7,76,gloves,0.668487,363.13,153.60,374.15,166.16
186,7.440000,33,0,person,0.846385,234.08,80.82,306.00,324.18
186,7.440000,2,76,gloves,0.889807,437.22,200.43,454.71,225.96
186,7.440000,67,76,gloves,0.513070,411.56,201.87,418.56,216.79
186,7.440000,53,76,gloves,0.508488,310.61,71.83,331.10,103.53
186,7.440000,32,16,bottle,0.501599,97.45,306.35,114.52,359.21
186,7.440000,50,26,shovel,0.280172,297.53,71.12,364.77,293.42
187,7.480000,1,0,person,0.865207,300.28,67.93,388.89,292.01
187,7.480000,3,0,person,0.856161,401.30,87.97,464.35,294.25
187,7.480000,4,2,helmet,0.836053,427.65,88.36,458.59,115.16
187,7.480000,5,2,helmet,0.737659,338.62,68.35,364.87,86.47
187,7.480000,7,76,gloves,0.676549,363.13,153.62,374.15,166.16
187,7.480000,33,0,person,0.824756,234.47,80.89,305.52,323.23
187,7.480000,2,76,gloves,0.889099,436.97,200.51,454.38,225.93
187,7.480000,67,76,gloves,0.450089,411.50,201.83,418.56,216.69
187,7.480000,53,76,gloves,0.318071,312.38,75.13,330.59,103.16
187,7.480000,32,16,bottle,0.593960,97.16,306.39,114.53,359.15
187,7.480000,50,26,shovel,0.282787,296.09,70.04,363.66,293.75
188,7.520000,1,0,person,0.861755,300.22,67.99,389.19,291.97
188,7.520000,3,0,person,0.859478,401.27,87.93,464.41,294.17
188,7.520000,4,2,helmet,0.835838,427.51,88.30,458.65,115.33
188,7.520000,5,2,helmet,0.735723,338.45,68.40,364.63,86.42
188,7.520000,7,76,gloves,0.703835,362.88,153.59,373.99,166.15
188,7.520000,33,0,person,0.810000,234.93,81.11,305.05,322.41
188,7.520000,2,76,gloves,0.890655,436.77,200.51,454.21,226.03
188,7.520000,53,76,gloves,0.342943,313.36,77.61,330.11,103.13
188,7.520000,32,16,bottle,0.556569,97.05,306.47,114.64,359.17
189,7.560000,1,0,person,0.856899,299.89,68.02,389.33,292.03
189,7.560000,3,0,person,0.865440,400.99,88.05,464.28,294.25
189,7.560000,4,2,helmet,0.832591,427.56,88.42,458.58,115.40
189,7.560000,5,2,helmet,0.731183,338.15,68.42,364.51,86.51
189,7.560000,7,76,gloves,0.699235,362.74,153.56,373.93,166.13
189,7.560000,33,0,person,0.808218,235.32,81.70,304.20,321.49
189,7.560000,2,76,gloves,0.891288,436.70,200.50,454.13,226.06
189,7.560000,53,76,gloves,0.282797,313.57,77.64,330.22,102.89
189,7.560000,32,16,bottle,0.489037,96.93,306.44,114.68,359.04
190,7.600000,1,0,person,0.864622,300.11,67.81,389.91,291.77
190,7.600000,3,0,person,0.849638,400.85,88.54,464.08,294.06
190,7.600000,4,2,helmet,0.828261,427.64,88.77,458.29,115.39
190,7.600000,5,2,helmet,0.739336,337.76,68.28,364.50,86.67
190,7.600000,7,76,gloves,0.709921,362.54,153.57,373.82,166.15
190,7.600000,33,0,person,0.795433,235.82,81.55,303.02,318.56
190,7.600000,2,76,gloves,0.894122,436.67,200.66,454.12,226.29
190,7.600000,53,76,gloves,0.303047,314.28,79.80,329.74,102.86
190,7.600000,32,16,bottle,0.635879,96.72,306.62,114.62,359.17
190,7.600000,50,26,shovel,0.253887,295.35,70.29,362.83,293.16
191,7.640000,1,0,person,0.857636,300.07,67.65,390.26,291.71
191,7.640000,3,0,person,0.859418,400.88,88.78,464.21,294.32
191,7.640000,4,2,helmet,0.827483,427.67,88.91,458.13,115.31
191,7.640000,5,2,helmet,0.731900,337.78,68.26,364.25,86.42
191,7.640000,7,76,gloves,0.669465,362.26,153.28,373.82,166.15
191,7.640000,33,0,person,0.786116,236.76,81.61,302.62,316.61
191,7.640000,2,76,gloves,0.894471,436.65,200.82,454.16,226.61
191,7.640000,32,16,bottle,0.678514,96.50,306.72,114.54,359.20
192,7.680000,1,0,person,0.858713,299.75,67.57,390.30,291.60
192,7.680000,3,0,person,0.866611,400.64,88.83,464.17,294.59
192,7.680000,4,2,helmet,0.824210,427.61,88.96,458.15,115.42
192,7.680000,5,2,helmet,0.770916,337.69,68.25,364.14,86.38
192,7.680000,7,76,gloves,0.634110,362.09,153.25,373.71,166.14
192,7.680000,33,0,person,0.790379,238.34,81.61,303.11,315.00
192,7.680000,2,76,gloves,0.893384,436.61,200.91,454.22,226.91
192,7.680000,32,16,bottle,0.670595,96.39,306.62,114.59,359.23
192,7.680000,53,76,gloves,0.284191,314.84,83.01,328.86,103.21
193,7.720000,1,0,person,0.868690,299.04,67.35,390.14,291.52
193,7.720000,3,0,person,0.850586,400.78,89.09,464.27,294.42
193,7.720000,4,2,helmet,0.820618,427.61,89.27,457.84,115.39
193,7.720000,5,2,helmet,0.761726,337.26,67.99,364.11,86.42
193,7.720000,7,76,gloves,0.663002,361.60,153.30,373.59,166.50
193,7.720000,33,0,person,0.786439,240.03,81.53,304.27,313.95
193,7.720000,2,76,gloves,0.893404,436.67,200.95,454.27,226.98
193,7.720000,32,16,bottle,0.690597,96.23,306.75,114.48,359.39
193,7.720000,50,26,shovel,0.294374,293.50,70.21,361.68,293.21
194,7.760000,1,0,person,0.864981,299.15,67.26,390.58,291.43
194,7.760000,3,0,person,0.847732,400.91,89.19,464.40,294.32
194,7.760000,4,2,helmet,0.820296,427.58,89.39,457.75,115.37
194,7.760000,5,2,helmet,0.765404,337.11,67.91,364.09,86.46
194,7.760000,7,76,gloves,0.644307,361.26,153.35,373.43,166.65
194,7.760000,33,0,person,0.790721,241.73,81.46,305.44,313.40
194,7.760000,2,76,gloves,0.892357,436.66,200.96,454.32,227.14
194,7.760000,32,16,bottle,0.701503,96.16,306.80,114.46,359.44
195,7.800000,1,0,person,0.862577,299.16,67.24,390.87,291.41
195,7.800000,3,0,person,0.858896,400.76,89.24,464.36,294.44
195,7.800000,4,2,helmet,0.822166,427.54,89.43,457.81,115.45
195,7.800000,5,2,helmet,0.765773,337.06,67.87,364.10,86.49
195,7.800000,7,76,gloves,0.660824,361.17,153.55,373.28,166.70
195,7.800000,33,0,person,0.784795,242.38,81.39,305.73,313.08
195,7.800000,2,76,gloves,0.891990,436.72,200.97,454.25,226.98
195,7.800000,32,16,bottle,0.696371,96.08,306.80,114.44,359.45
196,7.840000,1,0,person,0.864119,299.20,67.23,391.11,291.32
196,7.840000,3,0,person,0.861787,400.67,89.30,464.36,294.47
196,7.840000,4,2,helmet,0.823109,427.55,89.44,457.77,115.36
196,7.840000,5,2,helmet,0.755552,336.96,67.86,364.23,86.69
196,7.840000,7,76,gloves,0.645394,361.14,153.60,373.28,166.72
196,7.840000,33,0,person,0.778335,242.97,81.71,305.86,312.49
196,7.840000,2,76,gloves,0.893132,436.69,200.93,454.16,226.93
196,7.840000,32,16,bottle,0.697588,96.10,306.84,114.47,359.45
196,7.840000,50,26,shovel,0.307330,293.30,70.57,361.89,293.07
197,7.880000,1,0,person,0.864576,299.38,67.22,391.43,291.21
197,7.880000,3,0,person,0.861873,400.56,89.17,464.35,294.49
197,7.880000,4,2,helmet,0.824848,427.34,89.27,457.91,115.46
197,7.880000,5,2,helmet,0.754757,336.94,67.86,364.27,86.77
197,7.880000,7,76,gloves,0.681648,360.81,153.63,372.93,166.72
197,7.880000,33,0,person,0.759593,243.91,81.81,306.54,312.20
197,7.880000,2,76,gloves,0.894486,436.68,200.89,454.12,226.88
197,7.880000,32,16,bottle,0.696762,96.10,306.85,114.50,359.45
197,7.880000,50,26,shovel,0.306329,293.36,70.73,362.25,293.07
198,7.920000,1,0,person,0.861099,300.01,67.21,391.96,291.04
198,7.920000,3,0,person,0.863634,400.50,89.23,464.33,294.51
198,7.920000,4,2,helmet,0.825654,427.23,89.31,457.82,115.50
198,7.920000,5,2,helmet,0.751765,337.08,67.85,364.49,86.89
198,7.920000,7,76,gloves,0.660605,360.70,153.55,372.85,166.68
198,7.920000,33,0,person,0.747278,245.79,81.72,308.37,311.99
198,7.920000,2,76,gloves,0.893543,436.68,200.90,454.09,226.89
198,7.920000,32,16,bottle,0.706716,96.07,306.86,114.51,359.48
198,7.920000,50,26,shovel,0.349396,293.17,70.67,362.37,293.06
199,7.960000,1,0,person,0.863470,299.65,67.22,391.60,290.95
199,7.960000,3,0,person,0.862208,400.47,89.16,464.37,294.48
199,7.960000,4,2,helmet,0.824118,427.21,89.34,457.74,115.43
199,7.960000,5,2,helmet,0.752755,336.97,67.85,364.51,87.09
199,7.960000,7,76,gloves,0.661113,360.47,153.58,372.62,166.70
199,7.960000,33,0,person,0.748071,247.72,81.69,310.30,311.88
199,7.960000,2,76,gloves,0.890250,436.65,200.93,454.02,226.84
199,7.960000,32,16,bottle,0.687027,96.04,306.85,114.55,359.56
199,7.960000,50,26,shovel,0.385470,293.28,70.61,362.70,293.21
200,8.000000,1,0,person,0.867297,299.51,67.28,391.39,290.85
200,8.000000,3,0,person,0.860395,400.42,89.11,464.39,294.48
200,8.000000,4,2,helmet,0.821457,427.24,89.36,457.45,115.10
200,8.000000,5,2,helmet,0.749782,337.00,67.85,364.50,87.17
200,8.000000,7,76,gloves,0.673510,360.22,153.28,372.52,166.52
200,8.000000,33,0,person,0.736345,249.21,81.66,312.06,311.92
200,8.000000,2,76,gloves,0.884048,436.50,201.13,453.83,226.96
200,8.000000,32,16,bottle,0.694952,96.07,306.88,114.57,359.58
200,8.000000,50,26,shovel,0.411242,294.60,70.94,363.62,292.97
201,8.040000,1,0,person,0.868719,298.89,67.25,390.88,291.01
201,8.040000,3,0,person,0.858569,400.33,89.04,464.34,294.44
201,8.040000,4,2,helmet,0.821978,427.23,89.37,457.40,114.97
201,8.040000,5,2,helmet,0.752018,336.97,67.82,364.38,87.12
201,8.040000,7,76,gloves,0.638450,360.10,153.15,372.49,166.50
201,8.040000,33,0,person,0.722617,250.88,82.08,313.79,312.15
201,8.040000,2,76,gloves,0.893262,436.29,201.12,453.61,227.00
201,8.040000,32,16,bottle,0.693543,96.09,306.87,114.57,359.46
201,8.040000,50,26,shovel,0.384431,294.53,70.94,363.51,292.92
202,8.080000,1,0,person,0.862833,299.31,67.26,391.06,290.97
202,8.080000,3,0,person,0.860875,400.28,88.87,464.37,294.42
202,8.080000,4,2,helmet,0.822095,427.13,89.25,457.47,114.95
202,8.080000,5,2,helmet,0.757960,336.99,67.81,364.29,87.07
202,8.080000,7,76,gloves,0.617841,360.04,153.05,372.52,166.51
202,8.080000,33,0,person,0.738824,252.44,82.15,315.65,312.68
202,8.080000,2,76,gloves,0.889909,435.95,200.92,453.29,226.84
202,8.080000,32,16,bottle,0.692077,96.09,306.84,114.57,359.42
202,8.080000,50,26,shovel,0.461280,294.75,71.24,363.55,292.82
203,8.120000,1,0,person,0.862708,299.75,67.24,391.21,291.00
203,8.120000,3,0,person,0.861012,400.26,88.81,464.38,294.40
203,8.120000,4,2,helmet,0.822004,427.07,89.20,457.52,114.94
203,8.120000,5,2,helmet,0.766015,336.86,67.80,364.22,87.19
203,8.120000,7,76,gloves,0.616651,360.04,152.95,372.59,166.50
203,8.120000,33,0,person,0.742379,253.03,82.41,316.38,312.97
203,8.120000,2,76,gloves,0.891341,435.77,200.81,453.13,226.78
203,8.120000,32,16,bottle,0.690919,96.09,306.83,114.58,359.40
203,8.120000,50,26,shovel,0.467573,295.14,70.95,363.89,292.68
203,8.120000,89,27,glasses,0.301447,426.95,104.88,445.07,113.12
204,8.160000,1,0,person,0.862726,299.59,67.24,390.81,290.83
204,8.160000,3,0,person,0.861139,400.20,88.78,464.35,294.41
204,8.160000,4,2,helmet,0.822186,427.03,89.19,457.56,114.94
204,8.160000,5,2,helmet,0.766384,336.85,67.80,364.17,87.23
204,8.160000,7,76,gloves,0.595293,359.99,152.86,372.60,166.50
204,8.160000,33,0,person,0.743504,253.30,82.36,316.77,313.10
204,8.160000,2,76,gloves,0.893380,435.62,200.74,453.01,226.79
204,8.160000,32,16,bottle,0.670472,96.06,306.73,114.51,359.38
204,8.160000,50,26,shovel,0.471860,295.52,71.41,363.92,292.42
204,8.160000,89,27,glasses,0.303104,426.95,104.88,445.07,113.13
205,8.200000,1,0,person,0.858790,299.76,67.29,390.72,290.88
205,8.200000,3,0,person,0.861804,400.19,88.68,464.36,294.39
205,8.200000,4,2,helmet,0.824718,426.98,89.06,457.76,115.02
205,8.200000,5,2,helmet,0.755675,336.81,67.82,364.12,87.29
205,8.200000,7,76,gloves,0.599507,359.99,152.73,372.73,166.53
205,8.200000,33,0,person,0.743314,253.53,82.13,317.19,313.21
205,8.200000,2,76,gloves,0.895079,435.54,200.69,452.95,226.77
205,8.200000,32,16,bottle,0.668632,96.06,306.73,114.46,359.37
205,8.200000,50,26,shovel,0.429846,295.78,71.25,364.05,292.46
205,8.200000,90,76,gloves,0.413595,296.86,167.85,316.69,204.21
206,8.240000,1,0,person,0.849691,300.36,67.36,390.93,291.05
206,8.240000,3,0,person,0.861160,400.12,88.51,464.35,294.42
206,8.240000,4,2,helmet,0.813803,427.02,88.96,457.79,114.88
206,8.240000,5,2,helmet,0.745438,336.79,67.86,364.04,87.35
206,8.240000,7,76,gloves,0.586123,359.91,152.59,372.72,166.52
206,8.240000,33,0,person,0.731490,253.59,82.41,317.24,313.27
206,8.240000,2,76,gloves,0.892667,435.52,200.67,452.92,226.77
206,8.240000,32,16,bottle,0.657946,96.08,306.72,114.34,359.26
206,8.240000,50,26,shovel,0.396723,296.20,70.88,364.34,292.62
206,8.240000,90,76,gloves,0.276178,297.44,168.46,316.80,204.10
206,8.240000,89,27,glasses,0.262970,426.46,104.60,444.94,113.03
207,8.280000,1,0,person,0.858631,301.30,67.41,391.26,290.91
207,8.280000,3,0,person,0.857133,400.20,88.46,464.40,294.37
207,8.280000,4,2,helmet,0.812149,427.05,88.93,457.81,114.80
207,8.280000,5,2,helmet,0.743559,336.78,67.87,364.00,87.38
207,8.280000,7,76,gloves,0.578643,359.89,152.54,372.70,166.51
207,8.280000,33,0,person,0.759995,255.11,82.17,319.42,313.24
207,8.280000,2,76,gloves,0.893655,435.51,200.68,452.87,226.74
207,8.280000,32,16,bottle,0.658572,96.19,306.73,114.39,359.27
207,8.280000,50,26,shovel,0.372855,297.01,71.62,364.33,292.63
207,8.280000,89,27,glasses,0.278880,425.94,104.26,444.50,112.78
207,8.280000,70,76,gloves,0.304208,298.89,70.38,330.55,130.69
208,8.320000,1,0,person,0.858330,301.69,67.44,391.16,290.85
208,8.320000,3,0,person,0.858318,400.23,88.45,464.41,294.35
208,8.320000,4,2,helmet,0.812403,427.05,88.92,457.83,114.77
208,8.320000,5,2,helmet,0.743541,336.82,67.88,363.96,87.38
208,8.320000,7,76,gloves,0.570288,359.87,152.37,372.79,166.50
208,8.320000,33,0,person,0.746438,255.54,82.26,320.35,313.28
208,8.320000,2,76,gloves,0.893766,435.51,200.68,452.85,226.72
208,8.320000,32,16,bottle,0.655643,96.17,306.74,114.27,359.23
208,8.320000,50,26,shovel,0.323870,297.77,71.38,364.66,292.54
208,8.320000,89,27,glasses,0.280010,425.82,104.15,444.31,112.69
208,8.320000,70,76,gloves,0.345665,299.50,70.35,330.82,130.81
209,8.360000,1,0,person,0.857519,301.87,67.46,390.90,290.92
209,8.360000,3,0,person,0.852724,400.26,88.54,464.38,294.32
209,8.360000,4,2,helmet,0.821013,426.83,88.92,457.91,115.07
209,8.360000,5,2,helmet,0.768767,336.72,67.83,363.89,87.43
209,8.360000,7,76,gloves,0.546786,359.86,152.23,372.87,166.50
209,8.360000,33,0,person,0.756627,256.00,81.64,321.47,313.54
209,8.360000,2,76,gloves,0.887421,435.51,200.53,452.81,226.56
209,8.360000,32,16,bottle,0.648393,95.96,306.68,114.08,359.34
209,8.360000,50,26,shovel,0.373345,298.08,70.82,364.40,291.78
209,8.360000,89,27,glasses,0.280935,425.89,104.21,444.19,112.73
209,8.360000,70,76,gloves,0.340512,299.98,70.30,330.91,130.71
210,8.400000,1,0,person,0.858166,301.65,67.48,390.41,291.04
210,8.400000,3,0,person,0.853629,400.27,88.59,464.36,294.32
210,8.400000,4,2,helmet,0.814388,426.94,88.96,457.72,114.81
210,8.400000,5,2,helmet,0.770631,336.83,67.83,363.95,87.43
210,8.400000,7,76,gloves,0.534521,359.87,152.19,372.89,166.52
210,8.400000,33,0,person,0.711437,254.48,81.48,319.90,313.67
210,8.400000,2,76,gloves,0.885414,435.45,200.51,452.72,226.55
210,8.400000,32,16,bottle,0.655479,95.97,306.64,114.06,359.40
210,8.400000,70,76,gloves,0.644705,307.37,70.55,329.56,112.68
211,8.440000,1,0,person,0.863680,302.15,67.43,390.51,291.00
211,8.440000,3,0,person,0.858982,400.14,88.57,464.22,294.33
211,8.440000,4,2,helmet,0.809619,426.72,88.95,457.30,114.56
211,8.440000,5,2,helmet,0.772125,336.77,67.82,363.87,87.48
211,8.440000,7,76,gloves,0.527637,359.92,152.21,372.92,166.55
211,8.440000,33,0,person,0.734427,254.29,81.95,319.41,313.70
211,8.440000,2,76,gloves,0.888243,435.43,200.36,452.71,226.51
211,8.440000,32,16,bottle,0.654078,96.08,306.55,114.18,359.40
211,8.440000,70,76,gloves,0.694391,310.60,70.58,329.10,105.05
211,8.440000,89,27,glasses,0.256645,426.15,104.64,443.92,112.94
212,8.480000,1,0,person,0.868947,303.24,67.43,391.03,290.93
212,8.480000,3,0,person,0.856488,400.10,88.50,464.18,294.31
212,8.480000,4,2,helmet,0.812398,426.51,88.94,457.09,114.45
212,8.480000,5,2,helmet,0.769370,336.81,67.80,363.78,87.42
212,8.480000,7,76,gloves,0.540186,359.94,152.14,372.98,166.55
212,8.480000,33,0,person,0.763961,256.38,81.87,321.96,313.46
212,8.480000,2,76,gloves,0.886988,435.32,200.34,452.47,226.33
212,8.480000,32,16,bottle,0.633756,95.81,306.61,113.93,359.51
212,8.480000,70,76,gloves,0.344356,311.04,70.91,328.95,103.68
212,8.480000,89,27,glasses,0.273833,426.13,104.88,443.54,113.01
213,8.520000,1,0,person,0.869729,303.39,67.46,390.62,290.86
213,8.520000,3,0,person,0.856693,400.04,88.49,464.08,294.29
213,8.520000,4,2,helmet,0.812369,426.40,88.94,457.04,114.41
213,8.520000,5,2,helmet,0.775344,336.70,67.80,363.68,87.51
213,8.520000,7,76,gloves,0.528580,359.95,152.12,372.98,166.55
213,8.520000,33,0,person,0.775753,257.10,82.04,323.04,313.40
213,8.520000,2,76,gloves,0.883372,435.40,200.37,452.43,226.27
213,8.520000,32,16,bottle,0.647645,95.75,306.66,113.87,359.58
213,8.520000,70,76,gloves,0.678855,311.03,70.74,329.14,103.51
213,8.520000,89,27,glasses,0.274078,426.12,104.94,443.40,113.03
214,8.560000,1,0,person,0.871232,303.57,67.53,390.31,290.88
214,8.560000,3,0,person,0.857724,399.96,88.41,464.02,294.30
214,8.560000,4,2,helmet,0.807011,426.21,88.96,456.66,114.28
214,8.560000,5,2,helmet,0.791012,336.87,67.88,363.28,87.18
214,8.560000,7,76,gloves,0.576453,360.10,152.38,372.91,166.56
214,8.560000,33,0,person,0.762651,257.44,82.65,323.43,313.56
214,8.560000,2,76,gloves,0.887072,435.26,200.23,452.31,226.23
214,8.560000,32,16,bottle,0.633081,95.56,306.68,113.74,359.62
214,8.560000,70,76,gloves,0.741423,311.31,70.74,329.37,103.12
214,8.560000,89,27,glasses,0.287448,425.91,104.72,443.75,113.12
215,8.600000,1,0,person,0.871948,304.01,67.56,390.22,290.80
215,8.600000,3,0,person,0.857490,399.58,88.36,463.61,294.35
215,8.600000,4,2,helmet,0.801781,426.00,88.96,456.25,114.13
215,8.600000,5,2,helmet,0.788585,336.79,67.92,363.09,87.16
215,8.600000,7,76,gloves,0.554673,360.20,152.48,372.93,166.57
215,8.600000,33,0,person,0.667020,257.25,83.29,322.93,313.46
215,8.600000,2,76,gloves,0.879340,435.07,200.18,452.06,226.14
215,8.600000,32,16,bottle,0.579228,95.52,306.70,113.75,359.69
215,8.600000,70,76,gloves,0.741776,311.44,70.70,329.59,103.14
215,8.600000,89,27,glasses,0.288172,425.78,104.55,443.87,113.10
215,8.600000,95,76,gloves,0.716196,319.30,148.94,338.00,160.86
216,8.640000,1,0,person,0.874342,305.18,67.57,390.63,290.75
216,8.640000,3,0,person,0.852014,399.43,88.50,463.43,294.54
216,8.640000,4,2,helmet,0.798503,426.02,88.95,456.10,114.03
216,8.640000,5,2,helmet,0.794022,336.97,68.00,362.96,87.00
216,8.640000,7,76,gloves,0.565396,360.32,152.41,373.20,166.59
216,8.640000,33,0,person,0.708960,258.79,83.62,324.02,313.17
216,8.640000,2,76,gloves,0.862117,434.69,200.35,451.48,226.09
216,8.640000,32,16,bottle,0.511535,95.28,306.73,113.59,359.67
216,8.640000,70,76,gloves,0.253683,311.71,70.88,329.71,103.02
216,8.640000,89,27,glasses,0.287902,426.89,105.02,444.51,113.28
216,8.640000,95,76,gloves,0.359182,319.55,148.74,338.54,160.84
217,8.680000,1,0,person,0.883392,306.33,67.48,390.99,290.58
217,8.680000,3,0,person,0.849404,399.36,88.61,463.25,294.59
217,8.680000,4,2,helmet,0.807829,425.65,88.93,456.20,114.50
217,8.680000,5,2,helmet,0.794692,336.90,67.95,362.85,86.92
217,8.680000,7,76,gloves,0.576196,360.22,152.25,373.24,166.57
217,8.680000,33,0,person,0.668426,262.90,83.64,328.63,314.18
217,8.680000,2,76,gloves,0.852338,434.31,200.41,450.92,225.96
217,8.680000,32,16,bottle,0.542121,95.10,306.73,113.52,359.67
217,8.680000,70,76,gloves,0.456185,311.60,70.77,329.96,103.61
217,8.680000,95,76,gloves,0.684936,320.01,148.69,339.08,160.81
218,8.720000,1,0,person,0.889977,306.40,67.42,390.44,290.62
218,8.720000,3,0,person,0.857136,399.17,88.98,462.86,294.47
218,8.720000,4,2,helmet,0.805146,425.77,89.17,456.11,114.60
218,8.720000,5,2,helmet,0.793130,336.67,67.91,362.65,86.88
218,8.720000,7,76,gloves,0.571541,360.16,152.18,373.23,166.54
218,8.720000,33,0,person,0.658173,266.01,83.54,332.06,314.61
218,8.720000,2,76,gloves,0.827883,434.00,200.21,450.42,225.83
218,8.720000,32,16,bottle,0.538868,94.98,306.72,113.52,359.70
218,8.720000,95,76,gloves,0.646482,321.04,148.67,339.86,160.63
218,8.720000,97,7,ladder,0.370823,235.63,198.06,286.81,303.13
219,8.760000,1,0,person,0.891963,306.86,67.39,390.24,290.58
219,8.760000,3,0,person,0.849691,399.05,89.18,462.57,294.41
219,8.760000,4,2,helmet,0.811838,425.71,89.26,456.02,114.75
219,8.760000,5,2,helmet,0.790569,336.37,67.90,362.47,86.94
219,8.760000,7,76,gloves,0.547887,360.15,152.17,373.22,166.53
219,8.760000,33,0,person,0.660799,268.22,83.55,334.52,314.63
219,8.760000,2,76,gloves,0.814862,433.61,200.22,449.63,225.50
219,8.760000,32,16,bottle,0.522188,95.03,306.77,113.62,359.68
219,8.760000,95,76,gloves,0.521152,321.56,148.72,340.27,160.57
219,8.760000,97,7,ladder,0.369192,236.03,197.41,286.65,301.35
220,8.800000,1,0,person,0.890993,307.33,67.38,390.06,290.53
220,8.800000,3,0,person,0.843681,398.98,89.03,462.43,294.50
220,8.800000,4,2,helmet,0.809554,425.88,89.29,456.03,114.71
220,8.800000,5,2,helmet,0.792065,336.26,67.89,362.41,86.96
220,8.800000,7,76,gloves,0.548181,360.14,152.16,373.22,166.53
220,8.800000,33,0,person,0.575935,265.56,83.14,330.98,314.87
220,8.800000,2,76,gloves,0.822343,433.39,200.24,449.13,225.31
220,8.800000,32,16,bottle,0.515070,95.01,306.79,113.66,359.68
220,8.800000,95,76,gloves,0.547160,321.87,148.73,340.56,160.52
220,8.800000,97,7,ladder,0.300358,236.06,197.58,286.38,300.96
220,8.800000,70,76,gloves,0.273729,311.43,70.44,330.31,104.52
221,8.840000,1,0,person,0.893703,307.56,67.42,389.67,290.48
221,8.840000,3,0,person,0.799007,400.38,88.73,463.31,294.17
221,8.840000,4,2,helmet,0.810457,425.97,89.19,456.25,114.79
221,8.840000,5,2,helmet,0.791753,336.27,67.93,362.43,86.99
221,8.840000,7,76,gloves,0.546533,360.11,152.19,373.20,166.53
221,8.840000,33,0,person,0.588943,267.40,83.17,332.46,314.59
221,8.840000,2,76,gloves,0.821480,433.06,200.27,448.65,225.37
221,8.840000,32,16,bottle,0.410669,93.47,306.78,112.48,359.76
221,8.840000,95,76,gloves,0.580850,321.91,148.75,340.79,160.58
221,8.840000,97,7,ladder,0.266721,236.07,197.14,286.29,300.35
221,8.840000,70,76,gloves,0.314605,311.48,70.23,330.38,104.69
222,8.880000,1,0,person,0.887922,307.77,67.45,389.37,290.62
222,8.880000,3,0,person,0.796627,401.03,88.77,463.40,294.14
222,8.880000,4,2,helmet,0.814880,426.14,89.15,456.35,114.75
222,8.880000,5,2,helmet,0.791582,336.28,67.97,362.41,87.00
222,8.880000,7,76,gloves,0.517210,360.11,152.20,373.22,166.53
222,8.880000,33,0,person,0.583955,268.03,82.84,332.75,314.35
222,8.880000,2,76,gloves,0.856311,432.45,200.21,447.94,225.37
222,8.880000,32,16,bottle,0.401240,92.71,306.72,112.07,359.83
222,8.880000,95,76,gloves,0.420722,322.35,148.61,341.63,160.64
222,8.880000,97,7,ladder,0.254229,236.00,197.66,285.96,300.38
222,8.880000,70,76,gloves,0.391410,311.47,70.15,330.34,104.84
223,8.920000,1,0,person,0.884312,307.90,67.44,389.04,290.65
223,8.920000,3,0,person,0.799530,401.08,88.63,462.98,294.00
223,8.920000,4,2,helmet,0.813392,426.45,89.12,456.53,114.60
223,8.920000,5,2,helmet,0.800761,336.29,67.96,362.48,87.03
223,8.920000,7,76,gloves,0.530886,360.32,152.13,373.31,166.37
223,8.920000,33,0,person,0.711296,268.09,82.66,332.23,314.09
223,8.920000,2,76,gloves,0.846836,432.18,200.40,447.31,225.25
223,8.920000,32,16,bottle,0.348026,93.19,306.63,112.64,359.80
223,8.920000,70,76,gloves,0.278621,311.56,70.13,330.23,104.69
224,8.960000,1,0,person,0.882066,308.15,67.45,388.86,290.63
224,8.960000,3,0,person,0.808306,402.21,88.84,463.34,293.53
224,8.960000,4,2,helmet,0.816300,426.43,89.22,456.68,114.87
224,8.960000,5,2,helmet,0.801046,336.19,67.96,362.50,87.11
224,8.960000,7,76,gloves,0.441957,360.46,152.08,373.38,166.29
224,8.960000,33,0,person,0.732250,268.51,82.84,332.11,314.01
224,8.960000,2,76,gloves,0.829575,432.00,200.54,446.79,225.08
224,8.960000,32,16,bottle,0.413077,92.37,306.64,112.09,359.87
224,8.960000,89,27,glasses,0.250674,425.60,104.62,444.18,113.53
224,8.960000,95,76,gloves,0.448124,324.81,149.48,342.37,160.34
224,8.960000,97,7,ladder,0.285418,235.73,196.72,285.91,299.91
225,9.000000,1,0,person,0.879803,307.61,67.45,388.05,290.70
225,9.000000,3,0,person,0.802502,402.56,88.63,463.16,293.45
225,9.000000,4,2,helmet,0.815967,426.25,89.01,456.79,115.00
225,9.000000,5,2,helmet,0.802686,336.25,67.96,362.51,87.07
225,9.000000,7,76,gloves,0.502974,360.49,152.08,373.35,166.24
225,9.000000,33,0,person,0.758350,269.06,82.90,332.18,313.90
225,9.000000,2,76,gloves,0.866328,431.51,200.27,446.34,225.13
225,9.000000,32,16,bottle,0.382755,91.94,306.64,111.97,359.93
225,9.000000,70,76,gloves,0.272676,312.06,70.26,329.89,103.23
226,9.040000,1,0,person,0.877958,307.50,67.44,387.69,290.71
226,9.040000,3,0,person,0.805585,402.67,88.54,462.77,293.48
226,9.040000,4,2,helmet,0.817612,426.14,88.93,456.72,115.02
226,9.040000,5,2,helmet,0.804100,336.27,67.96,362.56,87.06
226,9.040000,7,76,gloves,0.522991,360.53,152.02,373.38,166.24
226,9.040000,33,0,person,0.734167,269.46,82.71,332.22,313.82
226,9.040000,2,76,gloves,0.856249,431.08,199.97,445.90,224.85
226,9.040000,32,16,bottle,0.372893,91.50,306.58,111.81,359.94
226,9.040000,70,76,gloves,0.255297,312.20,70.32,329.73,102.68
226,9.040000,95,76,gloves,0.253433,325.25,149.86,342.55,160.47
227,9.080000,1,0,person,0.879617,307.38,67.44,387.35,290.67
227,9.080000,3,0,person,0.814255,402.81,88.38,462.47,293.45
227,9.080000,4,2,helmet,0.817139,426.11,88.90,456.69,115.03
227,9.080000,5,2,helmet,0.804136,336.27,67.96,362.58,87.06
227,9.080000,7,76,gloves,0.402093,360.58,152.07,373.33,166.20
227,9.080000,33,0,person,0.757529,269.72,82.55,332.14,313.81
227,9.080000,2,76,gloves,0.866814,429.63,199.98,444.60,224.36
227,9.080000,32,16,bottle,0.421195,91.28,306.53,111.83,359.98
228,9.120000,1,0,person,0.879188,307.48,67.53,387.13,290.56
228,9.120000,3,0,person,0.820059,402.98,88.37,462.20,293.45
228,9.120000,4,2,helmet,0.824676,425.97,88.90,456.68,115.24
228,9.120000,5,2,helmet,0.801117,336.28,68.10,362.50,87.10
228,9.120000,7,76,gloves,0.383628,360.58,152.04,373.35,166.25
228,9.120000,33,0,person,0.751760,269.95,82.35,332.11,313.87
228,9.120000,2,76,gloves,0.848985,429.81,199.66,444.20,222.00
229,9.160000,1,0,person,0.876430,307.79,67.51,387.13,290.34
229,9.160000,3,0,person,0.817168,403.12,88.16,461.91,293.46
229,9.160000,4,2,helmet,0.823815,425.54,88.68,456.56,115.34
229,9.160000,5,2,helmet,0.784451,336.42,68.15,362.02,86.62
229,9.160000,7,76,gloves,0.462532,360.86,152.07,373.57,166.19
229,9.160000,33,0,person,0.739341,270.15,82.37,331.97,313.91
229,9.160000,2,76,gloves,0.896014,429.34,199.36,444.17,221.21
229,9.160000,95,76,gloves,0.497498,326.02,149.22,343.42,159.84
229,9.160000,32,16,bottle,0.292056,90.85,306.41,111.66,359.94
230,9.200000,1,0,person,0.837813,307.60,67.75,386.77,290.90
230,9.200000,3,0,person,0.816135,403.31,88.25,461.62,293.41
230,9.200000,4,2,helmet,0.822160,425.49,88.78,456.42,115.39
230,9.200000,5,2,helmet,0.784001,336.38,68.03,362.04,86.48
230,9.200000,7,76,gloves,0.570758,360.87,151.92,373.71,166.20
230,9.200000,33,0,person,0.734477,269.76,82.16,331.30,314.06
230,9.200000,2,76,gloves,0.886761,429.21,199.53,445.17,222.44
230,9.200000,95,76,gloves,0.363061,327.14,148.83,343.86,159.03
230,9.200000,32,16,bottle,0.327771,90.63,306.36,111.68,359.93
231,9.240000,1,0,person,0.825475,307.26,68.08,386.21,291.32
231,9.240000,3,0,person,0.820158,403.36,87.90,461.38,293.43
231,9.240000,4,2,helmet,0.828070,425.06,88.34,456.35,115.44
231,9.240000,5,2,helmet,0.780311,336.25,68.30,361.84,86.61
231,9.240000,7,76,gloves,0.547339,361.10,152.00,373.75,166.07
231,9.240000,33,0,person,0.718595,268.60,82.62,329.91,314.05
231,9.240000,2,76,gloves,0.874054,428.74,199.48,446.29,224.37
231,9.240000,32,16,bottle,0.320255,90.50,306.34,111.75,359.92
232,9.280000,1,0,person,0.826033,307.53,68.05,386.16,291.24
232,9.280000,3,0,person,0.824650,403.03,87.64,460.79,293.54
232,9.280000,4,2,helmet,0.828029,424.72,88.15,455.96,115.38
232,9.280000,5,2,helmet,0.791555,336.18,68.48,361.73,86.72
232,9.280000,7,76,gloves,0.547994,361.14,151.98,373.74,166.01
232,9.280000,33,0,person,0.735393,268.53,82.67,329.60,313.98
232,9.280000,2,76,gloves,0.867147,429.36,199.53,447.04,224.43
232,9.280000,32,16,bottle,0.548820,90.25,306.22,111.76,359.97
233,9.320000,1,0,person,0.822046,307.58,68.03,385.97,291.25
233,9.320000,3,0,person,0.827349,402.83,87.55,460.33,293.53
233,9.320000,4,2,helmet,0.828453,424.54,88.07,455.69,115.38
233,9.320000,5,2,helmet,0.794338,336.07,68.55,361.77,86.87
233,9.320000,7,76,gloves,0.540881,361.22,152.02,373.73,165.96
233,9.320000,33,0,person,0.713158,267.46,82.37,328.63,314.07
233,9.320000,2,76,gloves,0.858128,429.78,199.55,447.47,224.33
233,9.320000,32,16,bottle,0.525204,89.96,306.22,111.68,359.99
233,9.320000,70,76,gloves,0.342013,311.28,70.74,329.28,104.14
234,9.360000,1,0,person,0.813331,307.79,67.98,385.94,291.26
234,9.360000,3,0,person,0.822854,402.80,87.51,460.04,293.52
234,9.360000,4,2,helmet,0.827263,424.53,88.04,455.55,115.37
234,9.360000,5,2,helmet,0.790108,336.01,68.57,361.81,86.94
234,9.360000,7,76,gloves,0.534450,361.25,152.04,373.72,165.94
234,9.360000,33,0,person,0.728935,267.55,80.42,329.21,314.04
234,9.360000,2,76,gloves,0.855662,430.12,199.60,447.95,224.65
234,9.360000,32,16,bottle,0.524435,89.82,306.23,111.70,360.00
234,9.360000,70,76,gloves,0.395196,310.87,70.82,328.97,104.33
235,9.400000,1,0,person,0.821989,308.35,67.94,386.17,291.19
235,9.400000,3,0,person,0.826376,402.80,87.71,459.77,293.60
235,9.400000,4,2,helmet,0.826965,424.52,88.21,455.16,115.29
235,9.400000,5,2,helmet,0.787567,335.98,68.58,361.84,86.97
235,9.400000,7,76,gloves,0.558399,361.29,152.00,373.82,165.99
235,9.400000,33,0,person,0.734380,267.77,78.87,329.89,314.12
235,9.400000,2,76,gloves,0.854533,430.13,199.54,448.08,224.80
235,9.400000,32,16,bottle,0.429737,89.64,306.35,111.65,359.95
235,9.400000,70,76,gloves,0.250680,310.54,70.71,328.81,104.32
235,9.400000,108,76,gloves,0.367671,404.05,169.36,417.43,201.81
236,9.440000,1,0,person,0.817277,308.97,68.08,386.42,291.36
236,9.440000,3,0,person,0.814272,402.70,87.91,459.46,293.61
236,9.440000,4,2,helmet,0.824759,424.32,88.30,454.91,115.38
236,9.440000,5,2,helmet,0.805171,336.08,68.69,361.85,86.97
236,9.440000,7,76,gloves,0.550090,361.31,152.00,373.83,166.01
236,9.440000,33,0,person,0.757786,267.76,78.26,330.04,314.13
236,9.440000,2,76,gloves,0.853934,429.86,199.23,448.25,225.28
236,9.440000,32,16,bottle,0.541491,89.53,306.30,111.72,359.98
236,9.440000,109,74,bucket,0.385264,88.85,306.52,112.57,359.85
236,9.440000,110,76,gloves,0.476999,326.86,150.32,341.50,163.10
237,9.480000,1,0,person,0.820295,309.24,68.13,386.34,291.33
237,9.480000,3,0,person,0.810538,402.77,87.84,459.32,293.59
237,9.480000,4,2,helmet,0.822777,424.13,88.31,454.58,115.37
237,9.480000,5,2,helmet,0.801477,336.10,68.73,361.88,86.97
237,9.480000,7,76,gloves,0.514767,361.32,152.06,373.79,166.03
237,9.480000,33,0,person,0.755838,267.45,77.08,330.04,314.12
237,9.480000,2,76,gloves,0.853946,429.30,199.12,448.01,225.65
237,9.480000,32,74,bucket,0.336063,89.47,306.58,111.66,359.86
237,9.480000,109,16,bottle,0.572191,88.67,306.33,112.50,359.90
237,9.480000,108,76,gloves,0.272626,403.97,169.12,417.37,201.68
238,9.520000,1,0,person,0.826050,309.39,68.14,386.18,291.25
238,9.520000,3,0,person,0.814453,402.82,87.82,459.19,293.61
238,9.520000,4,2,helmet,0.823245,424.09,88.32,454.43,115.36
238,9.520000,5,2,helmet,0.768660,336.13,68.70,361.90,86.88
238,9.520000,7,76,gloves,0.518609,361.32,152.08,373.78,166.03
238,9.520000,33,0,person,0.752851,267.29,77.91,329.72,314.17
238,9.520000,2,76,gloves,0.866349,429.28,199.87,447.44,225.78
238,9.520000,32,74,bucket,0.344119,89.40,306.69,111.68,359.83
238,9.520000,109,16,bottle,0.575532,88.60,306.26,112.47,359.93
238,9.520000,108,76,gloves,0.260938,403.86,169.00,417.30,201.71
239,9.560000,1,0,person,0.833315,309.84,68.22,386.27,291.21
239,9.560000,3,0,person,0.805620,402.72,88.01,458.86,293.67
239,9.560000,4,2,helmet,0.823966,423.99,88.46,454.02,115.27
239,9.560000,5,2,helmet,0.775081,336.21,68.75,361.93,86.86
239,9.560000,7,76,gloves,0.546252,361.28,152.03,373.75,166.01
239,9.560000,33,0,person,0.757009,267.42,78.23,329.83,314.13
239,9.560000,2,76,gloves,0.846924,429.91,200.09,447.35,225.78
240,9.600000,1,0,person,0.829888,309.91,68.25,386.06,291.17
240,9.600000,3,0,person,0.808057,402.78,88.13,458.70,293.64
240,9.600000,4,2,helmet,0.822644,423.98,88.53,453.86,115.23
240,9.600000,5,2,helmet,0.772817,336.23,68.77,361.99,86.86
240,9.600000,7,76,gloves,0.552686,361.35,152.00,373.81,166.00
240,9.600000,33,0,person,0.747718,267.14,78.39,329.48,314.20
240,9.600000,2,76,gloves,0.857419,429.79,200.29,446.48,225.66
240,9.600000,32,16,bottle,0.330616,89.10,306.45,111.65,359.82
241,9.640000,1,0,person,0.831821,309.96,68.28,385.90,291.17
241,9.640000,3,0,person,0.807729,402.64,88.01,458.37,293.50
241,9.640000,4,2,helmet,0.819728,423.71,88.52,453.59,115.24
241,9.640000,5,2,helmet,0.771626,336.22,68.78,362.03,86.86
241,9.640000,7,76,gloves,0.491529,361.39,152.03,373.84,166.04
241,9.640000,33,0,person,0.760367,267.29,78.36,329.70,314.26
241,9.640000,2,76,gloves,0.850490,429.58,200.44,445.73,225.66
241,9.640000,32,16,bottle,0.333656,88.99,306.40,111.71,359.82
242,9.680000,1,0,person,0.840387,309.00,68.25,385.11,291.56
242,9.680000,3,0,person,0.821810,402.83,88.05,458.35,293.44
242,9.680000,4,2,helmet,0.819168,423.63,88.59,453.43,115.25
242,9.680000,5,2,helmet,0.771726,336.18,68.77,362.07,86.88
242,9.680000,7,76,gloves,0.501860,361.37,152.04,373.82,166.07
242,9.680000,33,0,person,0.785878,268.80,80.18,331.15,314.12
242,9.680000,2,76,gloves,0.861254,429.36,200.53,445.32,226.06
242,9.680000,32,16,bottle,0.539119,90.61,306.60,112.94,359.79
243,9.720000,1,0,person,0.867584,309.69,68.19,385.55,291.27
243,9.720000,3,0,person,0.828970,402.80,87.89,458.11,293.36
243,9.720000,4,2,helmet,0.820129,423.40,88.60,453.06,115.16
243,9.720000,5,2,helmet,0.771972,336.17,68.76,362.11,86.88
243,9.720000,7,76,gloves,0.514766,361.37,152.09,373.75,166.06
243,9.720000,33,0,person,0.774499,269.31,78.39,332.66,314.28
243,9.720000,2,76,gloves,0.853338,428.80,200.67,444.70,226.43
243,9.720000,32,16,bottle,0.646097,91.48,306.65,113.44,359.74
244,9.760000,1,0,person,0.827405,308.79,68.33,384.82,291.75
244,9.760000,3,0,person,0.831532,402.62,87.94,457.79,293.42
244,9.760000,4,2,helmet,0.822378,423.25,88.58,452.87,115.11
244,9.760000,5,2,helmet,0.769016,336.07,68.69,362.04,86.81
244,9.760000,7,76,gloves,0.527070,361.35,152.10,373.73,166.08
244,9.760000,33,0,person,0.771595,270.00,79.44,333.73,314.33
244,9.760000,2,76,gloves,0.863891,428.44,200.84,444.13,226.42
244,9.760000,32,16,bottle,0.698720,91.86,306.78,113.36,359.58
245,9.800000,1,0,person,0.831245,308.58,68.08,384.77,291.90
245,9.800000,3,0,person,0.834674,402.64,87.99,457.60,293.43
245,9.800000,4,2,helmet,0.819873,422.64,88.57,452.27,115.16
245,9.800000,5,2,helmet,0.765534,336.07,68.58,361.99,86.63
245,9.800000,7,76,gloves,0.556526,361.37,152.16,373.69,166.09
245,9.800000,33,0,person,0.795730,272.49,80.35,336.86,312.38
245,9.800000,2,76,gloves,0.864982,428.35,200.87,443.88,226.26
245,9.800000,32,16,bottle,0.730033,91.99,306.83,113.14,359.51
246,9.840000,1,0,person,0.825542,309.07,67.94,385.17,291.92
246,9.840000,3,0,person,0.834349,402.66,88.02,457.45,293.41
246,9.840000,4,2,helmet,0.824687,422.52,88.52,451.94,114.92
246,9.840000,5,2,helmet,0.798147,336.05,68.59,361.94,86.57
246,9.840000,7,76,gloves,0.605339,361.41,152.28,373.63,166.09
246,9.840000,33,0,person,0.806885,273.29,80.48,338.58,311.52
246,9.840000,2,76,gloves,0.865755,428.30,200.87,443.74,226.20
246,9.840000,32,16,bottle,0.643582,92.09,306.85,113.11,359.58
246,9.840000,117,7,ladder,0.348827,235.87,158.79,351.88,309.45
246,9.840000,70,76,gloves,0.251622,309.67,70.79,327.99,104.07
247,9.880000,1,0,person,0.842402,308.83,67.79,384.92,291.63
247,9.880000,3,0,person,0.835140,402.70,88.00,457.34,293.39
247,9.880000,4,2,helmet,0.826421,422.34,88.49,451.73,114.84
247,9.880000,5,2,helmet,0.801363,335.98,68.51,361.98,86.57
247,9.880000,7,76,gloves,0.599101,361.42,152.31,373.62,166.09
247,9.880000,33,0,person,0.819814,273.89,80.43,340.89,312.43
247,9.880000,2,76,gloves,0.862987,428.36,200.85,443.73,226.17
247,9.880000,32,16,bottle,0.654658,92.04,306.81,112.98,359.61
247,9.880000,117,7,ladder,0.317009,235.53,157.72,352.31,309.39
247,9.880000,119,76,gloves,0.457097,328.75,143.64,346.61,160.15
247,9.880000,70,76,gloves,0.281611,309.35,70.56,328.03,104.19
248,9.920000,1,0,person,0.892873,308.54,67.88,384.51,291.05
248,9.920000,3,0,person,0.832302,402.75,87.99,457.26,293.39
248,9.920000,4,2,helmet,0.827340,422.17,88.49,451.60,114.82
248,9.920000,5,2,helmet,0.795746,336.04,68.49,361.91,86.40
248,9.920000,7,76,gloves,0.598653,361.43,152.34,373.58,166.07
248,9.920000,33,0,person,0.832588,274.44,80.22,343.09,312.69
248,9.920000,2,76,gloves,0.858022,428.67,200.85,443.93,226.16
248,9.920000,32,16,bottle,0.688813,92.04,306.87,112.72,359.47
248,9.920000,117,7,ladder,0.290240,237.22,160.06,351.51,308.37
248,9.920000,119,76,gloves,0.398097,331.66,143.73,347.44,158.22
248,9.920000,70,76,gloves,0.325764,309.28,70.52,328.09,104.20
249,9.960000,1,0,person,0.884233,308.36,67.88,384.45,291.10
249,9.960000,3,0,person,0.826085,402.80,88.12,457.22,293.61
249,9.960000,4,2,helmet,0.818635,421.94,88.46,451.50,114.91
249,9.960000,5,2,helmet,0.790815,336.12,68.53,361.86,86.29
249,9.960000,7,76,gloves,0.602170,361.27,152.37,373.56,166.28
249,9.960000,33,0,person,0.829957,274.80,80.16,344.97,312.69
249,9.960000,2,76,gloves,0.853272,428.85,200.85,443.97,226.07
249,9.960000,32,16,bottle,0.642999,92.81,306.83,112.83,358.49
249,9.960000,117,7,ladder,0.356480,235.42,156.23,353.08,309.06
249,9.960000,119,76,gloves,0.558555,334.82,144.38,349.85,158.07
249,9.960000,70,76,gloves,0.315110,309.29,70.52,328.13,104.13
250,10.000000,1,0,person,0.895110,308.51,67.80,384.65,291.05
250,10.000000,3,0,person,0.830516,402.85,88.14,457.11,293.45
250,10.000000,4,2,helmet,0.819420,421.85,88.45,451.47,114.94
250,10.000000,5,2,helmet,0.783054,335.98,68.44,361.79,86.23
250,10.000000,7,76,gloves,0.473550,360.62,151.00,373.97,166.31
250,10.000000,33,0,person,0.830324,274.95,80.33,346.64,312.70
250,10.000000,2,76,gloves,0.854441,428.80,200.68,443.95,226.05
250,10.000000,32,16,bottle,0.659574,93.16,306.80,112.85,358.29
250,10.000000,117,7,ladder,0.403543,235.06,155.97,353.03,309.28
250,10.000000,119,76,gloves,0.535969,336.60,144.77,351.76,158.43
251,10.040000,1,0,person,0.893168,308.34,67.82,384.58,291.05
251,10.040000,3,0,person,0.835618,402.90,88.12,457.03,293.40
251,10.040000,4,2,helmet,0.815397,421.88,88.45,451.44,114.88
251,10.040000,5,2,helmet,0.761694,335.86,68.42,361.52,86.02
251,10.040000,7,76,gloves,0.563363,360.64,151.36,373.56,166.30
251,10.040000,33,0,person,0.838691,275.02,79.34,348.42,312.45
251,10.040000,2,76,gloves,0.854573,428.74,200.59,443.85,226.06
251,10.040000,32,16,bottle,0.644331,93.27,306.79,112.68,358.11
251,10.040000,117,7,ladder,0.376751,235.57,157.88,352.18,309.28
251,10.040000,119,76,gloves,0.584295,337.68,145.15,353.30,159.03
251,10.040000,70,76,gloves,0.408441,308.92,70.51,327.97,104.31
252,10.080000,1,0,person,0.891686,308.07,67.81,384.45,291.04
252,10.080000,3,0,person,0.829216,402.89,88.17,456.97,293.48
252,10.080000,4,2,helmet,0.817811,421.93,88.45,451.37,114.74
252,10.080000,5,2,helmet,0.762269,335.75,68.39,361.49,85.99
252,10.080000,7,76,gloves,0.502188,360.73,151.62,373.34,166.29
252,10.080000,33,0,person,0.841343,274.47,79.23,349.32,312.51
252,10.080000,2,76,gloves,0.858571,428.60,200.57,443.59,225.93
252,10.080000,32,16,bottle,0.669070,93.24,306.79,112.53,358.20
252,10.080000,117,7,ladder,0.355071,237.81,162.59,350.53,308.41
252,10.080000,119,76,gloves,0.615948,337.92,145.38,353.99,159.47
252,10.080000,70,76,gloves,0.420804,308.83,70.84,327.87,104.42
253,10.120000,1,0,person,0.893570,308.03,67.65,384.50,290.92
253,10.120000,3,0,person,0.830633,402.94,88.18,456.98,293.51
253,10.120000,4,2,helmet,0.818386,421.86,88.45,451.29,114.70
253,10.120000,5,2,helmet,0.783760,335.52,68.19,361.61,86.02
253,10.120000,7,76,gloves,0.417386,360.77,151.78,373.24,166.38
253,10.120000,33,0,person,0.832942,274.02,79.42,350.05,312.45
253,10.120000,2,76,gloves,0.855680,428.55,200.56,443.45,225.85
253,10.120000,32,16,bottle,0.659023,93.21,306.79,112.31,358.02
253,10.120000,117,7,ladder,0.318723,239.88,169.20,348.02,308.07
253,10.120000,119,76,gloves,0.603568,337.97,145.68,354.28,159.77
253,10.120000,70,76,gloves,0.370823,310.49,79.16,325.99,104.61
254,10.160000,1,0,person,0.888936,307.83,67.41,384.50,290.95
254,10.160000,3,0,person,0.830792,402.97,88.18,456.96,293.50
254,10.160000,4,2,helmet,0.816876,421.84,88.45,451.25,114.63
254,10.160000,5,2,helmet,0.773902,335.34,67.90,361.56,85.80
254,10.160000,7,76,gloves,0.613157,360.50,151.02,373.48,166.38
254,10.160000,33,0,person,0.817595,272.60,79.67,349.41,312.31
254,10.160000,2,76,gloves,0.856983,428.56,200.55,443.39,225.81
254,10.160000,32,16,bottle,0.633365,93.20,306.79,112.14,357.81
254,10.160000,117,7,ladder,0.333190,240.56,172.11,347.19,307.99
254,10.160000,119,76,gloves,0.643555,336.50,146.12,352.96,160.18
254,10.160000,70,76,gloves,0.319226,311.04,82.71,325.20,104.70
255,10.200000,1,0,person,0.892492,307.68,67.34,384.49,290.98
255,10.200000,3,0,person,0.831121,403.01,88.18,456.95,293.50
255,10.200000,4,2,helmet,0.817021,421.83,88.45,451.26,114.60
255,10.200000,5,2,helmet,0.772356,335.29,67.79,361.41,85.60
255,10.200000,7,76,gloves,0.604615,360.60,151.15,373.38,166.38
255,10.200000,33,0,person,0.823548,271.76,79.54,349.44,312.28
255,10.200000,2,76,gloves,0.856209,428.58,200.55,443.35,225.80
255,10.200000,32,16,bottle,0.630829,93.22,306.79,112.02,357.59
255,10.200000,117,7,ladder,0.333244,239.88,171.20,347.85,307.97
255,10.200000,119,76,gloves,0.618323,335.54,146.64,352.22,160.66
255,10.200000,70,76,gloves,0.374549,311.02,83.68,325.18,104.71
256,10.240000,1,0,person,0.885511,308.63,67.25,385.11,290.25
256,10.240000,3,0,person,0.865979,400.93,88.56,455.23,293.46
256,10.240000,4,2,helmet,0.818788,421.61,88.76,450.73,114.54
256,10.240000,5,2,helmet,0.799181,334.55,67.76,361.53,86.18
256,10.240000,7,76,gloves,0.770513,360.56,151.21,372.64,165.61
256,10.240000,33,0,person,0.837706,271.10,78.06,349.82,312.03
256,10.240000,2,76,gloves,0.881918,428.50,200.31,443.34,225.71
256,10.240000,32,16,bottle,0.795258,92.62,306.02,112.08,358.89
256,10.240000,117,7,ladder,0.300322,244.08,184.93,343.10,307.71
256,10.240000,119,76,gloves,0.337746,334.94,147.25,351.46,160.88
256,10.240000,70,76,gloves,0.728265,307.58,74.33,327.65,104.51
257,10.280000,1,0,person,0.883249,308.87,67.32,385.18,289.99
257,10.280000,3,0,person,0.869040,399.98,88.64,454.72,293.44
257,10.280000,4,2,helmet,0.817879,421.48,88.85,450.58,114.54
257,10.280000,5,2,helmet,0.787162,334.29,67.86,361.23,86.22
257,10.280000,7,76,gloves,0.762796,360.72,151.46,372.23,165.14
257,10.280000,33,0,person,0.838227,270.34,76.51,350.07,312.02
257,10.280000,2,76,gloves,0.884187,428.45,200.18,443.34,225.73
257,10.280000,32,16,bottle,0.788216,92.31,305.78,111.84,359.15
257,10.280000,117,7,ladder,0.298291,245.08,190.21,341.77,307.71
257,10.280000,119,76,gloves,0.312290,334.43,148.07,350.74,161.28
257,10.280000,70,76,gloves,0.738173,306.50,71.56,328.21,104.57
257,10.280000,121,74,bucket,0.316380,454.20,316.98,472.19,356.43
258,10.320000,1,0,person,0.880572,309.19,67.40,385.34,289.92
258,10.320000,3,0,person,0.867506,399.51,88.65,454.67,293.48
258,10.320000,4,2,helmet,0.819689,421.36,88.88,450.62,114.69
258,10.320000,5,2,helmet,0.799371,333.88,67.97,361.05,86.55
258,10.320000,7,76,gloves,0.742426,360.36,150.32,372.61,164.99
258,10.320000,33,0,person,0.828370,269.68,75.35,350.07,311.61
258,10.320000,2,76,gloves,0.877640,428.49,200.17,443.34,225.70
258,10.320000,32,16,bottle,0.794135,92.32,305.77,111.76,359.26
258,10.320000,117,7,ladder,0.300547,244.96,192.23,341.83,307.71
258,10.320000,70,76,gloves,0.797372,306.08,70.42,328.48,104.88
258,10.320000,121,74,bucket,0.309871,454.00,316.85,472.01,356.32
259,10.360000,1,0,person,0.886473,309.33,67.37,385.40,290.00
259,10.360000,3,0,person,0.870229,399.25,88.66,454.79,293.50
259,10.360000,4,2,helmet,0.819171,421.31,88.88,450.64,114.69
259,10.360000,5,2,helmet,0.788180,333.56,67.94,360.41,86.20
259,10.360000,7,76,gloves,0.755422,360.19,149.82,372.67,164.88
259,10.360000,33,0,person,0.834798,269.28,75.83,349.88,311.74
259,10.360000,2,76,gloves,0.883842,428.49,200.12,443.38,225.74
259,10.360000,32,16,bottle,0.794232,92.29,305.75,111.65,359.32
259,10.360000,117,7,ladder,0.310827,244.11,192.84,342.27,307.82
259,10.360000,70,76,gloves,0.789044,306.02,69.99,328.53,104.98
259,10.360000,121,74,bucket,0.312753,453.94,316.81,471.95,356.28
260,10.400000,1,0,person,0.882558,309.30,67.34,385.29,289.94
260,10.400000,3,0,person,0.866793,399.02,88.70,454.91,293.49
260,10.400000,4,2,helmet,0.818754,421.30,88.88,450.64,114.65
260,10.400000,5,2,helmet,0.782445,333.23,67.92,359.98,86.07
260,10.400000,7,76,gloves,0.743983,360.28,149.94,372.57,164.83
260,10.400000,33,0,person,0.831094,268.98,76.29,349.70,311.53
260,10.400000,2,76,gloves,0.884090,428.65,200.09,443.51,225.72
260,10.400000,32,16,bottle,0.794918,92.28,305.75,111.55,359.32
260,10.400000,117,7,ladder,0.284477,243.60,193.83,342.66,307.85
260,10.400000,70,76,gloves,0.777522,306.11,69.88,328.47,104.99
260,10.400000,121,74,bucket,0.316929,453.92,316.81,471.94,356.26
260,10.400000,119,76,gloves,0.499804,329.21,149.53,351.55,167.82
261,10.440000,1,0,person,0.882834,309.06,67.26,385.11,289.98
261,10.440000,3,0,person,0.868265,398.81,88.61,455.08,293.55
261,10.440000,4,2,helmet,0.815979,421.30,88.80,450.64,114.52
261,10.440000,5,2,helmet,0.781533,332.77,67.78,359.69,86.00
261,10.440000,7,76,gloves,0.747366,360.46,150.31,372.43,164.83
261,10.440000,33,0,person,0.828015,268.71,77.66,349.22,311.36
261,10.440000,2,76,gloves,0.885538,428.71,200.09,443.55,225.72
261,10.440000,32,16,bottle,0.804792,92.04,305.68,111.29,359.40
261,10.440000,117,7,ladder,0.298452,241.86,191.55,344.23,307.91
261,10.440000,70,76,gloves,0.668947,306.11,69.83,328.29,104.94
261,10.440000,121,74,bucket,0.344074,453.85,316.90,471.89,356.37
261,10.440000,119,76,gloves,0.490884,328.20,149.80,351.22,168.87
262,10.480000,1,0,person,0.879689,308.39,67.25,384.60,289.94
262,10.480000,3,0,person,0.868478,398.64,88.55,455.23,293.54
262,10.480000,4,2,helmet,0.808774,421.33,88.84,450.70,114.56
262,10.480000,5,2,helmet,0.783569,332.39,67.72,359.31,85.94
262,10.480000,7,76,gloves,0.775297,360.54,150.41,372.41,164.83
262,10.480000,33,0,person,0.837460,268.31,77.99,349.25,311.60
262,10.480000,2,76,gloves,0.887907,428.75,200.10,443.55,225.72
262,10.480000,32,16,bottle,0.806915,92.08,305.61,111.28,359.35
262,10.480000,117,7,ladder,0.311287,240.63,190.25,345.35,307.96
262,10.480000,70,76,gloves,0.758855,305.99,69.86,328.31,105.53
262,10.480000,121,74,bucket,0.340133,453.83,316.93,471.88,356.40
262,10.480000,119,76,gloves,0.298379,328.37,150.22,351.14,169.00
263,10.520000,1,0,person,0.881131,308.17,67.24,384.51,289.95
263,10.520000,3,0,person,0.870733,398.50,88.52,455.39,293.56
263,10.520000,4,2,helmet,0.808668,421.33,88.85,450.73,114.58
263,10.520000,5,2,helmet,0.780609,331.91,67.71,358.54,85.69
263,10.520000,7,76,gloves,0.771603,360.42,149.88,372.71,164.91
263,10.520000,33,0,person,0.833263,267.40,78.29,348.69,311.84
263,10.520000,2,76,gloves,0.890026,428.72,200.09,443.54,225.76
263,10.520000,32,16,bottle,0.805324,92.02,305.58,111.18,359.26
263,10.520000,117,7,ladder,0.312033,239.80,189.31,346.38,307.93
263,10.520000,70,76,gloves,0.779239,305.64,70.03,328.03,106.00
263,10.520000,121,74,bucket,0.365072,453.71,316.84,471.78,356.29
264,10.560000,1,0,person,0.886688,308.53,67.19,384.87,289.91
264,10.560000,3,0,person,0.873377,398.39,88.51,455.52,293.54
264,10.560000,4,2,helmet,0.812317,421.21,88.85,450.60,114.55
264,10.560000,5,2,helmet,0.781142,331.56,67.69,357.91,85.45
264,10.560000,7,76,gloves,0.762356,360.50,150.29,372.47,164.93
264,10.560000,33,0,person,0.831292,267.14,78.88,348.56,311.97
264,10.560000,2,76,gloves,0.883863,428.63,199.99,443.46,225.72
264,10.560000,32,16,bottle,0.806358,92.02,305.57,111.14,359.23
264,10.560000,117,7,ladder,0.295125,239.47,189.59,346.80,307.89
264,10.560000,70,76,gloves,0.738603,305.55,70.14,327.93,106.29
264,10.560000,121,74,bucket,0.341835,453.58,316.80,471.66,356.26
265,10.600000,1,0,person,0.883309,308.37,66.85,384.86,289.92
265,10.600000,3,0,person,0.872500,398.28,88.43,455.65,293.54
265,10.600000,4,2,helmet,0.816820,421.04,88.63,450.69,114.55
265,10.600000,5,2,helmet,0.773103,331.30,67.34,357.60,85.06
265,10.600000,7,76,gloves,0.776992,360.63,150.73,372.22,164.88
265,10.600000,33,0,person,0.838303,267.78,78.61,349.33,311.59
265,10.600000,2,76,gloves,0.886572,428.58,199.95,443.44,225.76
265,10.600000,32,16,bottle,0.805424,91.86,305.55,110.99,359.27
265,10.600000,117,7,ladder,0.322213,239.04,190.04,346.99,307.92
265,10.600000,70,76,gloves,0.731146,305.54,70.16,327.84,106.36
265,10.600000,121,74,bucket,0.378153,453.55,316.82,471.62,356.20
266,10.640000,1,0,person,0.885209,308.08,66.70,384.69,289.98
266,10.640000,3,0,person,0.876941,398.17,88.36,455.75,293.55
266,10.640000,4,2,helmet,0.815173,421.06,88.59,450.60,114.39
266,10.640000,5,2,helmet,0.774479,330.91,67.24,357.43,85.09
266,10.640000,7,76,gloves,0.768060,360.51,150.56,372.25,164.93
266,10.640000,33,0,person,0.836767,267.75,77.26,349.78,311.53
266,10.640000,2,76,gloves,0.892246,428.35,199.98,443.20,225.75
266,10.640000,32,16,bottle,0.803172,91.88,305.53,110.93,359.08
266,10.640000,117,7,ladder,0.290389,239.22,191.98,346.64,308.00
266,10.640000,70,76,gloves,0.795473,305.57,70.07,327.91,106.57
266,10.640000,121,74,bucket,0.327403,453.47,316.80,471.59,356.24
267,10.680000,1,0,person,0.883828,307.90,66.38,384.67,290.02
267,10.680000,3,0,person,0.877593,398.04,88.34,455.80,293.57
267,10.680000,4,2,helmet,0.815367,421.07,88.58,450.58,114.34
267,10.680000,5,2,helmet,0.767820,330.70,66.86,357.24,84.69
267,10.680000,7,76,gloves,0.765356,360.47,150.74,372.09,164.92
267,10.680000,33,0,person,0.837971,267.70,76.00,350.14,311.50
267,10.680000,2,76,gloves,0.900378,428.18,200.00,443.07,225.78
267,10.680000,32,16,bottle,0.799305,91.99,305.53,110.99,359.08
267,10.680000,117,7,ladder,0.321395,237.76,189.62,348.03,307.98
267,10.680000,70,76,gloves,0.766260,305.60,70.07,327.90,106.80
267,10.680000,121,74,bucket,0.311586,453.44,316.79,471.60,356.26
267,10.680000,119,76,gloves,0.321468,327.04,152.46,348.43,169.63
268,10.720000,1,0,person,0.882591,307.77,66.26,384.59,290.00
268,10.720000,3,0,person,0.880551,397.96,88.21,455.89,293.60
268,10.720000,4,2,helmet,0.822229,420.98,88.42,450.63,114.28
268,10.720000,5,2,helmet,0.765991,330.44,66.71,357.07,84.57
268,10.720000,7,76,gloves,0.762159,360.53,151.05,371.95,164.93
268,10.720000,33,0,person,0.835755,267.79,75.43,350.41,311.47
268,10.720000,2,76,gloves,0.898084,427.97,200.02,442.88,225.78
268,10.720000,32,16,bottle,0.798993,92.05,305.52,111.01,359.09
268,10.720000,117,7,ladder,0.321589,236.69,187.82,349.13,307.98
268,10.720000,70,76,gloves,0.806545,305.63,69.93,327.84,106.84
268,10.720000,121,74,bucket,0.306677,453.38,316.77,471.59,356.28
268,10.720000,119,76,gloves,0.258589,326.89,152.52,348.60,169.59
269,10.760000,1,0,person,0.883338,307.80,66.25,384.65,290.08
269,10.760000,3,0,person,0.880803,397.72,88.09,455.81,293.68
269,10.760000,4,2,helmet,0.816371,420.91,88.35,450.57,114.23
269,10.760000,5,2,helmet,0.763021,330.35,66.75,356.98,84.58
269,10.760000,7,76,gloves,0.749260,360.73,151.69,371.76,164.99
269,10.760000,33,0,person,0.844189,268.29,77.01,350.51,311.89
269,10.760000,2,76,gloves,0.897593,427.70,200.11,442.65,225.90
269,10.760000,32,16,bottle,0.798250,92.03,305.54,110.94,359.11
269,10.760000,117,7,ladder,0.361551,236.73,188.77,349.02,308.05
269,10.760000,70,76,gloves,0.778639,305.65,69.92,327.71,106.85
269,10.760000,121,74,bucket,0.323009,453.34,316.76,471.59,356.29
269,10.760000,119,76,gloves,0.285141,326.72,152.57,349.12,169.89
270,10.800000,1,0,person,0.879607,307.96,66.32,384.78,290.11
270,10.800000,3,0,person,0.875872,397.46,87.97,455.64,293.72
270,10.800000,4,2,helmet,0.819089,420.59,88.21,450.14,114.00
270,10.800000,5,2,helmet,0.765726,330.30,66.77,356.96,84.59
270,10.800000,7,76,gloves,0.750444,360.55,151.49,371.77,164.95
270,10.800000,33,0,person,0.840811,268.51,74.86,351.34,311.69
270,10.800000,2,76,gloves,0.895613,427.43,200.24,442.34,225.89
270,10.800000,32,16,bottle,0.798712,92.12,305.67,110.97,359.17
270,10.800000,117,7,ladder,0.367727,232.79,179.73,353.00,308.09
270,10.800000,70,76,gloves,0.782028,306.16,69.94,327.88,106.76
270,10.800000,121,74,bucket,0.310504,453.29,316.77,471.56,356.27
271,10.840000,1,0,person,0.889385,308.10,66.35,384.92,290.18
271,10.840000,3,0,person,0.875329,397.22,87.90,455.49,293.77
271,10.840000,4,2,helmet,0.825455,420.41,88.15,449.83,113.81
271,10.840000,5,2,helmet,0.823121,330.22,66.75,356.90,84.58
271,10.840000,7,76,gloves,0.746892,360.20,150.53,372.16,164.94
271,10.840000,33,0,person,0.849834,269.55,76.29,352.32,311.91
271,10.840000,2,76,gloves,0.899811,426.95,200.26,441.88,225.80
271,10.840000,32,16,bottle,0.797328,92.16,305.63,111.03,359.27
271,10.840000,117,7,ladder,0.339384,233.03,180.10,352.79,308.03
271,10.840000,70,76,gloves,0.476287,306.73,70.30,327.85,106.50
271,10.840000,121,74,bucket,0.296611,453.23,316.73,471.55,356.29
272,10.880000,1,0,person,0.885401,307.95,66.01,384.88,290.28
272,10.880000,3,0,person,0.873863,397.05,87.87,455.34,293.74
272,10.880000,4,2,helmet,0.822053,420.00,88.12,449.33,113.72
272,10.880000,5,2,helmet,0.845723,330.20,66.74,356.89,84.58
272,10.880000,7,76,gloves,0.732616,360.29,151.06,371.99,165.09
272,10.880000,33,0,person,0.834575,269.17,76.77,351.97,312.04
272,10.880000,2,76,gloves,0.896252,426.61,200.19,441.62,225.77
272,10.880000,32,16,bottle,0.794314,92.09,305.58,110.96,359.32
272,10.880000,117,7,ladder,0.361841,231.73,176.67,354.15,308.01
272,10.880000,121,74,bucket,0.303464,453.16,316.70,471.51,356.27
273,10.920000,1,0,person,0.839830,308.18,66.20,385.25,291.24
273,10.920000,3,0,person,0.861335,397.02,87.82,455.34,293.80
273,10.920000,4,2,helmet,0.816709,419.55,88.11,448.54,113.39
273,10.920000,5,2,helmet,0.832494,330.28,66.76,356.91,84.57
273,10.920000,7,76,gloves,0.732689,360.31,151.23,372.07,165.35
273,10.920000,33,0,person,0.834641,269.14,78.63,351.51,312.04
273,10.920000,2,76,gloves,0.879572,426.18,200.12,441.14,225.57
273,10.920000,32,16,bottle,0.797633,91.98,305.63,110.88,359.43
273,10.920000,117,7,ladder,0.350226,231.11,174.64,354.79,308.07
273,10.920000,121,74,bucket,0.367785,453.12,316.75,471.46,356.23
273,10.920000,119,76,gloves,0.304986,329.47,153.77,351.67,170.07
274,10.960000,1,0,person,0.849864,308.33,66.22,385.40,291.62
274,10.960000,3,0,person,0.860918,396.82,87.80,455.15,293.82
274,10.960000,4,2,helmet,0.816438,418.97,88.20,448.03,113.46
274,10.960000,5,2,helmet,0.766888,330.31,66.79,357.11,84.72
274,10.960000,33,0,person,0.839630,269.19,79.08,351.66,312.10
274,10.960000,2,76,gloves,0.878986,425.89,200.17,440.79,225.42
274,10.960000,32,16,bottle,0.792673,91.98,305.69,110.80,359.31
274,10.960000,117,7,ladder,0.344400,230.50,172.64,355.33,308.07
274,10.960000,121,74,bucket,0.293421,452.95,316.82,471.36,356.39
274,10.960000,119,76,gloves,0.377525,329.20,154.19,351.43,169.97
275,11.000000,1,0,person,0.889060,308.38,66.25,385.17,290.85
275,11.000000,3,0,person,0.856693,396.50,87.82,454.89,293.96
275,11.000000,4,2,helmet,0.807869,418.75,88.29,447.30,112.94
275,11.000000,5,2,helmet,0.766424,330.40,66.83,357.31,84.85
275,11.000000,33,0,person,0.840264,269.71,79.18,352.60,312.15
275,11.000000,2,76,gloves,0.845999,425.28,200.04,440.18,225.25
275,11.000000,32,16,bottle,0.788830,91.94,305.72,110.73,359.33
275,11.000000,117,7,ladder,0.371220,229.84,170.27,355.99,308.08
275,11.000000,121,74,bucket,0.294094,452.87,316.76,471.32,356.39
275,11.000000,119,76,gloves,0.357821,329.53,154.35,352.15,169.96
275,11.000000,7,76,gloves,0.437521,355.88,151.38,368.11,164.68
276,11.040000,1,0,person,0.851168,308.59,66.29,385.43,291.35
276,11.040000,3,0,person,0.855094,396.21,87.83,454.56,293.98
276,11.040000,4,2,helmet,0.810756,418.24,88.33,446.78,112.78
276,11.040000,5,2,helmet,0.768719,330.72,67.00,357.41,84.87
276,11.040000,33,0,person,0.827532,269.02,79.39,351.89,312.10
276,11.040000,2,76,gloves,0.826950,424.88,199.97,439.75,225.14
276,11.040000,32,16,bottle,0.779098,91.77,305.60,110.60,359.31
276,11.040000,117,7,ladder,0.342447,230.11,170.05,355.74,308.05
276,11.040000,121,74,bucket,0.299095,452.85,316.75,471.31,356.39
277,11.080000,1,0,person,0.889725,308.68,66.29,385.32,290.80
277,11.080000,3,0,person,0.859242,396.16,88.06,454.35,293.96
277,11.080000,4,2,helmet,0.813969,417.57,88.39,446.20,112.75
277,11.080000,5,2,helmet,0.762426,331.02,67.21,357.41,84.84
277,11.080000,33,0,person,0.834628,268.33,77.18,351.84,312.08
277,11.080000,2,76,gloves,0.843432,424.60,199.96,439.48,225.24
277,11.080000,32,16,bottle,0.780248,91.67,305.71,110.52,359.45
277,11.080000,117,7,ladder,0.356843,230.19,169.68,355.53,308.09
277,11.080000,121,74,bucket,0.288444,452.74,316.81,471.25,356.47
277,11.080000,119,76,gloves,0.466588,329.83,154.11,349.94,167.87
278,11.120000,1,0,person,0.884671,308.75,66.35,385.24,290.50
278,11.120000,3,0,person,0.872315,396.06,87.99,454.17,294.06
278,11.120000,4,2,helmet,0.814209,417.13,88.32,445.68,112.48
278,11.120000,5,2,helmet,0.766297,331.27,67.30,357.73,84.95
278,11.120000,33,0,person,0.835701,268.60,77.22,352.12,312.07
278,11.120000,2,76,gloves,0.849325,424.49,199.95,439.23,225.04
278,11.120000,32,16,bottle,0.789283,91.68,305.75,110.54,359.53
278,11.120000,117,7,ladder,0.314025,231.61,172.63,354.01,308.03
278,11.120000,121,74,bucket,0.305075,452.70,316.84,471.24,356.50
278,11.120000,119,76,gloves,0.508680,330.24,153.72,350.13,167.25
279,11.160000,1,0,person,0.888758,308.96,66.38,385.31,290.37
279,11.160000,3,0,person,0.879387,395.89,87.77,453.96,294.13
279,11.160000,4,2,helmet,0.804350,416.51,88.11,444.88,111.90
279,11.160000,5,2,helmet,0.778342,331.54,67.36,358.17,85.12
279,11.160000,33,0,person,0.834661,268.60,76.67,352.39,312.14
279,11.160000,2,76,gloves,0.836345,423.95,199.68,438.78,225.00
279,11.160000,32,16,bottle,0.782606,91.59,305.57,110.51,359.52
279,11.160000,117,7,ladder,0.344091,231.16,171.24,354.32,308.08
279,11.160000,121,74,bucket,0.285668,452.64,316.87,471.20,356.51
279,11.160000,119,76,gloves,0.325690,331.09,153.57,350.58,166.78
280,11.200000,1,0,person,0.877515,309.28,66.71,385.43,290.26
280,11.200000,3,0,person,0.892211,395.78,87.57,453.77,294.10
280,11.200000,4,2,helmet,0.815510,415.40,87.82,444.10,111.75
280,11.200000,5,2,helmet,0.782848,331.71,67.38,358.60,85.34
280,11.200000,33,0,person,0.845000,268.97,76.41,352.99,312.05
280,11.200000,2,76,gloves,0.809424,423.73,199.52,438.45,224.71
280,11.200000,32,16,bottle,0.783587,91.55,305.51,110.50,359.52
280,11.200000,117,7,ladder,0.373095,231.01,170.94,353.99,308.06
280,11.200000,121,74,bucket,0.277495,452.59,316.91,471.16,356.52
280,11.200000,119,76,gloves,0.317070,331.53,153.20,351.46,166.72
281,11.240000,1,0,person,0.873991,309.64,66.95,385.59,290.15
281,11.240000,3,0,person,0.876128,395.59,87.26,453.50,294.14
281,11.240000,4,2,helmet,0.813329,414.28,87.55,442.77,111.10
281,11.240000,5,2,helmet,0.778966,332.11,67.52,359.00,85.48
281,11.240000,33,0,person,0.837196,270.32,77.81,354.37,312.02
281,11.240000,2,76,gloves,0.813355,423.47,199.22,438.17,224.41
281,11.240000,32,16,bottle,0.784321,91.46,305.49,110.44,359.54
281,11.240000,117,7,ladder,0.313766,232.76,174.34,352.63,307.99
281,11.240000,119,76,gloves,0.350381,333.47,153.18,353.09,166.18
282,11.280000,1,0,person,0.879876,310.12,66.95,385.95,290.28
282,11.280000,3,0,person,0.871866,394.62,87.48,452.38,294.18
282,11.280000,4,2,helmet,0.807973,412.56,87.57,441.39,111.26
282,11.280000,5,2,helmet,0.793593,331.98,67.59,359.46,85.99
282,11.280000,33,0,person,0.829345,270.61,78.98,354.69,311.93
282,11.280000,2,76,gloves,0.809784,422.88,198.31,438.05,224.43
282,11.280000,32,16,bottle,0.784141,91.38,305.48,110.34,359.48
282,11.280000,117,7,ladder,0.340215,233.64,176.76,351.52,308.02
282,11.280000,119,76,gloves,0.356386,333.87,152.98,353.98,166.09
283,11.320000,1,0,person,0.881041,310.10,67.00,385.71,290.11
283,11.320000,3,0,person,0.898969,393.34,87.62,451.29,294.75
283,11.320000,4,2,helmet,0.809144,411.20,87.65,439.77,111.00
283,11.320000,5,2,helmet,0.781547,332.37,67.57,359.94,86.01
283,11.320000,33,0,person,0.842045,270.65,79.85,354.89,311.94
283,11.320000,2,76,gloves,0.803199,422.41,197.43,437.79,224.06
283,11.320000,32,16,bottle,0.784652,91.25,305.57,110.21,359.48
283,11.320000,117,7,ladder,0.327359,233.67,176.56,351.74,308.04
283,11.320000,119,76,gloves,0.324830,333.92,152.95,354.35,166.06
283,11.320000,121,74,bucket,0.272343,452.57,316.81,471.14,356.43
284,11.360000,1,0,person,0.878027,310.04,67.00,385.50,290.04
284,11.360000,3,0,person,0.894044,392.01,87.57,450.23,295.06
284,11.360000,4,2,helmet,0.799728,409.22,87.70,437.56,110.74
284,11.360000,5,2,helmet,0.786929,332.46,67.62,360.33,86.30
284,11.360000,33,0,person,0.839521,270.47,79.93,355.07,311.92
284,11.360000,2,76,gloves,0.855842,422.01,196.90,437.42,223.75
284,11.360000,32,16,bottle,0.783266,91.18,305.50,110.17,359.50
284,11.360000,117,7,ladder,0.353902,233.37,176.50,351.51,308.06
284,11.360000,119,76,gloves,0.314234,333.87,153.12,354.43,166.11
285,11.400000,1,0,person,0.880151,309.93,67.35,385.18,290.10
285,11.400000,3,0,person,0.894491,390.78,87.34,449.31,295.24
285,11.400000,4,2,helmet,0.798384,407.65,87.76,435.48,110.12
285,11.400000,5,2,helmet,0.774215,332.90,68.02,360.52,86.52
285,11.400000,33,0,person,0.840111,270.52,80.10,355.40,311.78
285,11.400000,2,76,gloves,0.823213,421.63,196.39,436.91,223.21
285,11.400000,32,16,bottle,0.779248,91.45,305.53,110.34,359.40
285,11.400000,117,7,ladder,0.339543,233.71,177.35,351.11,307.99
286,11.440000,1,0,person,0.888584,309.86,67.41,384.99,290.20
286,11.440000,3,0,person,0.860314,389.63,87.60,448.44,295.48
286,11.440000,4,2,helmet,0.791511,404.93,87.96,432.68,110.11
286,11.440000,5,2,helmet,0.770461,333.06,68.16,360.75,86.68
286,11.440000,33,0,person,0.843168,269.91,80.06,355.08,311.83
286,11.440000,2,76,gloves,0.889959,420.86,195.66,436.07,222.45
286,11.440000,32,16,bottle,0.784897,91.38,305.54,110.28,359.49
286,11.440000,117,7,ladder,0.334586,233.93,177.09,351.47,307.95
287,11.480000,1,0,person,0.886892,309.83,67.80,384.76,290.26
287,11.480000,3,0,person,0.817067,388.92,87.90,447.84,295.63
287,11.480000,4,2,helmet,0.780791,402.59,88.27,429.98,110.00
287,11.480000,5,2,helmet,0.768418,333.53,68.64,360.91,86.97
287,11.480000,33,0,person,0.835877,269.56,79.35,355.25,311.84
287,11.480000,2,76,gloves,0.879793,419.91,195.26,434.92,221.83
287,11.480000,32,16,bottle,0.781711,91.29,305.51,110.20,359.49
287,11.480000,117,7,ladder,0.350317,233.54,176.29,351.71,307.98
288,11.520000,1,0,person,0.883357,309.81,67.94,384.65,290.26
288,11.520000,3,0,person,0.826341,388.46,87.80,447.46,295.67
288,11.520000,4,2,helmet,0.781774,400.26,88.42,427.44,109.85
288,11.520000,5,2,helmet,0.770355,333.66,68.86,361.08,87.25
288,11.520000,33,0,person,0.840717,269.78,79.27,355.73,311.77
288,11.520000,2,76,gloves,0.883577,419.14,195.03,433.77,221.00
288,11.520000,32,16,bottle,0.779246,91.26,305.50,110.18,359.50
288,11.520000,117,7,ladder,0.352141,233.73,176.69,351.53,307.98
289,11.560000,1,0,person,0.873584,309.90,68.00,384.65,290.13
289,11.560000,3,0,person,0.871506,387.77,87.86,446.78,295.89
289,11.560000,4,2,helmet,0.765282,397.80,88.55,424.46,109.32
289,11.560000,5,2,helmet,0.776606,333.48,68.98,361.30,87.71
289,11.560000,33,0,person,0.831016,270.02,79.31,356.26,311.79
289,11.560000,2,76,gloves,0.868479,418.08,194.73,432.47,220.20
289,11.560000,32,16,bottle,0.771340,91.33,305.60,110.15,359.43
289,11.560000,117,7,ladder,0.326313,233.43,174.90,352.53,308.02
290,11.600000,1,0,person,0.873380,309.94,68.19,384.69,290.36
290,11.600000,3,0,person,0.886555,387.33,87.83,446.35,296.13
290,11.600000,4,2,helmet,0.790687,394.85,88.59,421.44,109.08
290,11.600000,5,2,helmet,0.800566,333.34,69.02,361.95,88.45
290,11.600000,33,0,person,0.825592,270.05,79.20,356.60,311.73
290,11.600000,2,76,gloves,0.870835,416.93,193.69,431.50,219.36
290,11.600000,32,16,bottle,0.771911,91.19,305.82,109.87,359.27
290,11.600000,117,7,ladder,0.359199,233.41,175.32,352.05,308.00
291,11.640000,1,0,person,0.873126,309.97,68.24,384.67,290.35
291,11.640000,3,0,person,0.864698,386.99,88.18,445.83,295.93
291,11.640000,4,2,helmet,0.756521,391.79,88.87,417.73,108.56
291,11.640000,5,2,helmet,0.800187,333.25,69.12,362.11,88.87
291,11.640000,33,0,person,0.821463,270.07,79.35,356.84,311.72
291,11.640000,2,76,gloves,0.871064,415.79,192.97,430.30,218.33
291,11.640000,32,16,bottle,0.763916,91.06,305.86,109.73,359.21
291,11.640000,117,7,ladder,0.346575,235.82,181.76,349.47,308.03
292,11.680000,1,0,person,0.868850,310.01,68.63,384.58,290.33
292,11.680000,3,0,person,0.860173,386.64,88.46,445.43,295.84
292,11.680000,4,2,helmet,0.771135,388.89,89.05,414.90,108.54
292,11.680000,5,2,helmet,0.791521,333.53,69.45,362.23,89.20
292,11.680000,33,0,person,0.813580,269.71,78.24,357.08,311.78
292,11.680000,2,76,gloves,0.883530,415.09,192.51,429.53,217.57
292,11.680000,32,16,bottle,0.764672,91.01,305.87,109.68,359.19
292,11.680000,117,7,ladder,0.330094,236.18,183.21,349.05,308.03
293,11.720000,1,0,person,0.867456,310.04,68.81,384.53,290.29
293,11.720000,3,0,person,0.873413,385.39,88.55,444.47,295.98
293,11.720000,4,2,helmet,0.778614,386.17,89.16,412.59,108.75
293,11.720000,5,2,helmet,0.793108,333.64,69.57,362.42,89.50
293,11.720000,33,0,person,0.815808,269.59,77.92,357.25,311.75
293,11.720000,2,76,gloves,0.877440,414.79,192.12,429.17,217.00
293,11.720000,32,16,bottle,0.759478,91.06,305.79,109.74,359.16
293,11.720000,117,7,ladder,0.324640,237.83,188.43,347.10,308.04
294,11.760000,1,0,person,0.864122,310.16,68.98,384.56,290.18
294,11.760000,3,0,person,0.884896,384.49,88.90,443.82,296.00
294,11.760000,4,2,helmet,0.797635,384.05,89.42,411.10,109.46
294,11.760000,5,2,helmet,0.798278,333.61,69.58,362.82,89.99
294,11.760000,33,0,person,0.806417,269.25,75.19,357.99,311.74
294,11.760000,2,76,gloves,0.868514,414.92,191.54,429.25,216.32
294,11.760000,32,16,bottle,0.765696,91.04,305.71,109.77,359.23
294,11.760000,117,7,ladder,0.336590,237.84,189.20,347.18,308.03
295,11.800000,1,0,person,0.858902,310.01,69.34,384.36,290.16
295,11.800000,3,0,person,0.885339,383.33,89.35,443.09,296.14
295,11.800000,4,2,helmet,0.797577,381.27,89.87,408.45,109.92
295,11.800000,5,2,helmet,0.805341,333.69,69.85,362.88,90.42
295,11.800000,33,0,person,0.816435,268.72,73.02,358.25,311.76
295,11.800000,2,76,gloves,0.833794,415.20,190.67,429.77,215.84
295,11.800000,32,16,bottle,0.754460,90.91,305.67,109.68,359.21
295,11.800000,117,7,ladder,0.322609,237.27,188.57,347.78,308.03
296,11.840000,1,0,person,0.862331,309.94,69.27,384.34,289.95
296,11.840000,3,0,person,0.885267,382.04,90.64,442.18,296.13
296,11.840000,4,2,helmet,0.743264,379.48,91.24,405.69,110.36
296,11.840000,5,2,helmet,0.807471,333.74,69.94,362.96,90.73
296,11.840000,33,0,person,0.828586,268.68,72.61,358.35,311.79
296,11.840000,2,76,gloves,0.889863,415.45,189.30,430.42,215.01
296,11.840000,32,16,bottle,0.754510,90.85,305.66,109.65,359.20
296,11.840000,117,7,ladder,0.333300,235.61,185.01,349.50,308.03
297,11.880000,1,0,person,0.839871,309.95,69.89,384.53,291.13
297,11.880000,3,0,person,0.883298,380.56,91.48,441.26,296.07
297,11.880000,4,2,helmet,0.744219,377.89,92.20,403.62,110.81
297,11.880000,5,2,helmet,0.789689,334.23,70.57,362.85,91.08
297,11.880000,33,0,person,0.823380,268.34,73.14,357.93,311.86
297,11.880000,2,76,gloves,0.879206,415.93,188.97,430.93,214.54
297,11.880000,32,16,bottle,0.765818,90.74,305.80,109.49,359.06
297,11.880000,117,7,ladder,0.299140,236.44,187.49,348.71,308.09
298,11.920000,1,0,person,0.830575,310.23,70.23,384.69,290.40
298,11.920000,3,0,person,0.826013,379.33,92.31,440.84,296.67
298,11.920000,4,2,helmet,0.726878,376.69,92.74,402.16,111.02
298,11.920000,5,2,helmet,0.798121,334.21,70.82,363.15,91.80
298,11.920000,33,0,person,0.822432,268.78,73.92,358.09,311.76
298,11.920000,2,76,gloves,0.883625,416.61,188.63,431.71,214.17
298,11.920000,32,16,bottle,0.771726,90.65,305.85,109.41,359.04
298,11.920000,117,7,ladder,0.343158,236.52,188.32,348.52,308.08
299,11.960000,1,0,person,0.825046,309.70,70.53,384.34,291.27
299,11.960000,3,0,person,0.792616,377.56,92.57,440.21,296.89
299,11.960000,4,2,helmet,0.767904,374.67,92.88,401.05,111.73
299,11.960000,5,2,helmet,0.814421,334.38,71.51,363.38,92.75
299,11.960000,33,0,person,0.819610,268.17,75.19,357.07,311.86
299,11.960000,2,76,gloves,0.883408,417.17,188.53,432.28,214.02
299,11.960000,32,16,bottle,0.767441,90.43,305.85,109.18,358.92
299,11.960000,117,7,ladder,0.285182,237.00,190.15,347.92,308.03
300,12.000000,1,0,person,0.822328,309.86,71.39,384.39,290.81
300,12.000000,3,0,person,0.864911,376.52,92.35,440.27,296.69
300,12.000000,4,2,helmet,0.768877,373.00,93.17,399.89,112.36
300,12.000000,5,2,helmet,0.820568,334.29,71.90,363.51,93.54
300,12.000000,33,0,person,0.794174,267.72,74.13,356.83,311.78
300,12.000000,2,76,gloves,0.883063,417.63,188.54,432.62,213.72
300,12.000000,32,16,bottle,0.766752,90.35,305.84,109.10,358.86
300,12.000000,117,7,ladder,0.250920,236.40,189.07,348.61,307.91
301,12.040000,1,0,person,0.813094,308.77,72.22,383.15,290.75
301,12.040000,3,0,person,0.832346,374.91,93.02,439.75,296.72
301,12.040000,4,2,helmet,0.772426,372.30,93.79,398.47,112.33
301,12.040000,5,2,helmet,0.813529,334.37,72.56,363.57,94.44
301,12.040000,33,0,person,0.795748,268.05,74.14,357.23,312.12
301,12.040000,2,76,gloves,0.886784,417.90,188.46,432.79,213.38
301,12.040000,32,16,bottle,0.775474,90.29,305.86,109.13,359.09
301,12.040000,70,76,gloves,0.483404,306.49,70.05,326.77,106.26
302,12.080000,1,0,person,0.805997,308.20,72.88,382.69,291.84
302,12.080000,3,0,person,0.831742,373.43,93.49,439.39,296.56
302,12.080000,4,2,helmet,0.764782,371.25,94.37,397.64,112.96
302,12.080000,5,2,helmet,0.800532,334.54,73.23,363.39,95.06
302,12.080000,33,0,person,0.822925,268.38,75.36,357.32,312.58
302,12.080000,2,76,gloves,0.885367,417.88,188.19,432.82,213.10
302,12.080000,32,16,bottle,0.772808,90.24,305.83,109.14,359.21
302,12.080000,70,76,gloves,0.392278,306.50,70.05,326.44,106.50
303,12.120000,1,0,person,0.827787,307.86,72.27,382.47,292.00
303,12.120000,3,0,person,0.831988,372.49,93.47,439.56,296.37
303,12.120000,4,2,helmet,0.773870,370.30,94.50,397.04,113.24
303,12.120000,5,2,helmet,0.796811,334.39,73.24,363.66,95.66
303,12.120000,33,0,person,0.825121,267.76,75.29,356.69,312.71
303,12.120000,2,76,gloves,0.910806,417.60,187.90,432.71,213.03
303,12.120000,32,16,bottle,0.781871,90.29,305.84,109.21,359.26
303,12.120000,70,76,gloves,0.424573,306.62,70.06,326.28,106.55
304,12.160000,1,0,person,0.809170,307.82,72.81,381.88,290.84
304,12.160000,3,0,person,0.835464,371.85,93.38,439.95,296.29
304,12.160000,4,2,helmet,0.780485,369.57,94.54,396.73,113.50
304,12.160000,5,2,helmet,0.794700,334.33,73.64,363.68,96.43
304,12.160000,33,0,person,0.821784,268.23,76.01,356.95,312.79
304,12.160000,2,76,gloves,0.918783,417.34,187.80,432.47,212.86
304,12.160000,32,16,bottle,0.769751,90.26,305.84,109.17,359.22
304,12.160000,70,76,gloves,0.391156,306.67,70.05,326.15,106.60
305,12.200000,1,0,person,0.825888,307.47,72.72,381.67,291.94
305,12.200000,3,0,person,0.800425,370.31,93.28,439.45,296.24
305,12.200000,4,2,helmet,0.786995,368.87,94.66,396.34,113.82
305,12.200000,5,2,helmet,0.810210,334.35,74.07,363.70,97.08
305,12.200000,33,0,person,0.814867,267.44,74.18,356.69,312.68
305,12.200000,2,76,gloves,0.919747,416.95,187.66,432.21,212.84
305,12.200000,32,16,bottle,0.772971,90.29,305.87,109.18,359.16
305,12.200000,70,76,gloves,0.665170,306.56,69.94,325.90,106.52
306,12.240000,1,0,person,0.796411,307.67,72.68,381.70,292.28
306,12.240000,3,0,person,0.663987,371.07,93.14,440.76,296.24
306,12.240000,4,2,helmet,0.790650,368.28,94.61,396.19,114.07
306,12.240000,5,2,helmet,0.813444,334.19,74.16,363.74,97.60
306,12.240000,33,0,person,0.815644,267.78,73.84,357.14,312.73
306,12.240000,2,76,gloves,0.923411,416.63,187.59,431.96,212.84
306,12.240000,32,16,bottle,0.777578,90.30,305.85,109.19,359.15
306,12.240000,70,76,gloves,0.698227,306.68,69.94,325.83,106.43
307,12.280000,1,0,person,0.785597,307.71,72.90,381.44,292.36
307,12.280000,3,0,person,0.590995,362.25,93.86,434.50,296.34
307,12.280000,4,2,helmet,0.789168,367.72,94.63,395.83,114.26
307,12.280000,5,2,helmet,0.805500,334.16,74.49,363.63,98.11
307,12.280000,33,0,person,0.813885,268.00,74.30,357.15,312.69
307,12.280000,2,76,gloves,0.925815,416.41,187.58,431.78,212.87
307,12.280000,32,16,bottle,0.773078,90.28,305.85,109.17,359.13
307,12.280000,70,76,gloves,0.628613,306.67,69.90,325.68,106.32
308,12.320000,1,0,person,0.786196,307.73,72.99,381.17,292.36
308,12.320000,3,0,person,0.527825,367.39,93.40,439.90,296.14
308,12.320000,4,2,helmet,0.788703,367.41,94.63,395.54,114.28
308,12.320000,5,2,helmet,0.805524,334.19,74.60,363.61,98.42
308,12.320000,33,0,person,0.812221,268.04,74.71,357.01,312.65
308,12.320000,2,76,gloves,0.926678,416.21,187.51,431.64,212.89
308,12.320000,32,16,bottle,0.772185,90.27,305.84,109.16,359.12
308,12.320000,70,76,gloves,0.597903,306.70,69.90,325.60,106.25
309,12.360000,1,0,person,0.831202,307.26,73.55,380.38,292.58
309,12.360000,3,0,person,0.525210,369.31,93.22,442.04,296.10
309,12.360000,4,2,helmet,0.780879,367.30,94.60,395.38,114.25
309,12.360000,5,2,helmet,0.802764,334.62,75.60,363.11,98.78
309,12.360000,33,0,person,0.820736,267.23,72.82,356.73,312.59
309,12.360000,2,76,gloves,0.915936,415.99,187.55,431.49,213.05
309,12.360000,32,16,bottle,0.770046,90.23,305.84,109.12,359.12
309,12.360000,70,76,gloves,0.731480,306.66,69.97,325.53,106.33
310,12.400000,1,0,person,0.826033,306.87,73.97,379.78,292.86
310,12.400000,3,0,person,0.544086,369.62,93.17,442.62,296.11
310,12.400000,4,2,helmet,0.778445,367.14,94.58,395.12,114.21
310,12.400000,5,2,helmet,0.758930,334.69,76.18,363.22,99.54
310,12.400000,33,0,person,0.820463,266.92,72.29,356.49,312.61
310,12.400000,2,76,gloves,0.909202,415.68,187.46,431.34,213.28
310,12.400000,32,16,bottle,0.772215,90.22,305.84,109.10,359.13
310,12.400000,70,76,gloves,0.748939,306.65,70.01,325.47,106.34
311,12.440000,1,0,person,0.816274,307.07,74.68,379.59,292.87
311,12.440000,3,0,person,0.644220,360.63,93.97,435.90,296.27
311,12.440000,4,2,helmet,0.777487,367.20,94.57,395.09,114.20
311,12.440000,5,2,helmet,0.774497,335.12,76.82,363.41,100.10
311,12.440000,33,0,person,0.817091,266.51,72.82,355.64,312.58
311,12.440000,2,76,gloves,0.903203,415.59,187.46,431.28,213.37
311,12.440000,32,16,bottle,0.764981,90.18,305.85,109.01,359.06
311,12.440000,70,76,gloves,0.662887,306.68,69.93,325.46,106.19
312,12.480000,1,0,person,0.818340,307.27,75.23,379.44,292.77
312,12.480000,3,0,person,0.643223,356.58,94.27,434.05,296.32
312,12.480000,4,2,helmet,0.779302,367.28,94.56,395.08,114.17
312,12.480000,5,2,helmet,0.777963,335.47,77.39,363.52,100.59
312,12.480000,33,0,person,0.818825,266.39,72.97,355.25,312.55
312,12.480000,2,76,gloves,0.899487,415.44,187.54,431.05,213.38
312,12.480000,32,16,bottle,0.764984,90.18,305.86,108.97,359.03
312,12.480000,70,76,gloves,0.675175,306.71,69.90,325.46,106.12
313,12.520000,1,0,person,0.821732,307.30,75.63,379.25,292.70
313,12.520000,3,0,person,0.584237,354.16,94.35,433.76,296.38
313,12.520000,4,2,helmet,0.779148,367.37,94.57,395.11,114.18
313,12.520000,5,2,helmet,0.776355,335.61,77.86,363.61,101.18
313,12.520000,33,0,person,0.817585,266.35,73.06,354.97,312.58
313,12.520000,2,76,gloves,0.899602,415.29,187.65,430.84,213.39
313,12.520000,32,16,bottle,0.770239,90.13,305.90,108.91,359.08
313,12.520000,70,76,gloves,0.652929,306.71,69.90,325.40,106.03
314,12.560000,1,0,person,0.821955,307.16,75.76,379.08,292.80
314,12.560000,3,0,person,0.594578,362.10,93.52,441.51,296.24
314,12.560000,4,2,helmet,0.778160,367.44,94.58,395.13,114.20
314,12.560000,5,2,helmet,0.768261,335.51,78.02,363.79,101.76
314,12.560000,33,0,person,0.817562,266.40,73.30,354.77,312.59
314,12.560000,2,76,gloves,0.899047,415.25,187.69,430.77,213.40
314,12.560000,32,16,bottle,0.770482,90.12,305.91,108.89,359.13
314,12.560000,70,76,gloves,0.667578,306.70,69.90,325.38,106.02
315,12.600000,1,0,person,0.823516,307.25,75.96,379.05,292.68
315,12.600000,3,0,person,0.647908,365.17,93.22,444.27,296.19
315,12.600000,4,2,helmet,0.777541,367.61,94.58,395.02,114.00
315,12.600000,5,2,helmet,0.777223,335.58,78.18,363.90,102.14
315,12.600000,33,0,person,0.815882,266.44,73.54,354.56,312.57
315,12.600000,2,76,gloves,0.899087,415.26,187.80,430.72,213.40
315,12.600000,32,16,bottle,0.768279,90.10,305.91,108.82,359.05
315,12.600000,70,76,gloves,0.651132,306.68,69.90,325.31,105.97
316,12.640000,1,0,person,0.823522,307.20,76.06,378.96,292.59
316,12.640000,3,0,person,0.636495,366.20,93.10,445.03,296.16
316,12.640000,4,2,helmet,0.776794,367.70,94.57,394.99,113.92
316,12.640000,5,2,helmet,0.775026,335.59,78.21,363.98,102.41
316,12.640000,33,0,person,0.815755,266.46,73.47,354.46,312.59
316,12.640000,2,76,gloves,0.897259,415.25,187.87,430.66,213.40
316,12.640000,32,16,bottle,0.765985,90.10,305.91,108.79,359.01
316,12.640000,70,76,gloves,0.718988,306.64,69.92,325.31,106.10
317,12.680000,1,0,person,0.829418,307.40,76.44,379.06,292.46
317,12.680000,3,0,person,0.545871,366.92,92.89,445.44,296.15
317,12.680000,4,2,helmet,0.779638,367.76,94.43,395.11,113.83
317,12.680000,5,2,helmet,0.762192,335.78,78.50,363.97,102.65
317,12.680000,33,0,person,0.814023,266.79,73.55,354.63,312.56
317,12.680000,2,76,gloves,0.901703,415.27,188.08,430.60,213.47
317,12.680000,32,16,bottle,0.765402,90.09,305.94,108.72,358.91
317,12.680000,70,76,gloves,0.689958,306.65,69.92,325.30,106.17
318,12.720000,1,0,person,0.828969,307.46,76.57,379.13,292.49
318,12.720000,3,0,person,0.570397,367.25,92.82,445.44,296.13
318,12.720000,4,2,helmet,0.769243,367.83,94.38,395.19,113.80
318,12.720000,5,2,helmet,0.761321,335.90,78.60,363.91,102.73
318,12.720000,33,0,person,0.813820,266.95,73.59,354.66,312.54
318,12.720000,2,76,gloves,0.901485,415.28,188.16,430.58,213.50
318,12.720000,32,16,bottle,0.769173,90.08,305.97,108.67,358.91
318,12.720000,70,76,gloves,0.689176,306.67,69.93,325.29,106.20
319,12.760000,1,0,person,0.832915,307.51,76.93,379.10,292.48
319,12.760000,3,0,person,0.552146,367.52,92.78,445.37,296.15
319,12.760000,4,2,helmet,0.770291,367.97,94.36,395.25,113.72
319,12.760000,5,2,helmet,0.756639,336.14,78.99,363.58,102.69
319,12.760000,33,0,person,0.815469,267.12,73.57,354.79,312.62
319,12.760000,2,76,gloves,0.901442,415.28,188.19,430.57,213.51
319,12.760000,32,16,bottle,0.773940,90.07,306.00,108.65,358.92
319,12.760000,70,76,gloves,0.687630,306.69,69.93,325.27,106.21
320,12.800000,1,0,person,0.827450,307.48,77.07,379.07,292.47
320,12.800000,3,0,person,0.551550,367.74,92.64,445.27,296.13
320,12.800000,4,2,helmet,0.765118,368.22,94.23,395.53,113.60
320,12.800000,5,2,helmet,0.756581,336.25,79.13,363.45,102.67
320,12.800000,33,0,person,0.816787,267.25,74.07,354.67,312.61
320,12.800000,2,76,gloves,0.903700,415.26,188.22,430.58,213.60
320,12.800000,32,16,bottle,0.765133,90.08,305.98,108.64,358.90
320,12.800000,70,76,gloves,0.691712,306.63,69.94,325.18,106.22
321,12.840000,1,0,person,0.817563,308.01,76.82,379.63,292.33
321,12.840000,3,0,person,0.542743,368.17,92.73,445.20,296.17
321,12.840000,4,2,helmet,0.760600,368.75,94.23,396.03,113.54
321,12.840000,5,2,helmet,0.768308,336.44,78.88,363.74,102.52
321,12.840000,33,0,person,0.821998,267.21,75.52,354.00,312.49
321,12.840000,2,76,gloves,0.889900,415.13,188.33,430.44,213.62
321,12.840000,32,16,bottle,0.780376,89.84,305.97,108.39,358.91
321,12.840000,70,76,gloves,0.637187,306.65,69.84,325.08,105.91
322,12.880000,1,0,person,0.821566,308.03,76.44,379.84,292.33
322,12.880000,3,0,person,0.638911,367.71,91.97,444.69,296.19
322,12.880000,4,2,helmet,0.754057,368.90,93.47,396.83,113.29
322,12.880000,5,2,helmet,0.775781,336.54,78.53,364.14,102.46
322,12.880000,33,0,person,0.824199,267.69,76.80,354.03,312.40
322,12.880000,2,76,gloves,0.893271,414.88,188.43,430.19,213.61
322,12.880000,32,16,bottle,0.781293,89.70,305.93,108.25,358.96
322,12.880000,70,76,gloves,0.631144,306.67,69.82,325.03,105.73
323,12.920000,1,0,person,0.770071,307.73,77.08,379.78,292.88
323,12.920000,3,0,person,0.643273,367.52,91.72,444.29,296.23
323,12.920000,4,2,helmet,0.758047,369.37,93.20,397.37,113.09
323,12.920000,5,2,helmet,0.780789,336.68,78.42,364.20,102.25
323,12.920000,33,0,person,0.830758,268.06,77.87,354.05,312.29
323,12.920000,2,76,gloves,0.879483,414.75,188.61,430.08,213.74
323,12.920000,32,16,bottle,0.777432,89.65,305.92,108.18,358.90
323,12.920000,70,76,gloves,0.547590,306.79,69.98,324.97,105.58
324,12.960000,1,0,person,0.771697,307.63,77.33,379.90,293.07
324,12.960000,3,0,person,0.678053,367.44,91.09,444.11,296.19
324,12.960000,4,2,helmet,0.772507,370.02,92.57,398.30,112.73
324,12.960000,5,2,helmet,0.782277,336.70,78.38,364.20,102.15
324,12.960000,33,0,person,0.834020,268.02,78.69,353.81,312.29
324,12.960000,2,76,gloves,0.872042,414.64,188.69,429.97,213.79
324,12.960000,32,16,bottle,0.779157,89.64,305.92,108.15,358.89
324,12.960000,70,76,gloves,0.620856,306.83,70.09,325.00,105.71
325,13.000000,1,0,person,0.804696,308.33,76.71,380.74,292.48
325,13.000000,3,0,person,0.544027,358.83,91.71,437.17,295.69
325,13.000000,4,2,helmet,0.787120,370.84,92.38,398.93,112.45
325,13.000000,5,2,helmet,0.770311,336.56,78.31,364.13,102.17
325,13.000000,33,0,person,0.835338,267.82,78.92,353.56,312.27
325,13.000000,2,76,gloves,0.859643,414.38,188.72,429.75,213.79
325,13.000000,32,16,bottle,0.777986,89.64,305.92,108.13,358.84
325,13.000000,70,76,gloves,0.450635,307.01,69.96,325.16,105.68
326,13.040000,1,0,person,0.811067,308.59,76.53,381.17,292.19
326,13.040000,3,0,person,0.600636,354.90,91.33,435.15,295.55
326,13.040000,4,2,helmet,0.782030,371.23,91.50,399.68,111.88
326,13.040000,5,2,helmet,0.780420,336.70,78.33,364.20,102.11
326,13.040000,33,0,person,0.841281,267.99,79.94,353.48,312.25
326,13.040000,2,76,gloves,0.855389,413.74,188.59,429.38,214.02
326,13.040000,32,16,bottle,0.778247,89.65,305.93,108.13,358.83
326,13.040000,70,76,gloves,0.274000,307.25,69.97,325.23,105.49
327,13.080000,1,0,person,0.808568,308.73,76.50,381.43,292.19
327,13.080000,3,0,person,0.508793,362.45,89.91,442.17,295.90
327,13.080000,4,2,helmet,0.766238,371.66,90.21,400.55,111.10
327,13.080000,5,2,helmet,0.774003,336.65,78.34,364.10,102.09
327,13.080000,33,0,person,0.839912,267.86,80.33,353.29,312.25
327,13.080000,2,76,gloves,0.850592,413.25,188.96,428.80,214.11
327,13.080000,32,16,bottle,0.777909,89.66,305.92,108.12,358.81
328,13.120000,1,0,person,0.808000,309.05,76.51,381.88,292.08
328,13.120000,3,0,person,0.527477,358.11,89.40,438.90,296.04
328,13.120000,4,2,helmet,0.767346,372.32,89.76,401.23,110.84
328,13.120000,5,2,helmet,0.779232,336.73,78.34,364.18,102.05
328,13.120000,33,0,person,0.836671,267.82,80.43,353.30,312.24
328,13.120000,2,76,gloves,0.855638,412.71,188.96,428.47,214.39
328,13.120000,32,16,bottle,0.778599,89.66,305.92,108.12,358.82
329,13.160000,1,0,person,0.803212,309.21,76.59,382.09,291.77
329,13.160000,3,0,person,0.564393,353.33,88.92,435.79,295.95
329,13.160000,4,2,helmet,0.798518,373.16,89.09,402.46,110.69
329,13.160000,5,2,helmet,0.776422,336.69,78.35,364.06,102.01
329,13.160000,33,0,person,0.848350,267.71,80.65,353.18,312.18
329,13.160000,2,76,gloves,0.868675,412.11,188.84,428.01,214.42
329,13.160000,32,16,bottle,0.783786,89.58,305.93,108.02,358.79
330,13.200000,1,0,person,0.817386,308.40,76.57,381.31,291.85
330,13.200000,3,0,person,0.486626,350.25,88.52,433.82,296.20
330,13.200000,4,2,helmet,0.799653,374.84,88.67,403.74,110.06
330,13.200000,5,2,helmet,0.784361,336.85,78.33,364.03,101.79
330,13.200000,33,0,person,0.853072,267.59,80.67,353.14,312.14
330,13.200000,2,76,gloves,0.880745,411.50,189.04,427.42,214.61
330,13.200000,32,16,bottle,0.787869,89.45,305.95,107.89,358.88
331,13.240000,1,0,person,0.819962,308.43,76.52,381.48,291.93
331,13.240000,3,0,person,0.535909,360.17,88.09,442.12,297.00
331,13.240000,4,2,helmet,0.775546,376.46,88.43,404.83,109.50
331,13.240000,5,2,helmet,0.781199,336.73,78.34,363.73,101.67
331,13.240000,33,0,person,0.856072,267.53,81.01,353.04,312.10
331,13.240000,2,76,gloves,0.888287,410.89,189.02,426.94,214.71
331,13.240000,32,16,bottle,0.778549,89.43,305.94,107.82,358.71
332,13.280000,1,0,person,0.821231,308.43,76.50,381.62,292.02
332,13.280000,3,0,person,0.596848,365.42,88.05,445.13,296.62
332,13.280000,4,2,helmet,0.787297,378.17,88.20,405.86,108.77
332,13.280000,5,2,helmet,0.786449,336.77,78.34,363.72,101.61
332,13.280000,33,0,person,0.856768,267.48,81.11,353.03,312.08
332,13.280000,2,76,gloves,0.883897,410.49,189.11,426.50,214.70
332,13.280000,32,16,bottle,0.777032,89.36,305.91,107.71,358.61
333,13.320000,1,0,person,0.830076,308.30,76.26,381.74,291.91
333,13.320000,3,0,person,0.606662,367.72,87.52,445.79,297.22
333,13.320000,4,2,helmet,0.795486,379.44,87.83,407.13,108.42
333,13.320000,5,2,helmet,0.785927,336.50,78.15,363.59,101.55
333,13.320000,33,0,person,0.848882,267.40,81.18,353.06,312.12
333,13.320000,2,76,gloves,0.883936,410.12,189.15,426.10,214.66
333,13.320000,32,16,bottle,0.783429,89.34,305.90,107.68,358.64
334,13.360000,1,0,person,0.830880,308.34,76.09,382.03,291.79
334,13.360000,3,0,person,0.483618,368.58,87.10,444.95,297.17
334,13.360000,4,2,helmet,0.783983,380.95,87.41,408.79,108.14
334,13.360000,5,2,helmet,0.788506,336.41,78.06,363.43,101.42
334,13.360000,33,0,person,0.849695,267.36,81.18,353.14,312.13
334,13.360000,2,76,gloves,0.883516,409.53,189.35,425.64,215.00
334,13.360000,32,16,bottle,0.783468,89.34,305.90,107.66,358.63
334,13.360000,70,76,gloves,0.271283,307.10,70.06,325.31,106.48
335,13.400000,1,0,person,0.829386,308.10,75.87,382.07,291.71
335,13.400000,3,0,person,0.537535,369.89,86.85,444.54,297.34
335,13.400000,4,2,helmet,0.793796,382.15,87.20,409.87,107.83
335,13.400000,5,2,helmet,0.792846,336.33,77.91,363.38,101.29
335,13.400000,33,0,person,0.847862,267.37,81.15,353.28,312.12
335,13.400000,2,76,gloves,0.892688,409.04,189.91,425.06,215.35
335,13.400000,32,16,bottle,0.782193,89.35,305.91,107.65,358.60
335,13.400000,70,76,gloves,0.319938,307.19,70.07,325.23,106.58
336,13.440000,1,0,person,0.824838,308.00,75.80,382.20,291.72
336,13.440000,3,0,person,0.533721,370.77,86.79,443.77,297.05
336,13.440000,4,2,helmet,0.772479,383.36,87.11,410.73,107.47
336,13.440000,5,2,helmet,0.793425,336.30,77.86,363.36,101.24
336,13.440000,33,0,person,0.845805,267.67,81.39,353.62,312.14
336,13.440000,2,76,gloves,0.905121,408.41,190.12,424.51,215.62
336,13.440000,32,16,bottle,0.784667,89.36,305.90,107.64,358.58
336,13.440000,70,76,gloves,0.319844,307.28,70.08,325.16,106.61
337,13.480000,1,0,person,0.839256,307.99,75.76,382.47,291.91
337,13.480000,3,0,person,0.590182,371.75,86.73,443.21,297.35
337,13.480000,4,2,helmet,0.798971,384.52,87.08,411.92,107.45
337,13.480000,5,2,helmet,0.790537,336.30,77.94,363.02,100.96
337,13.480000,33,0,person,0.845863,267.25,81.09,353.39,312.14
337,13.480000,2,76,gloves,0.897931,407.78,190.56,423.71,215.81
337,13.480000,32,16,bottle,0.777796,89.29,305.86,107.51,358.41
337,13.480000,70,76,gloves,0.289855,307.34,70.26,325.05,106.82
338,13.520000,1,0,person,0.838912,308.11,75.79,382.67,291.85
338,13.520000,3,0,person,0.552574,372.47,86.42,442.55,297.54
338,13.520000,4,2,helmet,0.790881,385.47,86.77,412.98,107.20
338,13.520000,5,2,helmet,0.791190,336.37,77.97,362.80,100.63
338,13.520000,33,0,person,0.845645,267.46,81.14,353.71,312.16
338,13.520000,2,76,gloves,0.884387,407.07,190.95,422.85,216.06
338,13.520000,32,16,bottle,0.780299,89.28,305.85,107.45,358.30
338,13.520000,70,76,gloves,0.293553,307.42,70.35,324.98,106.91
339,13.560000,1,0,person,0.840391,308.52,75.70,383.34,291.79
339,13.560000,3,0,person,0.724600,373.67,86.50,442.08,296.87
339,13.560000,4,2,helmet,0.769754,386.27,86.74,413.81,107.20
339,13.560000,5,2,helmet,0.791301,336.30,77.82,362.76,100.44
339,13.560000,33,0,person,0.842538,267.43,81.21,353.79,312.17
339,13.560000,2,76,gloves,0.887002,406.46,191.13,422.09,216.14
339,13.560000,32,16,bottle,0.781405,89.29,305.83,107.43,358.26
339,13.560000,70,76,gloves,0.280522,307.46,70.41,324.88,106.92
340,13.600000,1,0,person,0.844096,308.85,75.71,383.93,291.68
340,13.600000,3,0,person,0.766231,374.39,86.15,441.56,296.70
340,13.600000,4,2,helmet,0.777441,386.92,86.61,414.52,107.16
340,13.600000,5,2,helmet,0.793537,336.29,77.76,362.73,100.29
340,13.600000,33,0,person,0.845507,267.35,81.24,353.81,312.12
340,13.600000,2,76,gloves,0.886678,405.79,190.65,421.50,216.10
340,13.600000,32,16,bottle,0.781984,89.30,305.83,107.42,358.23
340,13.600000,70,76,gloves,0.323053,307.50,70.47,324.77,106.88
340,13.600000,140,76,gloves,0.308271,300.88,69.54,325.13,131.11
341,13.640000,1,0,person,0.799984,308.70,76.65,383.64,290.42
341,13.640000,3,0,person,0.809513,375.34,86.08,441.20,296.57
341,13.640000,4,2,helmet,0.785076,387.47,86.67,414.95,107.14
341,13.640000,5,2,helmet,0.795389,336.37,77.67,362.79,100.14
341,13.640000,33,0,person,0.839731,267.33,81.35,353.86,312.12
341,13.640000,2,76,gloves,0.890320,405.06,189.68,421.15,216.20
341,13.640000,32,16,bottle,0.784315,89.30,305.87,107.40,358.24
341,13.640000,70,76,gloves,0.358288,307.40,70.29,324.58,106.61
342,13.680000,1,0,person,0.815157,308.54,76.69,383.96,290.03
342,13.680000,3,0,person,0.854268,376.15,86.03,440.82,296.50
342,13.680000,4,2,helmet,0.778221,387.73,86.69,415.18,107.15
342,13.680000,5,2,helmet,0.790466,336.42,77.41,362.72,99.70
342,13.680000,33,0,person,0.838805,267.22,81.38,353.82,312.13
342,13.680000,2,76,gloves,0.892869,404.30,188.61,420.70,216.15
342,13.680000,32,16,bottle,0.785235,89.30,305.83,107.39,358.20
342,13.680000,70,76,gloves,0.353806,307.37,70.21,324.49,106.50
343,13.720000,1,0,person,0.824806,307.90,76.24,383.89,289.51
343,13.720000,3,0,person,0.857637,376.88,85.94,440.44,296.46
343,13.720000,4,2,helmet,0.784202,388.13,86.68,415.47,107.09
343,13.720000,5,2,helmet,0.787903,336.44,77.06,362.82,99.38
343,13.720000,33,0,person,0.822572,267.11,81.26,353.74,312.03
343,13.720000,2,76,gloves,0.864751,403.59,187.78,420.17,216.27
343,13.720000,32,16,bottle,0.779983,89.28,305.85,107.26,357.92
343,13.720000,70,76,gloves,0.404842,307.28,70.18,324.48,106.71
344,13.760000,1,0,person,0.830399,307.65,76.08,384.14,289.29
344,13.760000,3,0,person,0.859268,377.44,85.91,440.00,296.47
344,13.760000,4,2,helmet,0.786131,388.62,86.70,415.90,107.05
344,13.760000,5,2,helmet,0.785565,336.51,76.94,362.78,99.09
344,13.760000,33,0,person,0.819399,267.10,81.17,353.78,312.02
344,13.760000,2,76,gloves,0.865956,403.48,187.45,419.84,216.14
344,13.760000,32,16,bottle,0.776670,89.27,305.85,107.22,357.85
344,13.760000,70,76,gloves,0.374184,307.25,70.17,324.46,106.77
345,13.800000,1,0,person,0.835320,307.55,75.99,384.47,289.14
345,13.800000,3,0,person,0.859490,377.87,85.96,439.49,296.47
345,13.800000,4,2,helmet,0.787200,388.95,86.75,416.04,106.93
345,13.800000,5,2,helmet,0.785110,336.58,76.86,362.72,98.84
345,13.800000,33,0,person,0.828455,266.96,81.12,353.74,312.03
345,13.800000,2,76,gloves,0.862782,403.68,187.58,419.67,216.12
345,13.800000,32,16,bottle,0.766969,89.20,305.85,107.17,357.93
345,13.800000,70,76,gloves,0.371256,307.25,70.15,324.45,106.81
346,13.840000,1,0,person,0.845449,306.65,75.25,384.70,290.21
346,13.840000,3,0,person,0.855302,378.28,86.05,439.02,296.46
346,13.840000,4,2,helmet,0.761880,389.12,86.83,416.17,106.97
346,13.840000,5,2,helmet,0.776282,336.64,76.22,363.09,98.45
346,13.840000,33,0,person,0.805645,267.10,81.33,353.91,312.34
346,13.840000,2,76,gloves,0.886240,404.25,187.92,419.79,216.04
346,13.840000,32,16,bottle,0.764839,89.09,305.82,107.17,358.30
346,13.840000,70,76,gloves,0.475464,307.26,70.10,324.45,106.80
347,13.880000,1,0,person,0.844805,306.24,75.06,384.90,290.53
347,13.880000,3,0,person,0.850010,378.63,86.29,438.54,296.38
347,13.880000,4,2,helmet,0.759307,389.21,86.90,416.15,106.92
347,13.880000,5,2,helmet,0.772161,336.90,75.91,363.33,98.08
347,13.880000,33,0,person,0.807682,267.27,81.41,354.13,312.40
347,13.880000,2,76,gloves,0.891595,404.79,188.22,420.01,215.99
347,13.880000,32,16,bottle,0.764804,89.10,305.80,107.15,358.22
347,13.880000,70,76,gloves,0.499623,307.27,70.08,324.44,106.76
348,13.920000,1,0,person,0.848433,305.98,75.13,385.06,290.64
348,13.920000,3,0,person,0.846602,378.89,86.33,438.09,296.33
348,13.920000,4,2,helmet,0.763587,389.34,86.96,416.25,106.90
348,13.920000,5,2,helmet,0.766991,337.28,75.83,363.29,97.53
348,13.920000,33,0,person,0.810003,267.36,81.43,354.31,312.43
348,13.920000,2,76,gloves,0.893188,405.55,189.17,420.21,216.00
348,13.920000,32,16,bottle,0.754517,89.07,305.81,107.11,358.22
348,13.920000,70,76,gloves,0.498545,307.25,70.05,324.43,106.77
349,13.960000,1,0,person,0.855684,305.53,74.03,385.36,290.78
349,13.960000,3,0,person,0.849255,379.31,86.31,437.87,296.33
349,13.960000,4,2,helmet,0.739805,389.57,86.89,416.40,106.75
349,13.960000,5,2,helmet,0.754687,337.40,74.63,364.15,96.95
349,13.960000,33,0,person,0.804504,266.71,79.76,354.04,312.10
349,13.960000,2,76,gloves,0.894279,405.95,189.70,420.28,216.03
349,13.960000,32,16,bottle,0.763253,89.04,305.82,107.11,358.32
349,13.960000,70,76,gloves,0.471677,307.14,70.12,324.16,106.47
349,13.960000,145,76,gloves,0.474094,330.80,151.96,353.37,165.38
350,14.000000,1,0,person,0.854972,305.13,73.30,385.49,290.92
350,14.000000,3,0,person,0.842061,379.70,86.20,437.67,296.35
350,14.000000,4,2,helmet,0.724603,389.43,86.81,416.63,106.98
350,14.000000,5,2,helmet,0.770743,337.75,73.88,364.71,96.32
350,14.000000,33,0,person,0.823698,266.10,80.18,353.38,312.67
350,14.000000,2,76,gloves,0.896932,406.33,190.45,420.35,216.09
350,14.000000,32,16,bottle,0.760483,89.02,305.83,107.09,358.35
350,14.000000,145,76,gloves,0.666368,329.78,150.57,352.35,163.99
351,14.040000,1,0,person,0.858322,304.93,73.16,385.58,291.05
351,14.040000,3,0,person,0.843571,379.99,86.15,437.40,296.31
351,14.040000,4,2,helmet,0.721481,389.37,86.79,416.69,107.07
351,14.040000,5,2,helmet,0.787896,338.31,73.58,364.90,95.61
351,14.040000,33,0,person,0.820551,265.52,80.32,352.62,312.90
351,14.040000,2,76,gloves,0.900187,406.27,190.64,420.29,216.10
351,14.040000,32,16,bottle,0.760082,88.86,305.87,106.89,358.33
351,14.040000,145,76,gloves,0.332103,327.89,147.99,351.40,162.01
351,14.040000,70,76,gloves,0.294123,307.03,70.20,323.75,105.79
352,14.080000,1,0,person,0.860397,304.83,73.15,385.66,291.05
352,14.080000,3,0,person,0.844111,380.28,86.16,437.17,296.26
352,14.080000,4,2,helmet,0.722338,389.35,86.79,416.68,107.10
352,14.080000,5,2,helmet,0.800674,339.16,73.53,364.82,94.59
352,14.080000,33,0,person,0.827392,265.17,80.41,352.02,312.99
352,14.080000,2,76,gloves,0.901161,406.07,190.72,420.19,216.12
352,14.080000,32,16,bottle,0.760049,88.81,305.89,106.80,358.30
352,14.080000,145,76,gloves,0.343978,327.04,147.01,350.61,161.12
352,14.080000,147,27,glasses,0.384170,339.82,93.20,360.66,102.50
353,14.120000,1,0,person,0.857529,304.75,72.13,385.97,290.99
353,14.120000,3,0,person,0.849608,380.39,86.35,436.71,296.21
353,14.120000,4,2,helmet,0.744706,389.67,86.75,416.58,106.70
353,14.120000,5,2,helmet,0.788198,339.46,72.76,365.67,94.21
353,14.120000,33,0,person,0.816551,265.24,80.68,351.75,312.72
353,14.120000,2,76,gloves,0.903298,405.91,190.69,420.19,216.12
353,14.120000,32,16,bottle,0.764018,88.80,305.89,106.73,358.17
353,14.120000,145,76,gloves,0.337898,326.85,146.10,350.91,160.60
354,14.160000,1,0,person,0.859251,304.81,71.62,386.20,290.97
354,14.160000,3,0,person,0.848979,380.55,86.31,436.47,296.23
354,14.160000,4,2,helmet,0.742808,389.75,86.74,416.55,106.54
354,14.160000,5,2,helmet,0.784258,339.71,72.31,366.12,93.87
354,14.160000,33,0,person,0.816373,265.51,80.67,351.98,312.59
354,14.160000,2,76,gloves,0.900108,405.98,191.04,420.20,216.02
354,14.160000,32,16,bottle,0.757523,88.82,305.87,106.70,358.04
355,14.200000,1,0,person,0.859161,304.77,71.28,386.24,290.82
355,14.200000,3,0,person,0.846664,380.69,86.22,436.21,296.15
355,14.200000,4,2,helmet,0.746544,389.54,86.72,416.61,106.69
355,14.200000,5,2,helmet,0.780345,340.20,72.02,366.07,93.01
355,14.200000,33,0,person,0.806462,266.06,80.36,352.48,312.13
355,14.200000,2,76,gloves,0.895145,406.33,191.26,420.61,215.98
355,14.200000,32,16,bottle,0.763934,88.87,305.91,106.73,358.06
356,14.240000,1,0,person,0.859241,304.74,71.17,386.23,290.69
356,14.240000,3,0,person,0.846147,380.83,85.94,436.05,296.16
356,14.240000,4,2,helmet,0.747868,389.28,86.72,416.41,106.65
356,14.240000,5,2,helmet,0.781347,340.43,71.94,366.05,92.57
356,14.240000,33,0,person,0.808719,266.13,81.45,352.21,312.32
356,14.240000,2,76,gloves,0.891843,406.46,191.25,420.98,216.12
356,14.240000,32,16,bottle,0.759465,88.86,305.88,106.70,358.04
357,14.280000,1,0,person,0.852637,304.65,71.09,386.17,290.72
357,14.280000,3,0,person,0.841743,380.94,85.94,435.85,296.18
357,14.280000,4,2,helmet,0.747913,389.32,86.77,416.27,106.48
357,14.280000,5,2,helmet,0.787106,340.41,71.86,366.02,92.37
357,14.280000,33,0,person,0.808875,266.11,80.64,352.37,312.02
357,14.280000,2,76,gloves,0.900226,406.63,191.23,421.33,216.24
357,14.280000,32,16,bottle,0.768579,88.82,305.88,106.65,358.07
358,14.320000,1,0,person,0.851221,304.64,71.04,386.13,290.58
358,14.320000,3,0,person,0.845002,381.03,86.14,435.54,296.06
358,14.320000,4,2,helmet,0.742587,388.75,86.60,417.09,107.38
358,14.320000,5,2,helmet,0.784394,340.37,71.85,365.95,92.22
358,14.320000,33,0,person,0.811759,266.36,81.34,352.58,312.30
358,14.320000,2,76,gloves,0.899988,406.68,191.30,421.50,216.37
358,14.320000,32,16,bottle,0.758700,88.76,305.90,106.60,358.15
359,14.360000,1,0,person,0.846913,304.59,70.83,386.08,290.47
359,14.360000,3,0,person,0.843602,381.09,86.29,435.30,295.97
359,14.360000,4,2,helmet,0.749242,388.24,86.67,417.52,108.25
359,14.360000,5,2,helmet,0.790917,340.45,71.61,365.90,91.74
359,14.360000,33,0,person,0.806289,266.37,81.58,352.62,312.39
359,14.360000,2,76,gloves,0.900050,406.69,191.32,421.60,216.43
359,14.360000,32,16,bottle,0.753924,88.74,305.87,106.55,358.04
360,14.400000,1,0,person,0.855000,304.54,70.65,386.07,290.51
360,14.400000,3,0,person,0.845837,381.12,85.68,435.30,296.07
360,14.400000,4,2,helmet,0.760017,387.97,86.53,417.86,108.70
360,14.400000,5,2,helmet,0.791046,340.42,71.32,365.96,91.41
360,14.400000,33,0,person,0.803743,266.02,81.65,352.23,312.41
360,14.400000,2,76,gloves,0.908682,406.63,191.39,421.56,216.38
360,14.400000,32,16,bottle,0.758771,88.74,305.86,106.52,358.01
361,14.440000,1,0,person,0.843245,304.27,70.52,385.78,290.65
361,14.440000,3,0,person,0.854394,381.14,85.51,435.16,296.13
361,14.440000,4,2,helmet,0.747326,388.06,86.41,418.82,109.38
361,14.440000,5,2,helmet,0.794412,340.32,71.20,365.75,91.11
361,14.440000,33,0,person,0.789682,265.69,81.87,351.78,312.40
361,14.440000,2,76,gloves,0.909615,406.37,191.07,421.52,216.34
361,14.440000,32,16,bottle,0.771591,88.65,305.86,106.50,358.22
362,14.480000,1,0,person,0.862499,303.89,70.02,385.50,290.88
362,14.480000,3,0,person,0.857016,380.61,85.40,434.64,296.07
362,14.480000,4,2,helmet,0.748680,388.20,86.39,419.02,109.50
362,14.480000,5,2,helmet,0.781473,340.04,70.65,365.94,90.89
362,14.480000,33,0,person,0.811609,264.79,81.29,350.87,312.45
362,14.480000,2,76,gloves,0.904994,405.97,190.90,421.20,216.30
362,14.480000,32,16,bottle,0.774577,88.59,305.89,106.41,358.21
363,14.520000,1,0,person,0.857739,303.45,69.70,385.09,290.99
363,14.520000,3,0,person,0.866246,379.49,85.31,433.74,296.07
363,14.520000,4,2,helmet,0.753993,388.02,86.48,419.46,110.22
363,14.520000,5,2,helmet,0.778757,339.95,70.30,365.90,90.55
363,14.520000,33,0,person,0.768676,263.77,80.84,349.68,312.86
363,14.520000,2,76,gloves,0.908498,405.62,190.77,420.88,216.25
363,14.520000,32,16,bottle,0.763475,88.66,305.86,106.44,358.12
364,14.560000,1,0,person,0.862030,303.35,69.59,384.82,290.96
364,14.560000,3,0,person,0.868368,378.85,85.26,433.33,296.06
364,14.560000,4,2,helmet,0.757601,388.01,86.51,419.56,110.48
364,14.560000,5,2,helmet,0.772331,339.95,70.18,365.84,90.34
364,14.560000,33,0,person,0.779680,264.03,80.71,349.62,312.49
364,14.560000,2,76,gloves,0.904687,405.35,190.71,420.63,216.25
364,14.560000,32,16,bottle,0.776245,88.48,305.86,106.30,358.26
364,14.560000,155,76,gloves,0.518844,376.39,191.05,388.14,212.55
365,14.600000,1,0,person,0.864742,303.15,69.17,384.66,291.00
365,14.600000,3,0,person,0.867464,378.53,85.18,433.21,296.07
365,14.600000,4,2,helmet,0.780390,388.19,86.57,419.97,110.91
365,14.600000,5,2,helmet,0.783179,339.75,69.84,365.84,90.12
365,14.600000,33,0,person,0.780764,264.22,80.44,349.66,312.26
365,14.600000,2,76,gloves,0.907475,404.96,190.52,420.33,216.19
365,14.600000,32,16,bottle,0.782008,88.22,305.86,106.12,358.51
365,14.600000,155,76,gloves,0.469019,376.22,191.20,387.89,212.54
365,14.600000,70,76,gloves,0.273299,306.36,70.05,323.44,106.43
366,14.640000,1,0,person,0.862721,303.06,69.00,384.38,290.93
366,14.640000,3,0,person,0.867673,378.49,85.15,433.30,296.02
366,14.640000,4,2,helmet,0.776009,388.32,86.58,420.02,111.03
366,14.640000,5,2,helmet,0.786229,339.74,69.73,365.76,89.94
366,14.640000,33,0,person,0.782558,264.68,80.66,350.21,312.71
366,14.640000,2,76,gloves,0.901734,404.75,190.31,420.17,216.05
366,14.640000,32,16,bottle,0.783995,88.12,305.87,106.05,358.61
366,14.640000,155,76,gloves,0.419255,375.94,190.18,387.78,211.86
367,14.680000,1,0,person,0.860706,303.15,68.85,384.23,290.81
367,14.680000,3,0,person,0.874763,378.16,85.17,433.15,296.02
367,14.680000,4,2,helmet,0.783110,388.29,86.61,420.17,111.41
367,14.680000,5,2,helmet,0.771993,339.72,69.67,365.51,89.63
367,14.680000,33,0,person,0.782524,265.13,80.74,350.76,312.87
367,14.680000,2,76,gloves,0.889124,404.36,189.92,419.97,216.06
367,14.680000,32,16,bottle,0.783013,88.09,305.86,106.03,358.65
367,14.680000,155,76,gloves,0.607306,376.07,189.42,387.97,211.28
368,14.720000,1,0,person,0.862242,303.25,68.80,384.12,290.77
368,14.720000,3,0,person,0.880345,377.74,85.11,432.97,296.02
368,14.720000,4,2,helmet,0.785667,388.35,86.63,420.14,111.55
368,14.720000,5,2,helmet,0.771689,339.79,69.67,365.33,89.35
368,14.720000,33,0,person,0.789018,265.10,80.77,350.78,312.91
368,14.720000,2,76,gloves,0.889908,404.22,189.74,419.89,216.06
368,14.720000,32,16,bottle,0.783386,88.07,305.86,106.02,358.67
368,14.720000,155,76,gloves,0.494379,376.08,189.67,387.70,211.07
369,14.760000,1,0,person,0.864386,303.58,68.79,384.24,290.77
369,14.760000,3,0,person,0.878666,377.19,85.38,432.67,296.06
369,14.760000,4,2,helmet,0.790376,388.37,86.69,420.65,112.29
369,14.760000,5,2,helmet,0.788573,339.53,69.60,365.23,89.33
369,14.760000,33,0,person,0.793950,265.35,80.77,351.15,312.94
369,14.760000,2,76,gloves,0.894100,403.93,189.51,419.66,216.03
369,14.760000,32,16,bottle,0.756625,87.89,305.86,105.83,358.65
369,14.760000,155,76,gloves,0.492901,375.44,188.95,387.21,210.63
370,14.800000,1,0,person,0.863846,303.66,68.79,384.15,290.75
370,14.800000,3,0,person,0.870837,377.09,85.45,432.80,296.07
370,14.800000,4,2,helmet,0.793016,388.45,86.62,420.80,112.57
370,14.800000,5,2,helmet,0.787344,339.41,69.59,365.21,89.33
370,14.800000,33,0,person,0.789769,265.52,80.80,351.44,312.96
370,14.800000,2,76,gloves,0.884582,403.59,189.34,419.33,215.99
370,14.800000,32,16,bottle,0.757709,87.77,305.65,105.72,358.56
370,14.800000,155,76,gloves,0.320422,374.43,187.62,386.63,210.08
370,14.800000,162,76,gloves,0.401023,372.81,170.57,386.86,208.55
371,14.840000,1,0,person,0.864538,303.62,68.79,384.02,290.84
371,14.840000,3,0,person,0.865741,378.24,85.54,433.78,296.03
371,14.840000,4,2,helmet,0.794860,388.50,86.59,420.78,112.76
371,14.840000,5,2,helmet,0.786385,339.12,69.54,365.07,89.33
371,14.840000,33,0,person,0.795902,265.63,80.77,351.70,313.00
371,14.840000,2,76,gloves,0.882422,403.30,189.12,419.05,215.98
371,14.840000,32,16,bottle,0.761631,87.72,305.57,105.68,358.54
372,14.880000,1,0,person,0.865978,303.63,68.79,383.90,290.74
372,14.880000,3,0,person,0.876374,378.53,85.67,433.97,295.94
372,14.880000,4,2,helmet,0.796023,388.61,86.57,420.67,112.82
372,14.880000,5,2,helmet,0.787252,338.99,69.52,365.05,89.34
372,14.880000,33,0,person,0.792003,265.65,80.79,351.83,313.05
372,14.880000,2,76,gloves,0.880126,403.04,189.06,418.72,215.97
372,14.880000,32,16,bottle,0.762952,87.70,305.55,105.66,358.55
372,14.880000,162,76,gloves,0.380891,372.10,171.23,384.63,205.20
373,14.920000,1,0,person,0.862846,303.49,68.81,383.71,290.78
373,14.920000,3,0,person,0.870728,378.46,85.73,433.89,295.97
373,14.920000,4,2,helmet,0.801836,388.75,86.55,420.68,112.94
373,14.920000,5,2,helmet,0.783563,338.98,69.52,364.96,89.21
373,14.920000,33,0,person,0.799716,265.58,80.78,351.85,313.09
373,14.920000,2,76,gloves,0.870790,402.86,188.92,418.45,215.85
373,14.920000,32,16,bottle,0.764126,87.69,305.54,105.65,358.60
374,14.960000,1,0,person,0.856770,303.54,68.72,383.73,290.78
374,14.960000,3,0,person,0.856979,378.41,85.73,433.84,296.02
374,14.960000,4,2,helmet,0.801504,388.90,86.57,420.55,112.95
374,14.960000,5,2,helmet,0.786144,338.72,69.50,364.89,89.29
374,14.960000,33,0,person,0.795586,265.55,80.78,351.87,313.12
374,14.960000,2,76,gloves,0.864922,402.71,188.84,418.24,215.83
374,14.960000,32,16,bottle,0.767680,87.70,305.56,105.63,358.53
375,15.000000,1,0,person,0.854577,303.59,68.77,383.73,290.82
375,15.000000,3,0,person,0.878332,377.60,85.68,433.24,295.98
375,15.000000,4,2,helmet,0.802795,389.03,86.56,420.42,112.94
375,15.000000,5,2,helmet,0.783119,338.61,69.48,364.69,89.14
375,15.000000,33,0,person,0.803225,265.51,80.76,351.89,313.12
375,15.000000,2,76,gloves,0.864706,402.70,188.80,418.15,215.82
375,15.000000,32,16,bottle,0.768465,87.70,305.56,105.62,358.51
376,15.040000,1,0,person,0.851479,303.60,68.72,383.73,290.86
376,15.040000,3,0,person,0.879326,377.03,85.57,432.85,295.94
376,15.040000,4,2,helmet,0.802536,389.11,86.53,420.29,112.92
376,15.040000,5,2,helmet,0.783234,338.25,69.37,364.35,88.99
376,15.040000,33,0,person,0.802030,265.47,80.74,351.89,313.13
376,15.040000,2,76,gloves,0.867926,402.74,188.73,418.15,215.79
376,15.040000,32,16,bottle,0.768163,87.70,305.56,105.61,358.50
377,15.080000,1,0,person,0.849894,303.86,68.63,383.93,290.72
377,15.080000,3,0,person,0.878610,376.74,85.49,432.77,295.92
377,15.080000,4,2,helmet,0.798665,388.98,86.74,420.46,113.64
377,15.080000,5,2,helmet,0.790603,337.94,69.36,364.17,89.03
377,15.080000,33,0,person,0.836318,265.64,81.15,351.75,312.46
377,15.080000,2,76,gloves,0.877167,402.87,188.70,418.22,215.77
377,15.080000,32,16,bottle,0.782781,87.42,305.49,105.52,358.94
378,15.120000,1,0,person,0.853823,303.97,68.52,384.07,290.74
378,15.120000,3,0,person,0.872809,376.11,85.19,432.46,295.87
378,15.120000,4,2,helmet,0.800719,388.98,86.54,420.36,113.57
378,15.120000,5,2,helmet,0.797214,337.53,69.33,363.65,88.87
378,15.120000,33,0,person,0.801464,265.41,81.15,351.44,312.21
378,15.120000,2,76,gloves,0.876645,403.08,188.80,418.26,215.52
378,15.120000,32,16,bottle,0.782691,87.34,305.50,105.48,359.01
379,15.160000,1,0,person,0.860032,303.96,68.51,384.07,290.77
379,15.160000,3,0,person,0.667610,375.34,85.11,432.05,295.82
379,15.160000,4,2,helmet,0.802537,389.12,86.46,420.18,113.40
379,15.160000,5,2,helmet,0.803915,337.21,69.29,363.12,88.62
379,15.160000,33,0,person,0.786941,265.15,80.92,351.47,312.73
379,15.160000,2,76,gloves,0.881715,403.52,188.83,418.49,215.15
379,15.160000,32,16,bottle,0.769589,87.22,305.51,105.37,359.02
379,15.160000,166,76,gloves,0.754123,357.83,165.75,378.98,181.21
380,15.200000,1,0,person,0.862377,303.95,68.52,384.02,290.71
380,15.200000,3,0,person,0.721571,371.70,85.15,429.51,295.75
380,15.200000,4,2,helmet,0.802715,389.23,86.43,420.05,113.32
380,15.200000,5,2,helmet,0.803984,337.08,69.28,362.94,88.53
380,15.200000,33,0,person,0.786212,265.07,80.84,351.50,312.92
380,15.200000,2,76,gloves,0.881156,403.68,188.85,418.58,215.01
380,15.200000,32,16,bottle,0.765763,87.14,305.53,105.26,358.97
380,15.200000,166,76,gloves,0.759944,358.30,166.10,378.51,180.85
381,15.240000,1,0,person,0.852351,303.91,68.62,384.00,290.78
381,15.240000,3,0,person,0.859641,373.54,85.28,431.47,295.78
381,15.240000,4,2,helmet,0.811352,389.25,86.53,419.97,113.49
381,15.240000,5,2,helmet,0.799929,336.94,69.38,362.69,88.47
381,15.240000,33,0,person,0.786043,264.86,80.84,351.29,313.02
381,15.240000,2,76,gloves,0.875976,403.41,188.71,418.37,214.94
381,15.240000,32,16,bottle,0.768325,87.03,305.39,105.21,358.99
382,15.280000,1,0,person,0.852327,303.89,68.67,383.99,290.78
382,15.280000,3,0,person,0.876588,374.20,85.35,432.24,295.82
382,15.280000,4,2,helmet,0.808607,389.27,86.56,419.84,113.55
382,15.280000,5,2,helmet,0.800605,336.86,69.42,362.62,88.45
382,15.280000,33,0,person,0.786608,264.75,80.88,351.14,313.07
382,15.280000,2,76,gloves,0.875004,403.31,188.44,418.32,214.72
382,15.280000,32,16,bottle,0.770101,86.95,305.24,105.20,359.06
383,15.320000,1,0,person,0.847690,303.86,68.64,384.02,290.82
383,15.320000,3,0,person,0.877470,373.93,85.38,432.17,295.83
383,15.320000,4,2,helmet,0.813789,389.17,86.57,419.60,113.53
383,15.320000,5,2,helmet,0.800427,336.74,69.39,362.54,88.37
383,15.320000,33,0,person,0.786625,264.65,80.85,351.05,313.09
383,15.320000,2,76,gloves,0.872542,403.04,188.31,417.99,214.44
383,15.320000,32,16,bottle,0.767521,86.92,305.17,105.20,359.04
384,15.360000,1,0,person,0.856756,305.12,68.06,385.28,291.06
384,15.360000,3,0,person,0.866657,372.76,85.36,431.30,295.51
384,15.360000,4,2,helmet,0.824646,388.99,86.34,419.48,113.48
384,15.360000,5,2,helmet,0.805004,336.21,68.92,362.50,88.24
384,15.360000,33,0,person,0.825101,264.26,81.05,350.25,312.84
384,15.360000,2,76,gloves,0.881899,402.87,188.38,417.79,214.36
384,15.360000,32,16,bottle,0.770245,86.89,305.11,105.28,359.68
385,15.400000,1,0,person,0.855155,305.60,68.09,385.52,291.22
385,15.400000,3,0,person,0.829029,373.13,85.39,431.78,295.39
385,15.400000,4,2,helmet,0.825341,389.02,86.36,419.26,113.34
385,15.400000,5,2,helmet,0.800381,336.12,68.73,362.22,87.86
385,15.400000,33,0,person,0.828827,264.18,81.09,349.94,312.76
385,15.400000,2,76,gloves,0.877055,402.64,188.26,417.63,214.28
385,15.400000,32,16,bottle,0.770599,87.03,305.28,105.36,359.93
386,15.440000,1,0,person,0.857341,306.01,68.11,385.62,291.21
386,15.440000,3,0,person,0.851102,372.68,85.48,431.57,295.34
386,15.440000,4,2,helmet,0.812345,389.08,86.38,419.07,113.18
386,15.440000,5,2,helmet,0.802698,335.87,68.67,362.26,87.99
386,15.440000,33,0,person,0.830541,264.24,81.11,349.78,312.63
386,15.440000,2,76,gloves,0.874786,402.48,188.24,417.50,214.26
386,15.440000,32,16,bottle,0.767450,87.07,305.35,105.34,360.00
387,15.480000,1,0,person,0.851695,306.01,68.00,385.44,291.25
387,15.480000,3,0,person,0.858601,371.94,85.52,431.14,295.34
387,15.480000,4,2,helmet,0.813916,389.12,86.39,418.98,113.09
387,15.480000,5,2,helmet,0.792211,335.77,68.66,362.13,87.92
387,15.480000,33,0,person,0.830490,264.13,80.77,349.61,312.64
387,15.480000,2,76,gloves,0.877039,402.30,188.26,417.27,214.14
387,15.480000,32,16,bottle,0.767965,87.07,305.40,105.26,360.00
388,15.520000,1,0,person,0.841950,306.11,68.07,385.27,291.18
388,15.520000,3,0,person,0.860124,371.37,85.53,430.92,295.37
388,15.520000,4,2,helmet,0.814473,389.17,86.39,418.95,113.05
388,15.520000,5,2,helmet,0.794069,335.76,68.67,361.96,87.77
388,15.520000,33,0,person,0.826951,264.35,80.75,349.75,312.62
388,15.520000,2,76,gloves,0.876757,402.23,188.27,417.19,214.09
388,15.520000,32,16,bottle,0.768993,87.09,305.40,105.23,360.00
389,15.560000,1,0,person,0.852639,306.47,68.13,385.31,291.08
389,15.560000,3,0,person,0.856565,371.20,85.73,430.98,295.35
389,15.560000,4,2,helmet,0.821014,389.27,86.61,418.90,113.14
389,15.560000,5,2,helmet,0.794437,335.75,68.68,361.92,87.72
389,15.560000,33,0,person,0.816165,265.05,80.43,350.34,312.23
389,15.560000,2,76,gloves,0.868794,402.52,188.48,417.33,213.91
389,15.560000,32,16,bottle,0.769694,87.11,305.40,105.19,360.00
390,15.600000,1,0,person,0.845734,306.49,68.11,385.13,291.07
390,15.600000,3,0,person,0.853952,370.90,85.73,430.96,295.32
390,15.600000,4,2,helmet,0.820700,389.29,86.59,418.96,113.20
390,15.600000,5,2,helmet,0.793789,335.73,68.69,361.92,87.71
390,15.600000,33,0,person,0.809289,263.65,80.75,348.58,312.91
390,15.600000,2,76,gloves,0.881571,403.02,188.57,417.93,214.01
390,15.600000,32,16,bottle,0.775968,87.04,305.41,105.08,360.00
391,15.640000,1,0,person,0.840818,306.62,68.04,385.05,291.01
391,15.640000,3,0,person,0.855384,370.72,85.64,431.11,295.38
391,15.640000,4,2,helmet,0.821658,389.42,86.59,418.91,113.07
391,15.640000,5,2,helmet,0.787928,335.67,68.72,361.72,87.61
391,15.640000,33,0,person,0.825444,263.77,80.92,348.45,313.15
391,15.640000,2,76,gloves,0.880835,403.37,188.34,418.62,214.25
391,15.640000,32,16,bottle,0.777752,87.02,305.40,105.03,360.00
392,15.680000,1,0,person,0.847292,306.68,68.11,384.89,290.93
392,15.680000,3,0,person,0.845420,370.49,85.64,431.24,295.47
392,15.680000,4,2,helmet,0.806559,389.56,86.61,418.96,113.04
392,15.680000,5,2,helmet,0.789052,335.63,68.75,361.66,87.58
392,15.680000,33,0,person,0.834928,264.90,80.57,349.80,312.88
392,15.680000,2,76,gloves,0.900374,403.68,188.15,419.10,214.28
392,15.680000,32,16,bottle,0.763968,86.77,305.35,104.81,360.00
393,15.720000,1,0,person,0.839629,306.78,68.07,384.83,290.96
393,15.720000,3,0,person,0.852688,370.23,85.74,431.30,295.53
393,15.720000,4,2,helmet,0.806675,389.90,86.59,418.82,112.56
393,15.720000,5,2,helmet,0.771899,335.22,68.69,361.32,87.51
393,15.720000,33,0,person,0.832191,265.36,80.26,350.49,312.72
393,15.720000,2,76,gloves,0.905711,403.90,188.31,419.50,214.67
393,15.720000,32,16,bottle,0.766326,86.77,305.64,104.70,359.87
394,15.760000,1,0,person,0.845317,306.77,68.05,384.69,291.05
394,15.760000,3,0,person,0.854874,370.02,85.49,431.46,295.57
394,15.760000,4,2,helmet,0.790302,390.24,86.63,418.53,111.93
394,15.760000,5,2,helmet,0.782207,335.03,68.59,361.06,87.27
394,15.760000,33,0,person,0.835244,265.35,80.28,350.61,312.61
394,15.760000,2,76,gloves,0.905939,404.01,188.40,419.68,214.83
394,15.760000,32,16,bottle,0.762479,86.74,305.74,104.64,359.81
394,15.760000,70,76,gloves,0.288544,304.77,70.17,322.03,106.28
395,15.800000,1,0,person,0.850526,306.77,67.90,384.57,291.03
395,15.800000,3,0,person,0.869861,369.80,85.24,431.57,295.57
395,15.800000,4,2,helmet,0.807176,389.96,86.31,418.32,111.56
395,15.800000,5,2,helmet,0.785150,334.61,68.42,360.90,87.20
395,15.800000,33,0,person,0.843292,265.29,80.26,350.70,312.59
395,15.800000,2,76,gloves,0.896548,403.86,188.27,419.47,214.51
395,15.800000,32,16,bottle,0.765960,86.74,305.78,104.66,359.78
395,15.800000,177,76,gloves,0.343802,299.84,70.10,322.50,134.88
395,15.800000,178,76,gloves,0.526982,327.98,154.44,351.90,171.53
396,15.840000,1,0,person,0.854708,306.60,67.70,384.32,291.03
396,15.840000,3,0,person,0.881883,369.86,85.40,431.76,295.52
396,15.840000,4,2,helmet,0.791394,389.94,86.20,417.88,110.90
396,15.840000,5,2,helmet,0.786096,334.54,68.22,360.87,86.95
396,15.840000,33,0,person,0.839373,264.88,80.53,350.19,312.59
396,15.840000,2,76,gloves,0.892894,403.77,188.20,419.36,214.40
396,15.840000,32,16,bottle,0.773488,86.56,305.52,104.60,359.93
396,15.840000,177,76,gloves,0.309672,299.86,70.06,322.46,134.71
396,15.840000,178,76,gloves,0.593360,327.49,153.93,351.51,171.13
397,15.880000,1,0,person,0.849822,306.45,67.57,384.11,291.00
397,15.880000,3,0,person,0.877255,369.85,85.62,431.83,295.50
397,15.880000,4,2,helmet,0.766239,390.50,86.38,417.06,109.45
397,15.880000,5,2,helmet,0.784625,334.43,68.14,360.65,86.68
397,15.880000,33,0,person,0.842509,264.59,80.57,349.96,313.05
397,15.880000,2,76,gloves,0.881100,403.66,188.13,419.13,214.09
397,15.880000,32,16,bottle,0.775073,86.50,305.43,104.58,359.99
397,15.880000,177,76,gloves,0.341185,299.81,70.00,322.34,134.48
397,15.880000,178,76,gloves,0.444548,326.72,153.65,351.40,171.40
397,15.880000,70,76,gloves,0.352350,304.38,70.19,321.79,106.18
398,15.920000,1,0,person,0.851322,306.31,67.51,383.86,290.92
398,15.920000,3,0,person,0.831147,369.87,85.78,431.93,295.48
398,15.920000,4,2,helmet,0.755968,390.36,86.42,415.92,108.33
398,15.920000,5,2,helmet,0.781763,334.51,68.10,360.48,86.34
398,15.920000,33,0,person,0.850227,264.23,80.55,349.48,313.18
398,15.920000,2,76,gloves,0.869305,403.61,188.00,418.95,213.74
398,15.920000,32,16,bottle,0.771998,86.48,305.39,104.57,360.00
398,15.920000,177,76,gloves,0.332015,299.83,69.98,322.29,134.31
398,15.920000,178,76,gloves,0.286910,326.93,153.49,350.63,170.62
398,15.920000,181,76,gloves,0.806107,350.85,151.41,370.18,166.16
398,15.920000,70,76,gloves,0.375052,304.29,70.19,321.81,106.17
399,15.960000,1,0,person,0.839573,306.30,67.46,383.81,291.02
399,15.960000,3,0,person,0.863986,369.14,85.81,431.49,295.46
399,15.960000,4,2,helmet,0.764725,390.20,86.45,415.46,107.79
399,15.960000,5,2,helmet,0.783364,334.41,68.11,360.29,86.18
399,15.960000,33,0,person,0.848450,264.02,80.33,349.17,313.24
399,15.960000,2,76,gloves,0.870496,403.58,187.95,418.90,213.62
399,15.960000,32,16,bottle,0.772825,86.47,305.38,104.56,360.00
399,15.960000,177,76,gloves,0.315766,299.88,70.01,322.23,134.02
399,15.960000,178,76,gloves,0.283280,326.99,153.44,349.71,169.94
399,15.960000,181,76,gloves,0.447741,353.80,151.39,372.60,165.79
399,15.960000,70,76,gloves,0.336481,304.24,70.22,321.83,106.16
400,16.000000,1,0,person,0.839944,306.32,67.45,383.79,291.10
400,16.000000,3,0,person,0.866394,367.77,85.85,430.63,295.45
400,16.000000,4,2,helmet,0.758375,389.80,86.49,415.12,107.58
400,16.000000,5,2,helmet,0.780999,334.33,68.16,360.19,86.11
400,16.000000,33,0,person,0.840007,263.61,80.29,348.46,313.30
400,16.000000,2,76,gloves,0.872197,403.59,187.99,418.88,213.58
400,16.000000,32,16,bottle,0.775914,86.47,305.38,104.56,360.00
400,16.000000,177,76,gloves,0.299990,299.86,70.04,322.10,133.77
400,16.000000,181,76,gloves,0.555830,354.80,151.29,373.98,166.07
400,16.000000,70,76,gloves,0.328941,304.07,70.27,321.71,106.14
401,16.040000,1,0,person,0.844167,306.17,67.47,383.66,291.30
401,16.040000,3,0,person,0.833845,365.17,85.85,429.00,295.51
401,16.040000,4,2,helmet,0.764553,389.47,86.62,415.05,107.70
401,16.040000,5,2,helmet,0.781648,334.18,68.20,360.05,86.07
401,16.040000,33,0,person,0.824218,263.00,80.49,347.27,313.38
401,16.040000,2,76,gloves,0.879605,403.72,187.93,419.04,213.55
401,16.040000,32,16,bottle,0.755226,86.42,305.41,104.48,360.00
401,16.040000,181,76,gloves,0.624525,355.98,151.90,374.51,166.24
401,16.040000,70,76,gloves,0.410436,303.98,70.27,321.72,106.25
402,16.080000,1,0,person,0.850852,306.18,67.51,383.63,291.40
402,16.080000,3,0,person,0.839825,363.69,85.82,428.46,295.55
402,16.080000,4,2,helmet,0.761607,389.06,86.64,415.05,107.88
402,16.080000,5,2,helmet,0.781013,334.09,68.21,360.03,86.06
402,16.080000,33,0,person,0.806769,262.38,80.35,346.08,313.36
402,16.080000,2,76,gloves,0.891311,404.05,187.98,419.49,213.66
402,16.080000,32,16,bottle,0.757895,86.40,305.44,104.44,360.00
402,16.080000,181,76,gloves,0.740907,356.03,151.86,374.51,166.25
402,16.080000,70,76,gloves,0.404968,303.93,70.27,321.74,106.33
403,16.120000,1,0,person,0.840326,306.13,67.48,383.55,291.41
403,16.120000,3,0,person,0.840821,363.19,85.76,428.72,295.52
403,16.120000,4,2,helmet,0.773821,388.86,86.64,415.35,108.15
403,16.120000,5,2,helmet,0.781019,334.04,68.22,360.06,86.05
403,16.120000,33,0,person,0.796101,261.42,80.61,344.16,313.41
403,16.120000,2,76,gloves,0.901762,404.51,188.32,419.97,213.85
403,16.120000,32,16,bottle,0.749893,86.51,305.58,104.43,359.83
403,16.120000,181,76,gloves,0.700311,356.06,151.93,374.26,166.22
403,16.120000,70,76,gloves,0.419553,303.88,70.26,321.75,106.39
403,16.120000,188,74,bucket,0.312013,445.79,317.16,464.74,356.46
404,16.160000,1,0,person,0.842849,306.28,67.41,383.64,291.43
404,16.160000,3,0,person,0.831944,362.39,85.70,428.71,295.50
404,16.160000,4,2,helmet,0.768203,388.46,86.60,415.71,108.65
404,16.160000,5,2,helmet,0.780432,333.93,68.17,360.10,86.05
404,16.160000,33,0,person,0.807456,262.10,80.24,344.34,313.29
404,16.160000,2,76,gloves,0.902677,404.82,188.61,420.31,214.01
404,16.160000,32,16,bottle,0.752065,86.45,305.49,104.43,359.94
404,16.160000,181,76,gloves,0.734066,356.15,152.13,374.29,166.44
404,16.160000,70,76,gloves,0.348548,303.26,70.29,321.50,106.97
404,16.160000,188,74,bucket,0.331589,445.64,317.16,464.62,356.51
405,16.200000,1,0,person,0.840751,306.60,67.53,383.68,290.95
405,16.200000,3,0,person,0.828426,362.02,85.67,429.02,295.50
405,16.200000,4,2,helmet,0.758743,388.18,86.63,416.17,109.29
405,16.200000,5,2,helmet,0.781604,333.87,68.16,360.14,86.05
405,16.200000,33,0,person,0.801449,261.71,80.06,343.21,313.34
405,16.200000,2,76,gloves,0.898164,405.08,188.73,420.72,214.24
405,16.200000,32,16,bottle,0.753500,86.43,305.51,104.39,359.98
405,16.200000,181,76,gloves,0.710652,356.06,152.15,374.26,166.61
405,16.200000,70,76,gloves,0.384611,303.12,70.30,321.51,107.14
405,16.200000,188,74,bucket,0.327991,445.58,317.16,464.57,356.52
406,16.240000,1,0,person,0.821190,306.58,67.59,383.59,290.83
406,16.240000,3,0,person,0.808024,362.01,85.81,429.55,295.43
406,16.240000,4,2,helmet,0.757536,388.14,86.59,416.25,109.31
406,16.240000,5,2,helmet,0.782022,333.74,68.16,360.24,86.18
406,16.240000,33,0,person,0.788413,260.51,79.91,340.95,313.39
406,16.240000,2,76,gloves,0.898723,405.52,188.93,421.27,214.50
406,16.240000,32,16,bottle,0.757800,86.43,305.52,104.36,360.00
406,16.240000,181,76,gloves,0.642196,355.89,152.16,374.01,166.68
406,16.240000,70,76,gloves,0.354953,303.33,70.28,321.60,106.80
406,16.240000,188,74,bucket,0.355327,445.31,317.08,464.32,356.46
407,16.280000,1,0,person,0.831470,306.24,67.07,383.52,291.02
407,16.280000,3,0,person,0.811453,364.11,85.45,431.66,295.52
407,16.280000,4,2,helmet,0.763791,387.93,86.20,417.24,110.02
407,16.280000,5,2,helmet,0.785509,333.71,68.05,360.41,86.19
407,16.280000,33,0,person,0.763217,258.03,80.28,336.88,313.41
407,16.280000,2,76,gloves,0.895273,405.77,188.94,421.69,214.72
407,16.280000,32,16,bottle,0.757426,86.41,305.72,104.25,359.81
407,16.280000,181,76,gloves,0.626073,355.43,152.31,373.01,166.64
407,16.280000,70,76,gloves,0.552969,303.54,70.33,321.65,106.58
407,16.280000,188,74,bucket,0.358335,445.21,317.07,464.25,356.45
408,16.320000,1,0,person,0.826807,306.41,66.89,383.69,291.13
408,16.320000,3,0,person,0.718741,365.55,85.44,432.84,295.52
408,16.320000,4,2,helmet,0.765693,387.83,86.39,417.30,110.34
408,16.320000,5,2,helmet,0.786417,333.70,68.00,360.49,86.19
408,16.320000,33,0,person,0.749381,253.24,80.56,329.87,313.37
408,16.320000,2,76,gloves,0.896606,405.83,188.94,421.84,214.79
408,16.320000,32,16,bottle,0.756494,86.41,305.81,104.23,359.75
408,16.320000,181,76,gloves,0.672345,354.96,152.31,372.13,166.62
408,16.320000,70,76,gloves,0.425287,303.68,70.30,321.66,106.30
408,16.320000,188,74,bucket,0.343563,445.19,317.03,464.25,356.45
409,16.360000,1,0,person,0.818054,306.76,66.87,383.92,291.15
409,16.360000,3,0,person,0.829064,368.86,85.48,435.24,295.59
409,16.360000,4,2,helmet,0.762595,388.08,86.50,417.23,110.17
409,16.360000,5,2,helmet,0.791279,333.68,67.90,360.60,86.19
409,16.360000,33,0,person,0.775590,250.64,80.81,325.19,313.34
409,16.360000,2,76,gloves,0.893531,405.84,188.99,421.88,214.84
409,16.360000,32,16,bottle,0.753929,86.40,305.85,104.23,359.72
409,16.360000,181,76,gloves,0.626349,354.54,152.40,371.79,167.17
409,16.360000,70,76,gloves,0.342635,303.89,70.28,321.63,105.79
409,16.360000,188,74,bucket,0.342098,445.21,317.05,464.30,356.45
410,16.400000,1,0,person,0.825166,306.72,66.70,383.93,291.24
410,16.400000,3,0,person,0.882208,369.92,85.22,435.63,295.61
410,16.400000,4,2,helmet,0.768124,388.26,86.32,417.27,109.86
410,16.400000,5,2,helmet,0.791688,333.68,67.85,360.64,86.17
410,16.400000,33,0,person,0.761965,249.73,80.82,322.47,313.21
410,16.400000,2,76,gloves,0.897637,405.66,189.00,421.71,214.83
410,16.400000,32,16,bottle,0.743871,86.26,305.84,104.11,359.69
410,16.400000,181,76,gloves,0.322782,354.33,152.45,371.53,167.57
410,16.400000,70,76,gloves,0.370164,303.99,70.26,321.63,105.59
410,16.400000,188,74,bucket,0.368179,445.14,317.04,464.27,356.43
411,16.440000,1,0,person,0.842309,306.53,66.67,383.71,291.19
411,16.440000,3,0,person,0.882789,370.16,85.00,435.32,295.61
411,16.440000,4,2,helmet,0.788640,388.80,86.23,417.49,109.39
411,16.440000,5,2,helmet,0.791760,333.69,67.83,360.65,86.17
411,16.440000,33,0,person,0.745216,251.83,80.81,323.84,313.32
411,16.440000,2,76,gloves,0.896501,405.51,188.99,421.57,214.82
411,16.440000,32,16,bottle,0.742322,86.20,305.82,104.07,359.68
411,16.440000,70,76,gloves,0.378274,304.03,70.25,321.62,105.48
411,16.440000,188,74,bucket,0.382386,445.06,317.01,464.22,356.42
412,16.480000,1,0,person,0.837856,306.51,66.67,383.69,291.25
412,16.480000,3,0,person,0.858604,371.03,85.05,435.47,295.63
412,16.480000,4,2,helmet,0.789272,389.05,86.19,417.60,109.15
412,16.480000,5,2,helmet,0.792593,333.69,67.83,360.65,86.17
412,16.480000,33,0,person,0.758875,252.70,80.82,324.05,313.36
412,16.480000,2,76,gloves,0.891967,405.47,188.96,421.55,214.82
412,16.480000,32,16,bottle,0.742771,86.18,305.82,104.07,359.66
412,16.480000,70,76,gloves,0.361785,304.04,70.25,321.61,105.42
412,16.480000,188,74,bucket,0.380154,445.02,317.01,464.22,356.42
412,16.480000,166,76,gloves,0.474050,359.51,165.85,375.57,176.07
413,16.520000,1,0,person,0.841222,306.41,67.01,383.54,291.53
413,16.520000,3,0,person,0.850171,374.07,85.17,437.21,295.68
413,16.520000,4,2,helmet,0.794480,389.28,86.18,417.92,109.12
413,16.520000,5,2,helmet,0.790466,333.80,67.86,360.66,86.14
413,16.520000,33,0,person,0.748724,251.68,80.44,321.93,312.97
413,16.520000,2,76,gloves,0.893190,405.50,189.09,421.56,214.92
413,16.520000,32,16,bottle,0.752218,86.11,305.86,104.01,359.63
413,16.520000,70,76,gloves,0.345109,304.06,70.30,321.58,105.37
413,16.520000,188,74,bucket,0.364004,444.93,317.04,464.19,356.50
414,16.560000,1,0,person,0.842299,306.46,66.99,383.54,291.41
414,16.560000,3,0,person,0.854994,375.62,85.29,437.57,295.70
414,16.560000,4,2,helmet,0.788955,389.48,86.22,418.11,109.09
414,16.560000,5,2,helmet,0.791556,333.94,67.86,360.72,86.09
414,16.560000,33,0,person,0.751362,251.67,80.03,321.05,312.74
414,16.560000,2,76,gloves,0.892431,405.49,189.10,421.57,214.95
414,16.560000,32,16,bottle,0.750351,86.00,305.86,103.92,359.63
414,16.560000,70,76,gloves,0.625377,304.03,70.29,321.63,105.55
414,16.560000,188,74,bucket,0.356828,444.91,317.01,464.23,356.53
415,16.600000,1,0,person,0.846785,306.69,66.96,383.66,291.24
415,16.600000,3,0,person,0.858083,375.89,85.31,436.92,295.69
415,16.600000,4,2,helmet,0.785597,389.52,86.26,418.19,109.10
415,16.600000,5,2,helmet,0.791915,334.00,67.87,360.75,86.08
415,16.600000,33,0,person,0.798733,252.57,79.66,321.48,312.54
415,16.600000,2,76,gloves,0.888575,405.49,189.13,421.58,214.99
415,16.600000,32,16,bottle,0.752223,85.94,305.87,103.87,359.59
415,16.600000,70,76,gloves,0.612610,303.84,70.30,321.65,106.06
415,16.600000,188,74,bucket,0.354968,444.86,316.99,464.23,356.54
416,16.640000,1,0,person,0.847426,306.61,67.17,383.54,291.41
416,16.640000,3,0,person,0.863118,376.19,85.32,436.40,295.71
416,16.640000,4,2,helmet,0.783186,389.52,86.23,418.29,109.11
416,16.640000,5,2,helmet,0.789380,333.99,67.85,360.74,86.08
416,16.640000,33,0,person,0.772985,249.52,80.11,318.45,312.36
416,16.640000,2,76,gloves,0.887081,405.51,189.18,421.57,215.01
416,16.640000,32,16,bottle,0.748152,85.95,305.89,103.90,359.58
416,16.640000,70,76,gloves,0.619777,303.77,70.12,321.68,106.08
416,16.640000,188,74,bucket,0.343081,444.81,316.98,464.22,356.55
417,16.680000,1,0,person,0.855333,306.40,67.23,383.38,291.55
417,16.680000,3,0,person,0.866183,377.00,85.18,436.39,295.75
417,16.680000,4,2,helmet,0.792109,389.26,86.27,418.08,109.05
417,16.680000,5,2,helmet,0.792596,334.13,67.84,361.00,86.20
417,16.680000,33,0,person,0.790951,251.15,80.15,319.60,312.26
417,16.680000,2,76,gloves,0.889622,405.44,189.17,421.59,215.19
417,16.680000,32,16,bottle,0.762585,85.63,305.86,103.64,359.58
417,16.680000,70,76,gloves,0.519972,303.53,70.23,321.64,106.61
417,16.680000,188,74,bucket,0.348815,444.72,316.99,464.16,356.56
417,16.680000,197,7,ladder,0.307503,230.13,164.08,346.13,307.63
417,16.680000,181,76,gloves,0.343763,354.77,152.73,370.06,166.56
418,16.720000,1,0,person,0.855507,306.51,67.21,383.48,291.59
418,16.720000,3,0,person,0.859045,377.77,85.10,436.33,295.73
418,16.720000,4,2,helmet,0.792325,389.11,86.29,418.05,109.02
418,16.720000,5,2,helmet,0.791117,334.36,67.81,360.99,86.02
418,16.720000,33,0,person,0.786228,251.51,80.07,319.84,312.58
418,16.720000,2,76,gloves,0.884479,405.44,189.19,421.59,215.24
418,16.720000,32,16,bottle,0.757502,85.50,305.84,103.57,359.60
418,16.720000,70,76,gloves,0.564192,303.22,70.30,321.42,106.76
418,16.720000,188,74,bucket,0.349958,444.61,316.99,464.08,356.58
418,16.720000,197,7,ladder,0.323628,229.51,162.41,346.74,307.55
418,16.720000,181,76,gloves,0.294413,355.00,152.73,369.80,166.44
419,16.760000,1,0,person,0.853312,306.62,67.19,383.53,291.51
419,16.760000,3,0,person,0.861035,378.30,85.09,436.09,295.71
419,16.760000,4,2,helmet,0.791653,389.17,86.29,418.19,108.99
419,16.760000,5,2,helmet,0.791403,334.37,67.80,360.92,85.96
419,16.760000,33,0,person,0.767444,250.00,79.76,318.68,312.64
419,16.760000,2,76,gloves,0.884734,405.46,189.22,421.57,215.26
419,16.760000,32,16,bottle,0.756764,85.45,305.84,103.57,359.61
419,16.760000,70,76,gloves,0.676710,302.58,70.25,321.04,106.94
419,16.760000,188,74,bucket,0.371742,444.58,316.94,464.07,356.51
419,16.760000,197,7,ladder,0.290285,229.10,162.08,346.53,307.54
419,16.760000,181,76,gloves,0.306670,355.15,152.74,369.63,166.41
419,16.760000,198,76,gloves,0.327081,386.06,188.46,404.53,204.48
420,16.800000,1,0,person,0.848502,306.62,66.98,383.53,291.29
420,16.800000,3,0,person,0.861174,378.71,85.14,435.79,295.74
420,16.800000,4,2,helmet,0.789725,389.56,86.39,418.36,108.85
420,16.800000,5,2,helmet,0.787993,334.29,67.80,361.09,86.18
420,16.800000,33,0,person,0.773298,250.49,79.61,319.68,312.40
420,16.800000,2,76,gloves,0.886815,405.46,189.24,421.55,215.27
420,16.800000,32,16,bottle,0.759003,85.42,305.88,103.57,359.59
420,16.800000,70,76,gloves,0.646903,302.89,70.29,321.33,106.87
420,16.800000,188,74,bucket,0.362971,444.56,316.93,464.07,356.49
420,16.800000,197,7,ladder,0.268543,227.74,159.50,347.08,307.53
420,16.800000,181,76,gloves,0.352886,355.25,152.75,369.48,166.43
420,16.800000,200,76,gloves,0.550117,301.41,155.09,329.36,168.19
421,16.840000,1,0,person,0.856205,306.56,67.18,383.40,291.28
421,16.840000,3,0,person,0.859624,378.92,85.18,435.37,295.78
421,16.840000,4,2,helmet,0.788685,389.48,86.34,418.52,108.96
421,16.840000,5,2,helmet,0.779329,334.06,67.81,361.47,86.71
421,16.840000,33,0,person,0.846788,251.99,80.28,321.82,312.40
421,16.840000,2,76,gloves,0.888515,405.35,189.36,421.33,215.26
421,16.840000,32,16,bottle,0.764774,85.21,305.87,103.38,359.51
421,16.840000,70,76,gloves,0.511207,302.95,70.34,321.32,106.64
421,16.840000,188,74,bucket,0.400022,444.51,316.91,464.04,356.47
421,16.840000,197,7,ladder,0.379739,227.03,158.59,347.37,308.11
421,16.840000,181,76,gloves,0.454872,355.15,152.82,369.21,166.57
421,16.840000,200,76,gloves,0.438868,302.80,154.46,332.64,168.56
422,16.880000,1,0,person,0.846822,307.15,67.02,383.77,290.90
422,16.880000,3,0,person,0.861094,379.09,85.07,435.00,295.77
422,16.880000,4,2,helmet,0.786771,389.44,86.32,418.75,109.16
422,16.880000,5,2,helmet,0.781240,334.03,67.83,361.59,86.92
422,16.880000,33,0,person,0.774862,250.02,79.91,320.04,312.48
422,16.880000,2,76,gloves,0.893876,405.13,189.51,421.12,215.46
422,16.880000,32,16,bottle,0.763704,85.13,305.87,103.33,359.47
422,16.880000,70,76,gloves,0.420837,302.31,70.32,320.82,106.45
422,16.880000,188,74,bucket,0.392309,444.42,316.93,463.96,356.45
422,16.880000,197,7,ladder,0.341831,227.22,159.49,346.84,308.32
422,16.880000,181,76,gloves,0.509974,355.16,152.86,368.99,166.61
423,16.920000,1,0,person,0.849580,307.04,67.02,383.63,290.78
423,16.920000,3,0,person,0.863020,378.79,85.16,434.29,295.79
423,16.920000,4,2,helmet,0.779928,389.41,86.31,418.74,109.16
423,16.920000,5,2,helmet,0.781377,334.07,67.85,361.59,86.99
423,16.920000,33,0,person,0.822131,254.64,79.75,326.23,311.85
423,16.920000,2,76,gloves,0.899329,404.82,189.62,420.82,215.69
423,16.920000,32,16,bottle,0.763506,85.10,305.92,103.32,359.44
423,16.920000,188,74,bucket,0.373887,444.38,316.93,463.93,356.45
423,16.920000,197,7,ladder,0.410778,228.85,162.37,346.26,308.45
423,16.920000,177,76,gloves,0.397375,298.26,70.11,319.76,128.58
424,16.960000,1,0,person,0.863275,307.21,67.02,383.71,290.71
424,16.960000,3,0,person,0.859285,378.81,85.19,433.95,295.81
424,16.960000,4,2,helmet,0.780291,389.19,86.31,418.76,109.35
424,16.960000,5,2,helmet,0.775148,334.11,67.87,361.48,86.99
424,16.960000,33,0,person,0.823614,257.26,79.50,330.84,311.65
424,16.960000,2,76,gloves,0.901946,404.70,189.67,420.69,215.79
424,16.960000,32,16,bottle,0.758950,85.03,305.88,103.31,359.48
424,16.960000,188,74,bucket,0.399627,444.38,316.93,463.94,356.45
424,16.960000,197,7,ladder,0.372620,229.25,162.28,346.61,308.47
424,16.960000,177,76,gloves,0.296246,297.91,70.04,320.23,128.92
424,16.960000,178,76,gloves,0.624410,319.24,143.72,342.14,160.29
424,16.960000,70,76,gloves,0.349709,303.49,72.36,320.85,106.01
425,17.000000,1,0,person,0.847625,306.37,67.26,383.07,291.23
425,17.000000,3,0,person,0.860849,378.82,85.24,433.65,295.82
425,17.000000,4,2,helmet,0.771053,389.02,86.30,418.84,109.57
425,17.000000,5,2,helmet,0.773703,334.00,67.88,361.26,86.98
425,17.000000,33,0,person,0.816529,258.15,79.85,333.61,311.50
425,17.000000,2,76,gloves,0.894410,404.53,189.56,420.55,215.83
425,17.000000,32,16,bottle,0.763006,84.90,305.90,103.18,359.45
425,17.000000,188,74,bucket,0.412958,444.22,316.95,463.75,356.42
425,17.000000,197,7,ladder,0.507908,229.67,161.23,347.14,307.79
425,17.000000,177,76,gloves,0.277493,297.23,70.09,320.42,130.13
425,17.000000,70,76,gloves,0.305404,302.15,71.05,320.49,106.11
426,17.040000,1,0,person,0.848275,305.98,67.35,382.82,291.42
426,17.040000,3,0,person,0.861038,378.89,85.24,433.46,295.82
426,17.040000,4,2,helmet,0.776113,389.10,86.30,418.74,109.42
426,17.040000,5,2,helmet,0.775978,333.98,67.88,361.15,86.96
426,17.040000,33,0,person,0.812564,257.96,78.93,335.55,311.64
426,17.040000,2,76,gloves,0.895354,404.49,189.51,420.49,215.84
426,17.040000,32,16,bottle,0.763439,84.85,305.91,103.14,359.44
426,17.040000,188,74,bucket,0.414202,444.17,316.95,463.69,356.41
426,17.040000,197,7,ladder,0.518758,229.74,160.66,347.26,307.53
426,17.040000,177,76,gloves,0.321704,296.26,70.19,319.70,128.72
426,17.040000,70,76,gloves,0.322048,301.46,70.61,320.31,106.16
426,17.040000,206,76,gloves,0.536464,320.99,137.50,345.14,152.55
427,17.080000,1,0,person,0.855467,306.10,67.43,382.95,291.44
427,17.080000,3,0,person,0.862425,378.85,85.28,433.16,295.74
427,17.080000,4,2,helmet,0.773451,389.27,86.41,418.73,109.39
427,17.080000,5,2,helmet,0.776137,333.98,67.90,361.02,86.93
427,17.080000,33,0,person,0.822899,257.34,79.26,336.51,311.65
427,17.080000,2,76,gloves,0.896745,404.49,189.50,420.45,215.84
427,17.080000,32,16,bottle,0.761545,84.83,305.92,103.12,359.42
427,17.080000,188,74,bucket,0.382564,444.17,316.92,463.70,356.43
427,17.080000,197,7,ladder,0.489144,229.40,158.95,347.89,307.45
427,17.080000,70,76,gloves,0.293116,301.08,70.49,320.27,106.20
427,17.080000,206,76,gloves,0.624392,320.98,136.14,344.38,150.72
428,17.120000,1,0,person,0.856474,306.24,67.43,383.09,291.43
428,17.120000,3,0,person,0.867009,378.70,85.34,432.83,295.60
428,17.120000,4,2,helmet,0.773864,389.07,86.44,418.53,109.38
428,17.120000,5,2,helmet,0.764896,333.92,67.84,360.81,86.79
428,17.120000,33,0,person,0.828772,256.27,79.19,336.79,311.55
428,17.120000,2,76,gloves,0.899228,404.61,189.46,420.54,215.82
428,17.120000,32,16,bottle,0.762662,84.82,305.91,103.13,359.43
428,17.120000,188,74,bucket,0.386211,444.11,316.91,463.66,356.44
428,17.120000,197,7,ladder,0.378633,228.62,157.02,348.61,308.07
428,17.120000,206,76,gloves,0.559627,320.16,134.98,342.92,149.14
428,17.120000,177,76,gloves,0.270664,294.60,70.21,319.78,131.77
429,17.160000,1,0,person,0.845375,305.61,67.42,382.61,291.42
429,17.160000,3,0,person,0.864066,378.78,85.35,432.73,295.56
429,17.160000,4,2,helmet,0.772876,389.00,86.46,418.34,109.25
429,17.160000,5,2,helmet,0.756394,333.77,67.80,360.70,86.79
429,17.160000,33,0,person,0.830580,254.61,80.14,336.21,311.96
429,17.160000,2,76,gloves,0.900460,404.76,189.53,420.60,215.82
429,17.160000,32,16,bottle,0.762568,84.76,305.80,103.08,359.38
429,17.160000,188,74,bucket,0.378865,444.00,316.91,463.57,356.45
429,17.160000,197,7,ladder,0.390152,228.08,155.70,348.79,308.31
429,17.160000,206,76,gloves,0.734053,318.98,134.86,342.57,149.58
430,17.200000,1,0,person,0.836137,305.07,67.43,382.26,291.41
430,17.200000,3,0,person,0.865379,378.94,85.34,432.71,295.54
430,17.200000,4,2,helmet,0.777184,388.98,86.47,418.33,109.22
430,17.200000,5,2,helmet,0.757427,333.74,67.79,360.64,86.76
430,17.200000,33,0,person,0.827209,253.13,80.40,335.77,312.12
430,17.200000,2,76,gloves,0.903108,405.13,189.75,420.79,215.74
430,17.200000,32,16,bottle,0.762892,84.74,305.76,103.06,359.37
430,17.200000,188,74,bucket,0.377318,443.94,316.90,463.54,356.46
430,17.200000,197,7,ladder,0.382532,227.37,153.89,349.00,308.41
430,17.200000,206,76,gloves,0.709336,317.57,135.11,341.69,150.22
431,17.240000,1,0,person,0.842871,305.85,66.90,383.07,291.12
431,17.240000,3,0,person,0.864673,378.83,85.29,432.49,295.51
431,17.240000,4,2,helmet,0.776272,388.91,86.44,418.35,109.24
431,17.240000,5,2,helmet,0.754191,333.51,67.67,360.57,86.80
431,17.240000,33,0,person,0.841583,251.34,80.53,334.72,312.32
431,17.240000,2,76,gloves,0.895520,405.58,190.18,421.00,215.67
431,17.240000,32,16,bottle,0.760852,84.72,305.71,103.06,359.33
431,17.240000,188,74,bucket,0.346147,443.89,316.91,463.50,356.44
431,17.240000,197,7,ladder,0.352363,229.06,155.15,349.10,308.49
431,17.240000,210,76,gloves,0.486794,377.78,189.27,389.75,213.65
431,17.240000,181,76,gloves,0.434648,354.59,152.78,368.26,166.68
432,17.280000,1,0,person,0.830847,305.46,66.70,382.83,291.11
432,17.280000,3,0,person,0.869860,378.64,85.26,432.25,295.48
432,17.280000,4,2,helmet,0.775831,388.69,86.43,418.21,109.21
432,17.280000,5,2,helmet,0.758683,333.47,67.61,360.46,86.72
432,17.280000,33,0,person,0.847582,249.21,80.65,332.86,312.17
432,17.280000,2,76,gloves,0.891947,405.90,190.27,421.28,215.61
432,17.280000,32,16,bottle,0.765637,84.71,305.68,103.04,359.35
432,17.280000,188,74,bucket,0.380170,443.80,316.95,463.40,356.43
432,17.280000,197,7,ladder,0.379545,228.84,153.99,349.12,308.46
432,17.280000,210,76,gloves,0.630614,377.95,189.66,390.14,214.58
432,17.280000,181,76,gloves,0.349607,354.73,152.74,368.23,166.69
433,17.320000,1,0,person,0.835535,305.37,66.47,382.81,290.98
433,17.320000,3,0,person,0.871976,378.59,85.26,432.14,295.48
433,17.320000,4,2,helmet,0.778388,388.53,86.41,418.23,109.28
433,17.320000,5,2,helmet,0.759345,333.37,67.59,360.38,86.73
433,17.320000,33,0,person,0.818502,246.31,80.72,329.89,311.93
433,17.320000,2,76,gloves,0.891943,406.00,190.30,421.39,215.58
433,17.320000,32,16,bottle,0.764080,84.71,305.68,103.04,359.35
433,17.320000,188,74,bucket,0.381303,443.77,316.96,463.38,356.42
433,17.320000,210,76,gloves,0.639027,378.02,189.78,390.25,214.87
433,17.320000,181,76,gloves,0.378984,354.81,152.72,368.19,166.73
434,17.360000,1,0,person,0.823955,305.63,66.96,383.01,291.57
434,17.360000,3,0,person,0.869544,378.27,85.16,431.86,295.58
434,17.360000,4,2,helmet,0.768346,388.46,86.20,418.50,109.38
434,17.360000,5,2,helmet,0.739767,333.25,67.70,360.44,87.02
434,17.360000,33,0,person,0.790187,241.28,80.05,324.10,312.49
434,17.360000,2,76,gloves,0.894606,406.16,190.58,421.54,215.77
434,17.360000,32,16,bottle,0.760384,84.88,305.64,103.30,359.56
434,17.360000,188,74,bucket,0.449836,443.69,316.97,463.29,356.37
434,17.360000,210,76,gloves,0.689305,378.11,190.01,390.19,214.93
434,17.360000,70,76,gloves,0.374795,297.85,75.02,316.90,108.16
435,17.400000,1,0,person,0.848275,303.60,67.30,381.30,291.24
435,17.400000,3,0,person,0.876089,378.11,85.15,431.71,295.61
435,17.400000,4,2,helmet,0.773470,388.37,86.12,418.74,109.63
435,17.400000,5,2,helmet,0.738193,333.05,67.86,360.08,87.11
435,17.400000,33,0,person,0.804527,240.23,80.82,322.36,313.17
435,17.400000,2,76,gloves,0.895334,406.20,190.60,421.61,215.74
435,17.400000,32,16,bottle,0.752736,84.95,305.62,103.37,359.54
435,17.400000,188,74,bucket,0.427870,443.68,316.96,463.30,356.38
435,17.400000,210,76,gloves,0.744943,377.92,189.80,390.03,214.87
435,17.400000,70,76,gloves,0.291340,299.61,75.90,318.08,107.01
436,17.440000,1,0,person,0.843523,302.22,67.03,380.59,291.21
436,17.440000,3,0,person,0.879234,377.16,85.15,430.99,295.60
436,17.440000,4,2,helmet,0.758177,388.07,86.08,418.74,109.91
436,17.440000,5,2,helmet,0.742768,332.83,67.92,359.81,87.16
436,17.440000,33,0,person,0.824245,237.00,81.31,317.11,312.82
436,17.440000,2,76,gloves,0.892413,406.14,190.68,421.63,215.91
436,17.440000,32,16,bottle,0.755831,84.95,305.61,103.40,359.58
436,17.440000,188,74,bucket,0.403884,443.60,317.00,463.22,356.41
436,17.440000,210,76,gloves,0.699410,376.89,190.05,388.93,214.77
436,17.440000,181,76,gloves,0.430568,354.88,152.54,367.86,166.27
437,17.480000,1,0,person,0.829562,301.95,67.19,380.71,291.22
437,17.480000,3,0,person,0.876219,376.72,85.12,430.76,295.60
437,17.480000,4,2,helmet,0.759793,388.15,86.10,418.56,109.75
437,17.480000,5,2,helmet,0.741904,332.56,67.82,359.49,87.05
437,17.480000,33,0,person,0.807719,236.22,81.33,314.72,312.70
437,17.480000,2,76,gloves,0.890696,406.04,190.75,421.70,216.22
437,17.480000,32,16,bottle,0.774535,84.67,305.63,103.13,359.71
437,17.480000,188,74,bucket,0.425230,443.57,317.01,463.19,356.39
437,17.480000,210,76,gloves,0.678111,376.19,190.22,388.30,214.78
437,17.480000,181,76,gloves,0.401596,354.94,152.50,367.80,166.20
438,17.520000,1,0,person,0.829278,300.82,67.25,380.18,291.38
438,17.520000,3,0,person,0.872387,376.33,85.14,430.59,295.66
438,17.520000,4,2,helmet,0.761920,388.21,86.12,418.46,109.65
438,17.520000,5,2,helmet,0.746076,332.53,67.76,359.37,86.92
438,17.520000,33,0,person,0.829723,236.32,81.51,313.38,312.64
438,17.520000,2,76,gloves,0.897708,405.83,190.83,421.57,216.41
438,17.520000,32,16,bottle,0.771302,84.57,305.62,102.99,359.64
438,17.520000,188,74,bucket,0.384072,443.56,317.01,463.19,356.42
438,17.520000,210,76,gloves,0.621699,375.16,189.99,387.41,214.70
439,17.560000,1,0,person,0.842465,300.73,66.80,380.58,291.44
439,17.560000,3,0,person,0.876833,375.99,85.16,430.46,295.65
439,17.560000,4,2,helmet,0.773623,388.37,86.10,418.63,109.67
439,17.560000,5,2,helmet,0.749567,332.37,67.73,359.11,86.82
439,17.560000,33,0,person,0.811658,236.52,81.57,312.36,312.64
439,17.560000,2,76,gloves,0.895168,405.29,190.59,421.29,216.56
439,17.560000,32,16,bottle,0.763066,84.58,305.62,102.97,359.55
439,17.560000,188,74,bucket,0.442397,443.45,317.00,463.05,356.37
439,17.560000,210,76,gloves,0.622046,374.35,190.15,386.44,214.58
439,17.560000,181,76,gloves,0.280761,354.63,152.31,367.64,166.30
440,17.600000,1,0,person,0.823886,301.15,67.11,381.06,291.23
440,17.600000,3,0,person,0.873205,376.03,85.20,430.65,295.67
440,17.600000,4,2,helmet,0.773206,388.10,86.04,418.89,110.14
440,17.600000,5,2,helmet,0.751676,332.31,67.71,359.01,86.78
440,17.600000,33,0,person,0.817673,237.08,81.70,311.76,312.61
440,17.600000,2,76,gloves,0.896539,404.82,190.52,420.99,216.79
440,17.600000,32,16,bottle,0.774342,84.44,305.56,102.85,359.62
440,17.600000,188,74,bucket,0.454156,443.43,316.99,463.01,356.35
440,17.600000,210,76,gloves,0.580867,374.02,190.21,386.11,214.67
441,17.640000,1,0,person,0.830955,301.14,67.15,381.24,291.17
441,17.640000,3,0,person,0.873967,375.98,85.20,430.77,295.69
441,17.640000,4,2,helmet,0.766538,388.34,86.01,419.05,110.14
441,17.640000,5,2,helmet,0.745128,332.37,67.64,358.83,86.50
441,17.640000,33,0,person,0.816442,237.48,81.76,311.17,312.55
441,17.640000,2,76,gloves,0.901529,404.51,190.37,420.78,216.86
441,17.640000,32,16,bottle,0.777992,84.35,305.58,102.73,359.65
441,17.640000,188,74,bucket,0.450590,443.41,316.99,463.01,356.35
441,17.640000,210,76,gloves,0.437262,373.94,190.15,385.30,213.20
442,17.680000,1,0,person,0.827785,300.85,67.02,381.25,291.24
442,17.680000,3,0,person,0.864730,376.72,85.22,431.48,295.67
442,17.680000,4,2,helmet,0.766611,389.04,86.06,419.45,110.03
442,17.680000,5,2,helmet,0.741762,332.22,67.48,358.71,86.37
442,17.680000,33,0,person,0.816649,237.77,81.89,310.60,312.51
442,17.680000,2,76,gloves,0.884229,403.92,189.63,420.60,216.95
442,17.680000,32,16,bottle,0.774727,84.36,305.75,102.67,359.67
442,17.680000,188,74,bucket,0.443699,443.42,316.97,463.02,356.35
442,17.680000,210,76,gloves,0.489468,374.71,189.91,384.42,209.16
443,17.720000,1,0,person,0.829122,299.92,66.95,380.75,291.34
443,17.720000,3,0,person,0.863699,377.19,85.38,431.86,295.68
443,17.720000,4,2,helmet,0.775490,389.29,86.16,420.34,110.82
443,17.720000,5,2,helmet,0.748295,332.12,67.43,358.64,86.33
443,17.720000,33,0,person,0.804711,237.95,81.97,310.08,312.35
443,17.720000,2,76,gloves,0.863772,403.52,191.16,419.34,217.00
443,17.720000,32,16,bottle,0.780670,84.33,305.66,102.65,359.68
443,17.720000,188,74,bucket,0.468393,443.24,317.01,462.82,356.34
443,17.720000,210,76,gloves,0.401628,375.35,189.57,384.61,207.45
443,17.720000,220,76,gloves,0.331708,373.10,169.47,385.63,206.43
444,17.760000,1,0,person,0.827117,299.13,66.89,380.37,291.50
444,17.760000,3,0,person,0.859843,377.93,85.44,432.44,295.72
444,17.760000,4,2,helmet,0.785632,389.49,86.18,420.95,111.36
444,17.760000,5,2,helmet,0.754024,331.99,67.39,358.51,86.30
444,17.760000,33,0,person,0.806196,238.31,81.99,309.82,312.15
444,17.760000,2,76,gloves,0.871814,402.12,191.71,417.57,216.99
444,17.760000,32,16,bottle,0.768892,84.35,305.77,102.64,359.70
444,17.760000,188,74,bucket,0.458456,443.17,317.05,462.74,356.34
445,17.800000,1,0,person,0.821287,299.74,66.91,380.98,291.31
445,17.800000,3,0,person,0.864291,378.71,85.83,432.89,295.79
445,17.800000,4,2,helmet,0.777199,389.98,86.25,421.45,111.61
445,17.800000,5,2,helmet,0.758350,331.81,67.38,358.28,86.25
445,17.800000,33,0,person,0.809099,238.86,81.93,309.86,311.94
445,17.800000,2,76,gloves,0.837084,400.58,192.10,415.76,216.65
445,17.800000,32,16,bottle,0.782639,84.29,305.66,102.61,359.70
445,17.800000,188,74,bucket,0.431763,443.10,317.04,462.71,356.35
446,17.840000,1,0,person,0.817262,300.25,66.90,381.53,291.51
446,17.840000,3,0,person,0.869341,379.34,85.53,433.35,295.80
446,17.840000,4,2,helmet,0.750749,391.56,86.05,421.67,110.23
446,17.840000,5,2,helmet,0.757050,331.75,67.37,358.19,86.23
446,17.840000,33,0,person,0.810548,239.51,81.81,310.14,311.95
446,17.840000,2,76,gloves,0.838653,397.41,191.36,412.88,216.10
446,17.840000,32,16,bottle,0.783747,84.27,305.61,102.59,359.71
446,17.840000,188,74,bucket,0.473392,443.00,317.06,462.63,356.35
447,17.880000,1,0,person,0.827555,301.49,66.58,382.57,291.52
447,17.880000,3,0,person,0.870963,379.54,85.45,433.38,295.79
447,17.880000,4,2,helmet,0.778397,391.78,85.88,422.82,110.96
447,17.880000,5,2,helmet,0.756946,331.73,67.37,358.17,86.23
447,17.880000,33,0,person,0.803623,239.96,81.87,310.22,312.08
447,17.880000,2,76,gloves,0.839290,394.03,188.63,410.56,214.44
447,17.880000,32,16,bottle,0.783324,84.27,305.59,102.59,359.71
447,17.880000,188,74,bucket,0.436353,442.86,317.07,462.51,356.37
448,17.920000,1,0,person,0.838562,302.39,66.48,383.12,291.47
448,17.920000,3,0,person,0.861801,379.73,85.36,433.52,295.89
448,17.920000,4,2,helmet,0.756165,392.77,85.83,423.36,110.56
448,17.920000,5,2,helmet,0.751425,331.72,67.42,358.08,86.20
448,17.920000,33,0,person,0.776772,240.42,81.87,310.44,312.39
448,17.920000,2,76,gloves,0.726979,391.00,186.21,407.43,211.54
448,17.920000,32,16,bottle,0.783518,84.26,305.65,102.56,359.69
448,17.920000,188,74,bucket,0.439797,442.80,317.04,462.48,356.39
449,17.960000,1,0,person,0.840577,302.91,66.52,383.23,291.41
449,17.960000,3,0,person,0.861697,380.06,85.56,433.75,295.76
449,17.960000,4,2,helmet,0.759233,394.73,86.00,424.12,109.68
449,17.960000,5,2,helmet,0.751666,331.73,67.42,358.05,86.17
449,17.960000,33,0,person,0.758561,240.96,80.93,311.24,312.50
449,17.960000,32,16,bottle,0.783338,84.26,305.66,102.55,359.69
449,17.960000,188,74,bucket,0.425595,442.78,317.03,462.48,356.39
449,17.960000,198,76,gloves,0.771216,384.25,184.44,406.23,204.62
450,18.000000,1,0,person,0.844025,303.11,66.54,383.14,291.48
450,18.000000,3,0,person,0.850799,380.36,85.63,434.04,295.80
450,18.000000,4,2,helmet,0.752181,395.28,86.01,425.55,110.49
450,18.000000,5,2,helmet,0.750864,331.73,67.43,358.06,86.17
450,18.000000,33,0,person,0.804892,241.92,80.83,312.25,312.64
450,18.000000,32,16,bottle,0.790318,84.20,305.69,102.49,359.74
450,18.000000,188,74,bucket,0.431011,442.78,317.01,462.50,356.38
450,18.000000,198,76,gloves,0.788634,383.24,183.18,404.53,203.90
451,18.040000,1,0,person,0.824957,303.15,66.43,382.91,291.38
451,18.040000,3,0,person,0.843657,381.25,85.74,435.08,295.82
451,18.040000,4,2,helmet,0.749598,396.31,86.10,426.37,110.44
451,18.040000,5,2,helmet,0.752339,331.65,67.36,358.04,86.13
451,18.040000,33,0,person,0.806328,243.11,80.85,313.67,312.70
451,18.040000,32,16,bottle,0.790290,84.18,305.69,102.47,359.75
451,18.040000,188,74,bucket,0.432407,442.79,317.01,462.52,356.38
451,18.040000,198,76,gloves,0.548566,382.94,181.55,404.38,203.68
451,18.040000,197,7,ladder,0.254208,229.37,156.08,346.34,307.53
452,18.080000,1,0,person,0.803463,301.90,66.26,381.81,291.45
452,18.080000,3,0,person,0.841043,381.75,85.72,435.82,295.81
452,18.080000,4,2,helmet,0.752925,396.64,86.13,426.87,110.58
452,18.080000,5,2,helmet,0.760352,331.28,67.15,357.75,85.93
452,18.080000,33,0,person,0.775743,245.06,81.42,316.00,312.90
452,18.080000,32,16,bottle,0.790154,84.13,305.71,102.40,359.78
452,18.080000,188,74,bucket,0.426480,442.70,317.04,462.44,356.39
452,18.080000,198,76,gloves,0.644476,382.97,180.37,404.18,203.41
453,18.120000,1,0,person,0.850281,298.11,66.64,378.74,291.37
453,18.120000,3,0,person,0.848088,382.18,85.46,436.72,295.88
453,18.120000,4,2,helmet,0.753830,397.97,85.99,428.39,110.47
453,18.120000,5,2,helmet,0.744438,331.23,67.31,357.55,85.93
453,18.120000,33,0,person,0.769586,246.38,81.42,317.92,312.98
453,18.120000,32,16,bottle,0.793574,84.14,305.72,102.39,359.78
453,18.120000,188,74,bucket,0.427081,442.68,317.04,462.43,356.39
453,18.120000,198,76,gloves,0.821189,382.23,179.76,403.63,204.00
453,18.120000,197,83,survey tripod,0.263926,228.60,155.66,345.84,308.24
454,18.160000,1,0,person,0.854702,296.65,66.69,378.06,291.46
454,18.160000,3,0,person,0.832085,382.71,85.33,437.79,295.90
454,18.160000,4,2,helmet,0.761580,399.11,85.68,429.16,109.77
454,18.160000,5,2,helmet,0.745273,330.90,67.28,357.20,85.79
454,18.160000,33,0,person,0.795888,247.96,82.30,320.35,313.23
454,18.160000,32,16,bottle,0.788540,84.08,305.68,102.32,359.78
454,18.160000,188,74,bucket,0.441384,442.60,317.08,462.35,356.39
454,18.160000,198,76,gloves,0.724450,382.14,178.97,403.68,204.27
454,18.160000,177,76,gloves,0.373881,292.86,70.06,319.37,133.24
455,18.200000,1,0,person,0.855944,296.12,66.71,378.13,291.44
455,18.200000,3,0,person,0.834741,382.56,85.29,438.03,295.90
455,18.200000,4,2,helmet,0.763309,399.33,85.55,430.57,110.70
455,18.200000,5,2,helmet,0.745157,330.74,67.27,357.11,85.76
455,18.200000,33,0,person,0.806545,249.62,82.71,323.06,313.42
455,18.200000,32,16,bottle,0.788753,84.06,305.67,102.28,359.79
455,18.200000,188,74,bucket,0.439231,442.56,317.09,462.33,356.39
455,18.200000,198,76,gloves,0.799070,383.00,178.90,403.52,203.70
455,18.200000,177,76,gloves,0.340660,292.68,70.10,319.55,133.02
456,18.240000,1,0,person,0.856683,296.65,66.77,379.01,291.53
456,18.240000,3,0,person,0.830488,382.90,85.73,438.72,295.88
456,18.240000,4,2,helmet,0.770884,401.78,86.27,431.28,109.86
456,18.240000,5,2,helmet,0.740357,330.46,67.28,357.01,85.84
456,18.240000,33,0,person,0.799255,250.44,82.88,324.97,313.59
456,18.240000,32,16,bottle,0.789917,84.01,305.69,102.21,359.79
456,18.240000,188,74,bucket,0.411607,442.45,317.10,462.23,356.39
456,18.240000,198,76,gloves,0.711224,383.69,178.88,403.77,203.94
456,18.240000,177,76,gloves,0.516467,293.01,70.05,319.42,130.90
457,18.280000,1,0,person,0.719042,300.72,66.64,382.36,291.73
457,18.280000,3,0,person,0.855847,383.85,86.08,439.89,295.93
457,18.280000,4,2,helmet,0.752485,403.08,86.64,432.08,109.64
457,18.280000,5,2,helmet,0.743514,330.33,67.28,357.00,85.88
457,18.280000,33,0,person,0.807536,251.96,82.26,328.18,313.52
457,18.280000,32,16,bottle,0.789605,84.00,305.70,102.17,359.79
457,18.280000,188,74,bucket,0.412956,442.40,317.10,462.21,356.39
457,18.280000,198,76,gloves,0.412358,378.73,164.35,408.63,204.08
457,18.280000,177,76,gloves,0.279142,292.87,70.02,319.78,131.64
458,18.320000,1,0,person,0.726682,301.81,66.58,382.75,291.75
458,18.320000,3,0,person,0.887463,384.50,86.31,440.72,295.85
458,18.320000,4,2,helmet,0.756405,403.54,86.71,433.06,109.96
458,18.320000,5,2,helmet,0.741784,330.29,67.28,357.01,85.86
458,18.320000,33,0,person,0.818028,252.52,82.84,330.09,313.58
458,18.320000,32,16,bottle,0.783115,83.93,305.68,102.08,359.80
458,18.320000,188,74,bucket,0.397066,442.29,317.07,462.12,356.38
459,18.360000,1,0,person,0.801390,301.33,66.81,381.86,291.86
459,18.360000,3,0,person,0.858976,384.96,86.20,441.41,295.50
459,18.360000,4,2,helmet,0.755822,404.56,86.78,433.58,109.35
459,18.360000,5,2,helmet,0.738366,330.22,67.21,356.99,85.80
459,18.360000,33,0,person,0.827554,252.12,82.81,330.91,313.56
459,18.360000,32,16,bottle,0.782471,83.91,305.68,102.05,359.79
459,18.360000,188,74,bucket,0.405480,442.25,317.06,462.11,356.38
460,18.400000,1,0,person,0.810222,301.22,66.84,381.42,291.95
460,18.400000,3,0,person,0.850549,385.24,86.19,441.95,295.33
460,18.400000,4,2,helmet,0.749939,405.22,86.65,434.67,109.36
460,18.400000,5,2,helmet,0.737257,330.18,67.18,356.98,85.77
460,18.400000,33,0,person,0.829028,251.54,82.19,331.50,313.53
460,18.400000,32,16,bottle,0.787302,83.86,305.70,101.98,359.77
460,18.400000,188,74,bucket,0.410048,442.23,317.07,462.10,356.39
461,18.440000,1,0,person,0.768917,302.71,66.84,382.21,292.02
461,18.440000,3,0,person,0.861018,385.66,86.04,442.65,295.11
461,18.440000,4,2,helmet,0.755343,405.67,86.27,435.76,109.38
461,18.440000,5,2,helmet,0.735858,330.22,67.25,357.01,85.77
461,18.440000,33,0,person,0.813982,250.95,82.53,331.66,313.58
461,18.440000,32,16,bottle,0.786213,83.85,305.71,101.95,359.76
461,18.440000,188,74,bucket,0.416578,442.14,317.07,462.06,356.41
461,18.440000,177,76,gloves,0.477693,300.45,70.13,318.76,110.86
462,18.480000,1,0,person,0.806271,301.99,66.61,381.15,291.81
462,18.480000,3,0,person,0.869279,385.38,85.56,442.74,294.55
462,18.480000,4,2,helmet,0.775091,406.42,86.18,436.79,109.39
462,18.480000,5,2,helmet,0.733893,330.20,67.27,357.06,85.80
462,18.480000,33,0,person,0.831428,250.45,81.56,332.23,313.60
462,18.480000,32,16,bottle,0.782999,83.82,305.70,101.92,359.73
462,18.480000,188,74,bucket,0.425456,442.05,317.06,462.03,356.44
463,18.520000,1,0,person,0.826885,301.90,66.57,380.69,291.75
463,18.520000,3,0,person,0.890697,385.42,85.17,443.16,294.18
463,18.520000,4,2,helmet,0.776734,406.97,86.11,437.46,109.30
463,18.520000,5,2,helmet,0.737448,330.21,67.26,357.09,85.78
463,18.520000,33,0,person,0.824752,250.90,81.90,333.31,313.49
463,18.520000,32,16,bottle,0.782010,83.81,305.72,101.91,359.72
463,18.520000,188,74,bucket,0.426463,442.01,317.06,462.04,356.44
463,18.520000,242,76,gloves,0.629719,396.53,183.07,414.44,197.90
463,18.520000,197,7,ladder,0.258524,230.40,156.52,345.42,307.81
464,18.560000,1,0,person,0.831589,302.34,66.79,380.71,291.91
464,18.560000,3,0,person,0.898597,385.46,85.06,443.54,294.09
464,18.560000,4,2,helmet,0.754949,407.36,86.09,438.35,109.61
464,18.560000,5,2,helmet,0.734174,330.21,67.27,357.10,85.76
464,18.560000,33,0,person,0.801881,250.44,82.76,333.34,313.59
464,18.560000,32,16,bottle,0.776156,83.83,305.72,101.93,359.61
464,18.560000,188,74,bucket,0.419665,441.80,316.95,461.96,356.44
464,18.560000,242,76,gloves,0.719236,396.44,185.67,415.88,201.79
464,18.560000,197,7,ladder,0.297087,230.62,156.58,344.91,307.90
465,18.600000,1,0,person,0.851949,302.37,67.00,380.36,291.90
465,18.600000,3,0,person,0.898359,385.62,85.47,444.06,294.45
465,18.600000,4,2,helmet,0.756554,408.43,86.40,439.28,109.80
465,18.600000,5,2,helmet,0.733217,330.21,67.28,357.11,85.74
465,18.600000,33,0,person,0.824700,250.01,83.28,333.49,313.49
465,18.600000,32,16,bottle,0.775922,83.84,305.72,101.95,359.56
465,18.600000,188,74,bucket,0.410463,441.66,316.88,461.93,356.43
465,18.600000,242,76,gloves,0.684207,397.01,187.98,416.78,204.41
465,18.600000,197,7,ladder,0.318590,231.00,159.51,343.45,307.95
466,18.640000,1,0,person,0.859016,302.25,66.61,379.91,291.19
466,18.640000,3,0,person,0.870818,386.05,85.72,444.64,294.34
466,18.640000,4,2,helmet,0.778350,408.26,86.51,440.08,110.60
466,18.640000,5,2,helmet,0.734526,330.21,67.28,357.13,85.72
466,18.640000,33,0,person,0.833492,249.61,83.52,333.72,313.45
466,18.640000,32,16,bottle,0.772598,83.84,305.73,101.97,359.56
466,18.640000,188,74,bucket,0.386214,441.56,316.85,461.92,356.41
466,18.640000,242,76,gloves,0.672743,397.48,188.68,417.27,205.12
467,18.680000,1,0,person,0.867689,302.81,67.06,380.02,291.34
467,18.680000,3,0,person,0.874647,386.27,86.05,445.04,294.30
467,18.680000,4,2,helmet,0.780214,408.74,86.71,440.26,110.48
467,18.680000,5,2,helmet,0.732678,330.20,67.28,357.15,85.71
467,18.680000,33,0,person,0.838796,248.81,83.63,333.64,313.45
467,18.680000,32,16,bottle,0.772766,83.83,305.73,101.99,359.55
467,18.680000,188,74,bucket,0.385703,441.50,316.84,461.94,356.39
467,18.680000,242,76,gloves,0.704261,397.39,188.66,417.43,205.32
467,18.680000,197,7,ladder,0.354242,232.41,165.04,341.52,308.03
468,18.720000,1,0,person,0.872414,303.64,67.29,380.40,291.47
468,18.720000,3,0,person,0.872456,386.29,86.47,445.22,294.30
468,18.720000,4,2,helmet,0.758018,409.42,87.00,440.53,110.40
468,18.720000,5,2,helmet,0.728898,330.18,67.30,357.18,85.74
468,18.720000,33,0,person,0.836455,247.97,83.76,333.33,313.40
468,18.720000,32,16,bottle,0.770383,83.70,305.75,101.89,359.58
468,18.720000,188,74,bucket,0.360451,441.58,316.94,462.00,356.41
468,18.720000,242,76,gloves,0.635459,396.15,188.45,417.43,206.27
469,18.760000,1,0,person,0.852803,304.14,66.56,380.60,290.89
469,18.760000,3,0,person,0.873521,387.20,86.45,446.14,294.21
469,18.760000,4,2,helmet,0.776871,409.13,87.19,441.69,111.74
469,18.760000,5,2,helmet,0.730418,330.17,67.31,357.20,85.75
469,18.760000,33,0,person,0.830405,246.73,83.47,332.87,313.19
469,18.760000,32,16,bottle,0.768182,83.65,305.77,101.87,359.58
469,18.760000,188,74,bucket,0.370050,441.53,317.01,461.97,356.44
469,18.760000,242,76,gloves,0.627496,396.00,188.43,417.57,206.69
469,18.760000,181,76,gloves,0.288088,353.02,152.74,365.83,166.78
470,18.800000,1,0,person,0.849366,304.59,66.58,380.69,290.79
470,18.800000,3,0,person,0.869536,387.52,86.77,446.41,294.13
470,18.800000,4,2,helmet,0.775568,409.39,87.47,441.85,111.93
470,18.800000,5,2,helmet,0.729196,330.15,67.32,357.22,85.76
470,18.800000,33,0,person,0.825807,247.92,82.64,334.17,312.86
470,18.800000,32,16,bottle,0.767869,83.62,305.78,101.87,359.59
470,18.800000,188,74,bucket,0.344921,441.53,316.99,462.00,356.44
470,18.800000,242,76,gloves,0.623770,395.56,187.97,418.00,207.23
471,18.840000,1,0,person,0.858954,304.80,66.49,380.56,290.63
471,18.840000,3,0,person,0.869206,387.82,86.86,446.74,294.12
471,18.840000,4,2,helmet,0.782064,409.21,87.59,442.49,112.80
471,18.840000,5,2,helmet,0.729663,330.14,67.32,357.23,85.77
471,18.840000,33,0,person,0.833111,249.49,82.35,334.81,312.82
471,18.840000,32,16,bottle,0.772458,83.49,305.76,101.79,359.65
471,18.840000,188,74,bucket,0.367269,441.29,316.90,461.90,356.44
471,18.840000,242,76,gloves,0.509824,397.51,187.94,418.36,206.15
471,18.840000,181,76,gloves,0.269154,352.95,152.79,365.69,166.87
472,18.880000,1,0,person,0.840124,305.17,66.45,380.59,290.53
472,18.880000,3,0,person,0.880454,388.26,87.13,447.11,294.04
472,18.880000,4,2,helmet,0.795233,409.64,87.79,442.73,112.88
472,18.880000,5,2,helmet,0.730392,330.15,67.32,357.26,85.76
472,18.880000,33,0,person,0.792200,248.36,82.53,333.06,312.82
472,18.880000,32,16,bottle,0.767070,83.45,305.77,101.77,359.67
472,18.880000,188,74,bucket,0.397967,441.13,316.85,461.85,356.43
472,18.880000,242,76,gloves,0.609586,397.94,187.96,418.56,206.35
472,18.880000,181,76,gloves,0.399611,353.00,152.84,365.64,166.88
473,18.920000,1,0,person,0.861496,305.16,66.45,380.40,290.63
473,18.920000,3,0,person,0.867435,388.55,86.99,447.51,294.16
473,18.920000,4,2,helmet,0.794375,410.06,87.85,442.92,112.82
473,18.920000,5,2,helmet,0.730342,330.25,67.32,357.31,85.72
473,18.920000,33,0,person,0.802651,250.46,82.28,334.18,312.88
473,18.920000,32,16,bottle,0.765885,83.43,305.78,101.76,359.68
473,18.920000,188,74,bucket,0.393105,441.04,316.83,461.85,356.43
473,18.920000,242,76,gloves,0.642868,397.79,188.46,417.80,206.48
473,18.920000,181,76,gloves,0.379530,353.03,152.85,365.63,166.89
473,18.920000,197,7,ladder,0.380738,229.87,159.87,343.03,308.29
474,18.960000,1,0,person,0.854716,305.12,66.41,380.18,290.61
474,18.960000,3,0,person,0.863184,388.66,86.91,447.67,294.21
474,18.960000,4,2,helmet,0.790502,410.22,87.87,442.97,112.82
474,18.960000,5,2,helmet,0.730023,330.28,67.32,357.33,85.70
474,18.960000,33,0,person,0.794878,251.96,82.08,334.66,312.83
474,18.960000,32,16,bottle,0.766693,83.42,305.78,101.77,359.69
474,18.960000,188,74,bucket,0.393798,440.99,316.83,461.87,356.43
474,18.960000,242,76,gloves,0.534081,398.31,188.72,418.04,206.69
474,18.960000,181,76,gloves,0.376046,353.04,152.85,365.61,166.88
474,18.960000,197,7,ladder,0.357563,229.67,159.51,343.03,308.24
475,19.000000,1,0,person,0.867717,305.16,66.48,380.08,290.71
475,19.000000,3,0,person,0.865706,388.63,86.93,447.65,294.05
475,19.000000,4,2,helmet,0.792449,410.33,87.86,443.01,112.83
475,19.000000,5,2,helmet,0.729199,330.31,67.32,357.32,85.68
475,19.000000,33,0,person,0.802367,252.44,81.85,334.32,312.74
475,19.000000,32,16,bottle,0.774603,83.37,305.81,101.72,359.67
475,19.000000,188,74,bucket,0.350514,440.90,316.81,461.84,356.43
475,19.000000,242,76,gloves,0.646101,397.70,189.01,417.75,207.36
475,19.000000,181,76,gloves,0.300596,353.03,152.84,365.53,166.81
475,19.000000,197,7,ladder,0.295080,229.26,158.15,343.24,308.04
476,19.040000,1,0,person,0.850990,305.25,66.50,380.08,290.89
476,19.040000,3,0,person,0.863192,388.63,86.98,447.70,293.99
476,19.040000,4,2,helmet,0.793235,410.48,87.87,442.98,112.71
476,19.040000,5,2,helmet,0.727636,330.31,67.32,357.32,85.67
476,19.040000,33,0,person,0.826697,255.66,81.76,337.23,313.47
476,19.040000,32,16,bottle,0.771003,83.34,305.78,101.70,359.66
476,19.040000,188,74,bucket,0.375045,440.72,316.82,461.75,356.45
476,19.040000,242,76,gloves,0.680344,397.38,189.11,417.49,207.58
476,19.040000,181,76,gloves,0.327511,353.05,152.89,365.45,166.74
476,19.040000,197,7,ladder,0.401368,231.29,164.37,341.37,308.14
477,19.080000,1,0,person,0.868411,305.36,66.44,380.05,290.82
477,19.080000,3,0,person,0.862071,388.62,86.99,447.76,293.98
477,19.080000,4,2,helmet,0.789226,410.30,87.86,443.00,112.94
477,19.080000,5,2,helmet,0.728440,330.30,67.32,357.33,85.67
477,19.080000,33,0,person,0.831501,257.34,81.79,338.50,313.79
477,19.080000,32,16,bottle,0.769731,83.25,305.75,101.62,359.63
477,19.080000,188,74,bucket,0.365115,440.57,316.83,461.70,356.45
477,19.080000,242,76,gloves,0.654323,398.55,189.41,418.31,207.85
477,19.080000,181,76,gloves,0.342810,353.06,152.91,365.43,166.72
477,19.080000,197,7,ladder,0.364626,231.84,166.66,340.75,308.09
478,19.120000,1,0,person,0.864008,305.16,66.96,379.80,291.56
478,19.120000,3,0,person,0.855467,388.48,87.02,447.74,293.99
478,19.120000,4,2,helmet,0.789990,410.26,87.86,442.97,113.02
478,19.120000,5,2,helmet,0.728675,330.30,67.32,357.33,85.66
478,19.120000,33,0,person,0.856889,259.52,82.62,340.18,313.41
478,19.120000,32,16,bottle,0.768686,83.21,305.75,101.59,359.61
478,19.120000,188,74,bucket,0.318890,440.37,316.81,461.60,356.46
478,19.120000,242,76,gloves,0.685252,398.50,189.68,418.10,208.13
478,19.120000,181,76,gloves,0.298092,353.08,152.87,365.50,166.73
478,19.120000,197,7,ladder,0.393542,231.94,168.56,340.10,308.11
479,19.160000,1,0,person,0.858431,304.39,66.78,379.05,291.14
479,19.160000,3,0,person,0.857092,388.37,87.04,447.76,294.01
479,19.160000,4,2,helmet,0.791870,410.20,87.86,443.11,113.29
479,19.160000,5,2,helmet,0.713856,330.38,67.31,357.19,85.49
479,19.160000,33,0,person,0.840008,258.79,82.06,339.32,313.73
479,19.160000,32,16,bottle,0.769211,83.20,305.74,101.58,359.60
479,19.160000,188,74,bucket,0.316283,440.27,316.80,461.58,356.46
479,19.160000,242,76,gloves,0.715288,397.99,189.72,417.53,208.16
479,19.160000,181,76,gloves,0.371398,352.98,152.92,365.37,166.76
479,19.160000,197,7,ladder,0.401092,231.31,167.47,340.59,308.01
480,19.200000,1,0,person,0.834130,304.42,67.03,379.18,291.76
480,19.200000,3,0,person,0.869167,388.20,87.53,447.61,294.00
480,19.200000,4,2,helmet,0.789532,410.25,87.86,443.15,113.40
480,19.200000,5,2,helmet,0.716535,330.21,67.15,357.24,85.49
480,19.200000,33,0,person,0.819511,258.44,81.63,338.67,313.80
480,19.200000,32,16,bottle,0.759498,83.12,305.71,101.47,359.41
480,19.200000,188,74,bucket,0.316830,440.21,316.80,461.60,356.47
480,19.200000,242,76,gloves,0.733650,399.29,189.91,418.29,208.03
480,19.200000,181,76,gloves,0.393620,352.82,152.96,365.17,166.79
480,19.200000,197,7,ladder,0.330145,230.51,166.60,340.82,308.04
481,19.240000,1,0,person,0.808820,305.02,66.90,379.72,292.05
481,19.240000,3,0,person,0.879673,388.18,87.62,447.77,294.16
481,19.240000,4,2,helmet,0.794602,410.34,87.82,443.25,113.52
481,19.240000,5,2,helmet,0.722518,330.12,67.09,357.30,85.57
481,19.240000,33,0,person,0.821927,258.18,81.81,337.84,313.68
481,19.240000,32,16,bottle,0.765404,83.02,305.67,101.42,359.46
481,19.240000,188,74,bucket,0.306126,440.15,316.81,461.63,356.52
481,19.240000,242,76,gloves,0.724037,399.75,190.11,418.37,208.05
481,19.240000,181,76,gloves,0.364986,352.77,153.01,365.05,166.78
481,19.240000,197,7,ladder,0.328483,228.37,161.39,343.11,308.77
482,19.280000,1,0,person,0.816533,305.51,66.89,379.95,292.19
482,19.280000,3,0,person,0.881333,388.11,87.58,447.83,294.18
482,19.280000,4,2,helmet,0.793875,410.34,87.77,442.90,113.25
482,19.280000,5,2,helmet,0.719601,330.09,67.08,357.33,85.62
482,19.280000,33,0,person,0.828728,259.07,82.71,338.18,313.46
482,19.280000,32,16,bottle,0.754029,82.93,305.63,101.34,359.39
482,19.280000,188,74,bucket,0.273547,440.08,316.79,461.63,356.49
482,19.280000,242,76,gloves,0.724056,400.16,190.32,418.53,208.22
482,19.280000,181,76,gloves,0.332216,352.76,152.99,365.04,166.79
482,19.280000,197,7,ladder,0.340177,227.48,158.48,344.41,309.00
483,19.320000,1,0,person,0.731444,305.64,66.15,380.04,292.07
483,19.320000,3,0,person,0.877352,388.31,87.72,448.08,294.25
483,19.320000,4,2,helmet,0.800782,410.38,87.73,442.88,113.24
483,19.320000,5,2,helmet,0.721653,329.97,66.90,357.42,85.66
483,19.320000,33,0,person,0.822097,259.83,82.70,338.87,313.37
483,19.320000,32,16,bottle,0.752451,82.86,305.61,101.28,359.35
483,19.320000,188,74,bucket,0.286908,439.76,316.75,461.39,356.45
483,19.320000,242,76,gloves,0.737559,400.74,190.77,418.60,208.27
483,19.320000,181,76,gloves,0.268429,352.64,153.22,364.70,166.79
483,19.320000,197,7,ladder,0.333125,228.19,160.25,343.38,308.42
484,19.360000,1,0,person,0.710138,305.48,66.06,379.75,292.06
484,19.360000,3,0,person,0.875528,388.37,87.76,448.21,294.27
484,19.360000,4,2,helmet,0.797116,410.38,87.75,442.57,113.06
484,19.360000,5,2,helmet,0.727275,329.79,66.83,357.44,85.77
484,19.360000,33,0,person,0.816044,259.36,81.84,338.50,313.35
484,19.360000,32,16,bottle,0.772324,82.62,305.63,101.11,359.45
484,19.360000,242,76,gloves,0.722779,400.79,190.94,418.54,208.47
484,19.360000,181,76,gloves,0.283614,352.55,153.18,364.60,166.75
484,19.360000,197,7,ladder,0.252877,228.30,160.18,343.38,308.32
485,19.400000,1,0,person,0.733418,305.46,66.13,379.57,291.95
485,19.400000,3,0,person,0.876478,388.38,87.71,448.28,294.24
485,19.400000,4,2,helmet,0.790756,410.10,87.73,442.15,112.96
485,19.400000,5,2,helmet,0.730191,329.74,66.80,357.42,85.82
485,19.400000,33,0,person,0.817929,259.12,81.49,338.15,313.34
485,19.400000,32,16,bottle,0.761251,82.44,305.67,100.98,359.42
485,19.400000,242,76,gloves,0.722930,400.84,190.99,418.47,208.52
485,19.400000,181,76,gloves,0.255589,352.66,153.24,364.62,166.73
485,19.400000,197,7,ladder,0.307452,228.47,160.22,343.31,308.07
485,19.400000,188,74,bucket,0.262267,439.65,316.79,461.35,356.52
486,19.440000,1,0,person,0.725450,305.36,66.13,379.39,291.90
486,19.440000,3,0,person,0.876610,388.33,87.69,448.29,294.23
486,19.440000,4,2,helmet,0.790989,409.99,87.72,441.99,112.93
486,19.440000,5,2,helmet,0.730376,329.74,66.78,357.39,85.83
486,19.440000,33,0,person,0.824311,259.01,81.50,337.79,313.27
486,19.440000,32,16,bottle,0.761409,82.36,305.68,100.96,359.42
486,19.440000,242,76,gloves,0.723785,400.88,191.00,418.40,208.53
486,19.440000,197,7,ladder,0.334559,228.61,160.75,343.06,308.01
486,19.440000,188,74,bucket,0.262052,439.49,316.70,461.29,356.46
487,19.480000,1,0,person,0.728653,305.25,66.33,379.19,291.96
487,19.480000,3,0,person,0.882401,388.21,87.66,448.20,294.22
487,19.480000,4,2,helmet,0.794926,409.95,87.74,441.80,112.86
487,19.480000,5,2,helmet,0.725966,329.81,67.03,357.20,85.90
487,19.480000,33,0,person,0.823128,258.98,81.44,337.60,313.30
487,19.480000,32,16,bottle,0.758874,82.35,305.69,101.01,359.39
487,19.480000,242,76,gloves,0.727823,400.96,191.02,418.35,208.53
487,19.480000,197,7,ladder,0.363554,228.27,159.93,343.25,308.00
487,19.480000,188,74,bucket,0.258533,439.37,316.67,461.27,356.46
488,19.520000,1,0,person,0.716058,305.23,66.38,379.08,291.95
488,19.520000,3,0,person,0.885333,388.14,87.58,448.18,294.17
488,19.520000,4,2,helmet,0.797221,409.78,87.72,441.42,112.60
488,19.520000,5,2,helmet,0.723235,329.81,67.13,357.00,85.88
488,19.520000,33,0,person,0.827747,258.96,81.40,337.47,313.41
488,19.520000,32,16,bottle,0.759483,82.32,305.69,101.04,359.38
488,19.520000,242,76,gloves,0.747751,400.72,190.71,418.26,208.46
488,19.520000,197,7,ladder,0.349425,229.00,162.18,342.42,307.99
488,19.520000,181,76,gloves,0.253836,352.36,153.10,364.34,166.63
489,19.560000,1,0,person,0.712268,305.29,66.68,379.04,292.28
489,19.560000,3,0,person,0.880405,388.07,87.60,448.12,294.17
489,19.560000,4,2,helmet,0.798366,409.69,87.72,441.29,112.51
489,19.560000,5,2,helmet,0.760344,329.59,67.14,356.69,85.83
489,19.560000,33,0,person,0.822281,259.05,81.54,337.40,313.52
489,19.560000,32,16,bottle,0.765818,82.14,305.84,100.80,359.39
489,19.560000,242,76,gloves,0.733326,400.64,190.80,418.06,208.50
489,19.560000,197,7,ladder,0.470780,227.47,157.93,344.30,308.64
489,19.560000,181,76,gloves,0.252369,352.35,153.05,364.29,166.57
490,19.600000,1,0,person,0.757200,305.44,66.58,379.06,292.25
490,19.600000,3,0,person,0.880840,388.04,87.61,448.09,294.15
490,19.600000,4,2,helmet,0.798351,409.63,87.72,441.27,112.48
490,19.600000,5,2,helmet,0.760226,329.50,67.15,356.58,85.84
490,19.600000,33,0,person,0.824281,258.98,81.56,337.21,313.62
490,19.600000,32,16,bottle,0.768175,82.08,305.90,100.70,359.39
490,19.600000,242,76,gloves,0.732270,400.63,190.84,418.01,208.58
490,19.600000,197,7,ladder,0.434627,226.66,155.46,345.13,308.91
491,19.640000,1,0,person,0.806415,305.19,66.63,378.65,292.01
491,19.640000,3,0,person,0.881801,387.97,87.55,448.08,294.24
491,19.640000,4,2,helmet,0.796819,409.50,87.74,441.04,112.34
491,19.640000,5,2,helmet,0.762839,329.44,67.25,356.45,85.91
491,19.640000,33,0,person,0.800866,258.12,81.28,336.13,313.58
491,19.640000,32,16,bottle,0.764929,81.96,305.90,100.53,359.38
491,19.640000,242,76,gloves,0.726204,400.65,190.88,418.02,208.71
491,19.640000,197,7,ladder,0.545692,225.85,153.33,345.47,308.96
491,19.640000,188,74,bucket,0.261715,439.12,316.70,461.08,356.45
491,19.640000,181,76,gloves,0.275850,352.19,152.82,364.17,166.45
492,19.680000,1,0,person,0.790203,303.46,66.70,377.05,291.52
492,19.680000,3,0,person,0.878417,387.85,87.49,447.96,294.25
492,19.680000,4,2,helmet,0.802848,409.34,87.74,440.96,112.33
492,19.680000,5,2,helmet,0.750199,329.51,67.26,355.96,85.52
492,19.680000,33,0,person,0.819392,257.89,81.12,335.67,313.62
492,19.680000,32,16,bottle,0.766794,81.93,305.90,100.46,359.37
492,19.680000,242,76,gloves,0.731656,399.69,190.62,417.26,208.62
492,19.680000,197,7,ladder,0.504204,225.86,153.04,345.31,309.04
493,19.720000,1,0,person,0.839838,302.26,66.72,376.15,291.28
493,19.720000,3,0,person,0.879628,387.74,87.48,447.81,294.26
493,19.720000,4,2,helmet,0.801611,409.24,87.74,440.95,112.32
493,19.720000,5,2,helmet,0.741974,329.40,67.26,355.65,85.34
493,19.720000,33,0,person,0.804379,257.95,81.32,335.40,313.64
493,19.720000,32,16,bottle,0.767216,81.93,305.90,100.42,359.37
493,19.720000,242,76,gloves,0.723724,399.13,190.65,416.92,208.88
493,19.720000,197,7,ladder,0.440534,226.86,155.74,344.21,309.12
494,19.760000,1,0,person,0.851382,301.27,66.80,375.54,291.18
494,19.760000,3,0,person,0.870860,387.34,87.51,447.42,294.17
494,19.760000,4,2,helmet,0.801568,409.17,87.74,440.98,112.34
494,19.760000,5,2,helmet,0.739033,329.35,67.25,355.55,85.28
494,19.760000,33,0,person,0.831609,258.74,81.58,335.93,313.60
494,19.760000,32,16,bottle,0.768436,81.96,305.91,100.41,359.33
494,19.760000,242,76,gloves,0.717742,399.20,190.63,417.01,208.94
494,19.760000,197,7,ladder,0.356600,227.93,158.98,342.91,309.11
495,19.800000,1,0,person,0.839577,302.01,67.17,376.45,292.05
495,19.800000,3,0,person,0.872962,387.15,87.43,447.28,294.18
495,19.800000,4,2,helmet,0.794608,409.05,87.76,440.92,112.35
495,19.800000,5,2,helmet,0.736232,329.28,67.41,355.32,85.28
495,19.800000,33,0,person,0.802734,258.80,80.75,335.93,313.38
495,19.800000,32,16,bottle,0.784082,81.91,305.90,100.35,359.36
495,19.800000,242,76,gloves,0.724181,399.10,190.83,416.82,208.98
495,19.800000,197,7,ladder,0.461240,228.68,161.62,341.98,309.23
496,19.840000,1,0,person,0.857551,302.82,67.34,377.13,292.14
496,19.840000,3,0,person,0.867006,386.99,87.37,447.15,294.16
496,19.840000,4,2,helmet,0.795639,409.01,87.76,440.91,112.33
496,19.840000,5,2,helmet,0.725498,329.00,67.47,355.04,85.27
496,19.840000,33,0,person,0.587967,258.15,79.03,335.36,313.41
496,19.840000,32,16,bottle,0.784621,81.90,305.89,100.33,359.36
496,19.840000,242,76,gloves,0.752749,398.63,190.54,416.83,209.16
496,19.840000,197,7,ladder,0.491441,229.23,163.52,341.40,309.23
497,19.880000,1,0,person,0.844723,302.27,67.00,376.64,291.69
497,19.880000,3,0,person,0.866934,386.94,87.34,447.11,294.18
497,19.880000,4,2,helmet,0.797097,408.97,87.77,440.94,112.35
497,19.880000,5,2,helmet,0.724758,328.87,67.50,354.97,85.27
497,19.880000,33,0,person,0.737039,257.17,80.61,333.38,313.82
497,19.880000,32,16,bottle,0.779720,81.90,305.90,100.31,359.38
497,19.880000,242,76,gloves,0.755764,398.51,190.65,416.60,209.16
497,19.880000,197,7,ladder,0.491953,228.89,162.71,341.86,309.23
498,19.920000,1,0,person,0.848607,302.14,66.94,376.60,291.56
498,19.920000,3,0,person,0.868403,386.83,87.33,446.95,294.16
498,19.920000,4,2,helmet,0.801556,409.01,87.77,440.85,112.21
498,19.920000,5,2,helmet,0.713625,328.79,67.51,354.83,85.18
498,19.920000,33,0,person,0.738569,256.53,81.53,331.86,314.12
498,19.920000,32,16,bottle,0.779849,81.87,305.88,100.29,359.42
498,19.920000,242,76,gloves,0.748045,398.53,190.67,416.61,209.17
498,19.920000,197,7,ladder,0.483179,228.15,160.28,342.75,308.96
499,19.960000,1,0,person,0.850752,302.28,67.05,376.65,291.47
499,19.960000,3,0,person,0.863554,386.71,87.26,446.79,294.12
499,19.960000,4,2,helmet,0.792304,408.81,87.73,440.86,112.33
499,19.960000,5,2,helmet,0.706116,328.51,67.54,354.60,85.20
499,19.960000,33,0,person,0.735350,254.30,82.10,328.13,314.16
499,19.960000,32,16,bottle,0.780788,81.86,305.88,100.27,359.40
499,19.960000,242,76,gloves,0.746957,398.23,190.55,416.40,209.17
499,19.960000,197,7,ladder,0.503019,228.51,162.63,341.76,309.17
499,19.960000,188,74,bucket,0.258423,438.70,316.70,460.76,356.38
500,20.000000,1,0,person,0.832412,302.63,67.04,376.84,291.23
500,20.000000,3,0,person,0.861517,386.68,87.21,446.72,294.12
500,20.000000,4,2,helmet,0.791772,408.74,87.72,440.87,112.38
500,20.000000,5,2,helmet,0.703080,328.29,67.55,354.46,85.21
500,20.000000,33,0,person,0.706123,251.67,82.62,323.33,313.99
500,20.000000,32,16,bottle,0.781016,81.87,305.88,100.26,359.39
500,20.000000,242,76,gloves,0.744466,398.13,190.64,416.12,209.14
500,20.000000,197,7,ladder,0.425901,228.80,163.85,341.43,309.24
500,20.000000,188,74,bucket,0.258579,438.64,316.70,460.80,356.38
501,20.040000,1,0,person,0.844968,302.11,67.12,376.41,291.27
501,20.040000,3,0,person,0.862532,386.66,87.31,446.62,294.13
501,20.040000,4,2,helmet,0.791388,408.42,87.75,440.84,112.66
501,20.040000,5,2,helmet,0.707080,328.04,67.63,354.62,85.58
501,20.040000,33,0,person,0.746796,252.76,83.25,323.10,314.20
501,20.040000,32,16,bottle,0.769865,81.71,305.91,100.04,359.30
501,20.040000,242,76,gloves,0.734505,397.73,190.31,415.98,209.13
501,20.040000,197,7,ladder,0.479095,228.43,163.23,341.69,309.30
501,20.040000,188,74,bucket,0.299238,438.52,316.76,460.65,356.34
501,20.040000,181,76,gloves,0.252141,350.71,152.78,362.90,166.79
502,20.080000,1,0,person,0.840273,301.56,67.02,376.09,291.54
502,20.080000,3,0,person,0.857745,386.56,87.35,446.46,294.02
502,20.080000,4,2,helmet,0.790531,408.33,87.77,440.84,112.76
502,20.080000,5,2,helmet,0.709380,327.86,67.65,354.60,85.70
502,20.080000,33,0,person,0.759158,252.89,83.07,322.11,314.30
502,20.080000,32,16,bottle,0.766440,81.74,305.91,100.05,359.30
502,20.080000,242,76,gloves,0.732095,397.45,190.54,415.47,209.11
502,20.080000,197,7,ladder,0.372230,228.18,162.42,342.07,309.28
502,20.080000,188,74,bucket,0.255737,438.35,316.82,460.48,356.30
503,20.120000,1,0,person,0.840458,301.31,67.03,375.99,291.70
503,20.120000,3,0,person,0.857995,386.55,87.36,446.42,293.97
503,20.120000,4,2,helmet,0.791522,408.27,87.77,440.83,112.81
503,20.120000,5,2,helmet,0.705318,327.96,67.66,354.48,85.52
503,20.120000,33,0,person,0.751703,253.52,83.09,321.78,314.47
503,20.120000,32,16,bottle,0.774994,81.48,305.88,99.77,359.41
503,20.120000,242,76,gloves,0.735829,397.49,190.27,415.74,209.12
503,20.120000,197,7,ladder,0.423796,228.17,162.25,342.17,309.19
503,20.120000,188,74,bucket,0.261013,438.30,316.81,460.47,356.29
504,20.160000,1,0,person,0.843241,301.45,67.03,376.13,291.69
504,20.160000,3,0,person,0.859280,386.54,87.34,446.36,294.02
504,20.160000,4,2,helmet,0.796538,408.27,87.78,440.79,112.82
504,20.160000,5,2,helmet,0.707246,327.86,67.66,354.56,85.64
504,20.160000,33,0,person,0.748593,254.03,83.02,321.43,314.59
504,20.160000,32,16,bottle,0.771366,81.60,305.90,99.85,359.36
504,20.160000,242,76,gloves,0.747493,397.27,189.78,415.92,209.08
504,20.160000,197,7,ladder,0.439871,228.08,162.29,342.09,309.23
504,20.160000,188,74,bucket,0.287880,438.30,316.84,460.48,356.33
505,20.200000,1,0,person,0.844971,301.47,67.07,376.12,291.75
505,20.200000,3,0,person,0.859394,386.50,87.36,446.29,294.03
505,20.200000,4,2,helmet,0.798838,408.19,87.77,440.77,112.87
505,20.200000,5,2,helmet,0.708439,327.82,67.66,354.59,85.69
505,20.200000,33,0,person,0.757054,254.49,82.89,321.04,314.45
505,20.200000,32,16,bottle,0.773903,81.45,305.91,99.67,359.42
505,20.200000,242,76,gloves,0.745003,397.19,189.57,415.99,209.07
505,20.200000,197,7,ladder,0.424380,227.95,162.03,342.17,309.20
505,20.200000,188,74,bucket,0.280370,438.24,316.87,460.36,356.28
506,20.240000,1,0,person,0.847877,301.47,67.17,376.05,291.73
506,20.240000,3,0,person,0.859888,386.45,87.37,446.22,294.00
506,20.240000,4,2,helmet,0.798942,408.18,87.77,440.75,112.89
506,20.240000,5,2,helmet,0.703917,327.88,67.73,354.51,85.64
506,20.240000,33,0,person,0.758817,254.92,82.85,320.74,314.42
506,20.240000,32,16,bottle,0.771947,81.41,305.90,99.59,359.44
506,20.240000,242,76,gloves,0.744797,397.18,189.50,416.01,209.07
506,20.240000,197,7,ladder,0.427409,227.93,161.85,342.27,309.17
506,20.240000,188,74,bucket,0.272940,438.13,316.96,460.19,356.32
507,20.280000,1,0,person,0.850008,301.50,67.20,376.03,291.66
507,20.280000,3,0,person,0.860077,386.44,87.38,446.19,293.99
507,20.280000,4,2,helmet,0.798892,408.18,87.77,440.74,112.90
507,20.280000,5,2,helmet,0.703720,327.90,67.76,354.49,85.62
507,20.280000,33,0,person,0.759070,255.30,82.84,320.45,314.43
507,20.280000,32,16,bottle,0.772186,81.40,305.90,99.55,359.45
507,20.280000,242,76,gloves,0.744808,397.19,189.48,416.01,209.06
507,20.280000,197,7,ladder,0.434321,227.94,161.78,342.32,309.16
507,20.280000,188,74,bucket,0.273415,438.10,317.00,460.12,356.33
508,20.320000,1,0,person,0.850240,301.42,67.25,375.94,291.68
508,20.320000,3,0,person,0.856919,386.25,87.39,446.05,294.05
508,20.320000,4,2,helmet,0.798044,407.89,87.78,440.59,113.03
508,20.320000,5,2,helmet,0.703187,327.89,67.79,354.41,85.58
508,20.320000,33,0,person,0.761125,255.65,83.13,320.07,314.29
508,20.320000,32,16,bottle,0.772784,81.41,305.92,99.50,359.44
508,20.320000,242,76,gloves,0.744533,397.20,189.79,415.85,209.24
508,20.320000,197,7,ladder,0.467545,227.97,161.70,342.36,309.12
508,20.320000,188,74,bucket,0.252378,438.16,316.89,460.21,356.28
509,20.360000,1,0,person,0.849393,301.37,67.27,375.87,291.66
509,20.360000,3,0,person,0.857100,386.17,87.39,446.00,294.07
509,20.360000,4,2,helmet,0.797772,407.79,87.78,440.52,113.08
509,20.360000,5,2,helmet,0.702872,327.77,67.79,354.31,85.56
509,20.360000,33,0,person,0.764913,255.84,83.23,319.67,314.27
509,20.360000,32,16,bottle,0.772289,81.43,305.93,99.49,359.44
509,20.360000,242,76,gloves,0.744554,397.21,189.90,415.79,209.30
509,20.360000,197,7,ladder,0.446494,228.06,161.98,342.24,309.09
510,20.400000,1,0,person,0.852126,301.29,67.20,375.79,291.64
510,20.400000,3,0,person,0.855809,386.21,87.39,446.06,294.09
510,20.400000,4,2,helmet,0.794735,407.78,87.79,440.48,113.08
510,20.400000,5,2,helmet,0.700907,327.77,67.79,354.25,85.47
510,20.400000,33,0,person,0.766728,256.16,83.31,319.46,314.20
510,20.400000,32,16,bottle,0.770161,81.44,305.92,99.46,359.44
510,20.400000,242,76,gloves,0.746821,397.20,189.64,415.88,209.16
510,20.400000,197,7,ladder,0.454780,228.01,161.74,342.30,309.04
511,20.440000,1,0,person,0.853757,301.35,67.17,375.81,291.63
511,20.440000,3,0,person,0.855390,386.23,87.35,446.10,294.09
511,20.440000,4,2,helmet,0.799318,407.72,87.76,440.49,113.15
511,20.440000,5,2,helmet,0.701756,327.72,67.79,354.15,85.41
511,20.440000,33,0,person,0.774457,256.37,83.80,319.31,314.93
511,20.440000,32,16,bottle,0.770926,81.45,305.92,99.45,359.44
511,20.440000,242,76,gloves,0.739842,397.22,189.92,415.70,209.26
511,20.440000,197,7,ladder,0.451846,228.04,161.75,342.28,309.01
512,20.480000,1,0,person,0.879167,300.43,66.78,374.96,290.73
512,20.480000,3,0,person,0.888375,384.17,87.51,444.57,294.51
512,20.480000,4,2,helmet,0.825126,407.12,87.89,439.55,113.02
512,20.480000,5,2,helmet,0.757469,326.73,67.45,354.59,86.10
512,20.480000,33,0,person,0.781286,256.60,83.26,319.21,314.67
512,20.480000,32,16,bottle,0.756483,80.89,305.43,99.14,359.72
512,20.480000,242,76,gloves,0.777152,396.98,190.36,414.63,208.56
512,20.480000,197,7,ladder,0.389330,230.74,172.64,337.70,308.69
512,20.480000,181,76,gloves,0.669084,349.75,152.48,361.07,165.60
512,20.480000,188,74,bucket,0.416732,438.50,316.90,460.37,356.60
513,20.520000,1,0,person,0.884596,299.67,66.66,374.45,290.46
513,20.520000,3,0,person,0.889783,383.23,87.71,444.04,294.63
513,20.520000,4,2,helmet,0.827998,406.94,88.03,439.11,112.94
513,20.520000,5,2,helmet,0.757929,326.34,67.32,354.64,86.37
513,20.520000,33,0,person,0.789746,257.96,83.31,320.53,314.42
513,20.520000,32,16,bottle,0.751393,80.71,305.35,99.04,359.82
513,20.520000,242,76,gloves,0.779106,396.85,190.47,414.35,208.29
513,20.520000,197,7,ladder,0.398283,229.71,171.19,338.26,308.51
513,20.520000,181,76,gloves,0.675032,349.61,152.45,360.93,165.57
513,20.520000,188,74,bucket,0.435889,438.64,316.89,460.24,356.63
514,20.560000,1,0,person,0.884293,299.83,66.63,374.72,290.40
514,20.560000,3,0,person,0.904982,382.61,87.60,443.96,294.95
514,20.560000,4,2,helmet,0.823448,406.92,88.10,438.72,112.69
514,20.560000,5,2,helmet,0.761649,326.14,67.24,354.67,86.53
514,20.560000,33,0,person,0.728929,257.45,83.18,319.70,314.28
514,20.560000,32,16,bottle,0.747605,80.58,305.28,98.91,359.79
514,20.560000,242,76,gloves,0.776384,396.74,190.51,414.31,208.20
514,20.560000,197,7,ladder,0.436825,227.26,164.90,340.65,308.50
514,20.560000,181,76,gloves,0.679191,349.58,152.44,360.88,165.56
514,20.560000,188,74,bucket,0.370360,438.71,316.86,460.05,356.57
515,20.600000,1,0,person,0.885860,299.97,66.68,374.87,290.22
515,20.600000,3,0,person,0.906042,382.31,87.59,444.08,295.07
515,20.600000,4,2,helmet,0.826087,406.95,88.11,438.69,112.61
515,20.600000,5,2,helmet,0.750806,326.33,67.26,354.42,86.32
515,20.600000,33,0,person,0.786510,261.60,83.47,324.96,314.39
515,20.600000,32,16,bottle,0.748257,80.60,305.24,98.95,359.82
515,20.600000,242,76,gloves,0.765442,396.65,190.63,414.21,208.13
515,20.600000,197,7,ladder,0.504665,225.71,161.33,341.81,308.75
515,20.600000,181,76,gloves,0.667611,349.52,152.44,360.82,165.58
515,20.600000,188,74,bucket,0.388933,438.70,316.84,459.85,356.58
516,20.640000,1,0,person,0.890931,300.41,66.33,375.37,290.15
516,20.640000,3,0,person,0.905909,382.07,87.57,444.17,295.08
516,20.640000,4,2,helmet,0.827330,406.96,88.11,438.69,112.57
516,20.640000,5,2,helmet,0.751738,326.10,66.92,354.39,86.17
516,20.640000,33,0,person,0.787250,262.48,83.39,326.57,313.58
516,20.640000,32,16,bottle,0.749953,80.53,305.24,98.89,359.86
516,20.640000,242,76,gloves,0.773675,396.57,190.71,414.20,208.10
516,20.640000,197,7,ladder,0.482943,226.55,163.50,341.08,308.71
516,20.640000,181,76,gloves,0.623075,349.45,152.45,360.84,165.72
516,20.640000,188,74,bucket,0.378256,438.79,316.87,459.75,356.58
517,20.680000,1,0,person,0.889243,301.13,66.07,375.99,290.12
517,20.680000,3,0,person,0.910754,381.91,87.67,444.28,295.10
517,20.680000,4,2,helmet,0.823584,407.17,88.12,438.85,112.54
517,20.680000,5,2,helmet,0.746399,326.03,66.57,354.03,85.65
517,20.680000,33,0,person,0.792913,262.51,83.59,327.60,314.29
517,20.680000,32,16,bottle,0.750490,80.51,305.24,98.87,359.87
517,20.680000,242,76,gloves,0.775832,396.38,190.51,414.34,208.10
517,20.680000,197,7,ladder,0.496202,226.39,164.05,340.73,308.89
517,20.680000,181,76,gloves,0.622930,349.43,152.45,360.84,165.77
517,20.680000,188,74,bucket,0.397069,438.72,316.82,459.54,356.56
518,20.720000,1,0,person,0.892590,301.56,65.84,376.27,290.05
518,20.720000,3,0,person,0.908586,381.76,87.69,444.40,295.10
518,20.720000,4,2,helmet,0.828421,407.11,88.13,438.82,112.54
518,20.720000,5,2,helmet,0.744376,326.07,66.29,353.94,85.30
518,20.720000,33,0,person,0.799844,262.14,83.58,328.11,314.60
518,20.720000,32,16,bottle,0.750332,80.51,305.25,98.86,359.87
518,20.720000,242,76,gloves,0.777534,396.09,189.66,415.07,208.17
518,20.720000,197,7,ladder,0.481816,227.46,166.98,339.88,308.86
518,20.720000,181,76,gloves,0.618105,349.43,152.45,360.82,165.77
518,20.720000,188,74,bucket,0.388994,438.77,316.87,459.44,356.55
519,20.760000,1,0,person,0.884143,301.73,65.76,376.32,290.07
519,20.760000,3,0,person,0.908616,381.63,87.74,444.51,295.06
519,20.760000,4,2,helmet,0.828358,406.89,88.11,439.02,112.87
519,20.760000,5,2,helmet,0.745241,325.95,66.18,353.71,85.13
519,20.760000,33,0,person,0.798262,261.34,83.21,328.06,314.68
519,20.760000,32,16,bottle,0.749317,80.51,305.25,98.86,359.87
519,20.760000,242,76,gloves,0.812336,395.66,188.94,415.74,208.54
519,20.760000,197,7,ladder,0.461870,228.20,169.64,339.08,308.88
519,20.760000,181,76,gloves,0.604568,349.44,152.44,360.82,165.77
519,20.760000,188,74,bucket,0.388019,438.91,316.81,459.43,356.44
520,20.800000,1,0,person,0.892550,301.68,65.79,376.15,290.09
520,20.800000,3,0,person,0.900581,381.41,87.83,444.50,295.01
520,20.800000,4,2,helmet,0.828572,406.73,88.12,439.02,113.00
520,20.800000,5,2,helmet,0.746275,325.97,66.20,353.45,84.93
520,20.800000,33,0,person,0.781817,261.02,83.56,328.23,314.54
520,20.800000,32,16,bottle,0.752329,80.34,305.44,98.59,359.72
520,20.800000,242,76,gloves,0.727842,394.90,188.88,416.54,210.34
520,20.800000,197,7,ladder,0.478029,227.05,168.06,339.55,308.89
520,20.800000,181,76,gloves,0.639836,349.54,152.45,360.73,165.54
520,20.800000,188,74,bucket,0.408339,438.99,316.74,459.40,356.41
520,20.800000,265,42,tablet,0.700255,310.06,112.98,336.72,133.78
521,20.840000,1,0,person,0.893580,301.44,65.83,375.86,290.10
521,20.840000,3,0,person,0.898565,381.25,87.81,444.61,295.14
521,20.840000,4,2,helmet,0.825488,407.20,88.11,439.57,113.10
521,20.840000,5,2,helmet,0.728800,326.00,66.22,353.03,84.60
521,20.840000,33,0,person,0.792237,260.58,83.50,328.50,314.76
521,20.840000,32,16,bottle,0.752847,80.26,305.50,98.48,359.66
521,20.840000,242,76,gloves,0.791388,394.20,188.38,417.76,212.20
521,20.840000,197,7,ladder,0.454118,226.62,168.42,339.28,308.80
521,20.840000,181,76,gloves,0.663336,349.61,152.46,360.74,165.47
521,20.840000,188,74,bucket,0.373167,438.74,316.78,459.12,356.49
521,20.840000,265,42,tablet,0.500073,311.42,114.56,336.34,133.99
522,20.880000,1,0,person,0.892295,301.41,65.79,375.79,290.08
522,20.880000,3,0,person,0.873792,381.17,87.55,444.82,295.13
522,20.880000,4,2,helmet,0.824118,407.38,88.08,439.75,113.11
522,20.880000,5,2,helmet,0.732143,325.94,66.19,352.84,84.45
522,20.880000,33,0,person,0.799790,260.86,83.61,329.51,314.76
522,20.880000,32,16,bottle,0.752070,80.22,305.55,98.44,359.65
522,20.880000,242,76,gloves,0.632083,395.53,189.06,421.33,216.44
522,20.880000,197,7,ladder,0.472327,226.25,167.74,339.79,308.81
522,20.880000,181,76,gloves,0.667698,349.62,152.45,360.71,165.41
522,20.880000,188,74,bucket,0.396821,438.78,316.78,459.08,356.44
523,20.920000,1,0,person,0.883437,300.95,65.71,375.44,290.26
523,20.920000,3,0,person,0.898892,381.16,87.80,444.97,295.12
523,20.920000,4,2,helmet,0.823451,407.47,88.07,439.65,112.92
523,20.920000,5,2,helmet,0.733352,325.92,66.19,352.77,84.39
523,20.920000,33,0,person,0.829442,261.51,83.62,330.74,313.75
523,20.920000,32,16,bottle,0.749618,80.19,305.42,98.46,359.64
523,20.920000,242,76,gloves,0.745205,394.96,189.96,422.36,219.76
523,20.920000,197,7,ladder,0.453477,225.51,166.62,340.14,308.74
523,20.920000,181,76,gloves,0.660894,349.62,152.45,360.70,165.39
523,20.920000,188,74,bucket,0.346923,438.84,316.74,459.09,356.44
524,20.960000,1,0,person,0.889058,300.53,65.72,375.11,290.27
524,20.960000,3,0,person,0.854174,381.10,87.58,445.12,294.87
524,20.960000,4,2,helmet,0.819076,407.45,88.08,439.63,112.92
524,20.960000,5,2,helmet,0.730360,325.90,66.19,352.76,84.38
524,20.960000,33,0,person,0.801278,261.25,83.62,331.43,314.27
524,20.960000,32,16,bottle,0.748620,80.18,305.37,98.47,359.64
524,20.960000,242,76,gloves,0.754620,397.74,194.27,422.98,222.88
524,20.960000,197,7,ladder,0.479446,226.03,168.14,339.85,308.77
524,20.960000,181,76,gloves,0.665517,349.62,152.45,360.71,165.39
524,20.960000,188,74,bucket,0.342850,438.79,316.69,459.01,356.42
525,21.000000,1,0,person,0.888851,300.08,65.70,374.82,290.18
525,21.000000,3,0,person,0.824730,381.23,87.50,445.46,294.85
525,21.000000,4,2,helmet,0.821588,407.56,88.07,439.72,112.85
525,21.000000,5,2,helmet,0.731586,325.89,66.20,352.77,84.37
525,21.000000,33,0,person,0.770327,259.48,83.72,329.89,314.27
525,21.000000,32,16,bottle,0.747210,80.17,305.35,98.47,359.64
525,21.000000,242,76,gloves,0.860424,400.38,197.75,423.32,224.52
525,21.000000,197,7,ladder,0.462245,226.25,169.65,339.37,308.85
525,21.000000,181,76,gloves,0.659369,349.63,152.45,360.70,165.38
525,21.000000,188,74,bucket,0.386514,438.63,316.69,458.83,356.48
526,21.040000,1,0,person,0.885437,299.78,65.65,374.84,290.65
526,21.040000,3,0,person,0.784587,381.25,87.50,445.79,295.35
526,21.040000,4,2,helmet,0.829917,408.18,88.07,440.26,112.87
526,21.040000,5,2,helmet,0.731301,325.93,66.21,352.89,84.43
526,21.040000,33,0,person,0.785077,258.09,83.73,328.30,313.59
526,21.040000,32,16,bottle,0.741657,80.23,305.34,98.52,359.58
526,21.040000,242,76,gloves,0.830172,402.95,198.99,425.61,226.27
526,21.040000,197,7,ladder,0.468179,226.05,169.95,339.37,308.97
526,21.040000,181,76,gloves,0.676983,349.67,152.45,360.68,165.29
526,21.040000,188,74,bucket,0.374069,438.56,316.69,458.73,356.52
527,21.080000,1,0,person,0.882085,299.38,65.62,374.57,290.27
527,21.080000,3,0,person,0.877447,381.02,87.79,445.67,295.17
527,21.080000,4,2,helmet,0.836987,408.28,88.05,440.55,113.12
527,21.080000,5,2,helmet,0.731214,325.94,66.20,352.94,84.44
527,21.080000,33,0,person,0.765810,257.83,83.66,328.08,313.31
527,21.080000,32,16,bottle,0.741696,80.26,305.33,98.54,359.56
527,21.080000,242,76,gloves,0.853324,405.89,199.43,428.22,227.24
527,21.080000,197,7,ladder,0.440706,226.49,171.75,338.89,308.96
527,21.080000,181,76,gloves,0.665905,349.68,152.43,360.68,165.25
527,21.080000,188,74,bucket,0.365610,438.46,316.72,458.59,356.50
528,21.120000,1,0,person,0.882125,298.98,65.58,374.42,290.20
528,21.120000,3,0,person,0.828202,381.36,87.61,446.19,295.12
528,21.120000,4,2,helmet,0.834178,408.75,88.03,440.55,112.77
528,21.120000,5,2,helmet,0.732702,325.94,66.20,352.97,84.44
528,21.120000,33,0,person,0.798878,256.15,83.68,326.23,314.04
528,21.120000,32,16,bottle,0.745943,80.11,305.30,98.40,359.57
528,21.120000,242,76,gloves,0.798686,408.37,199.28,431.03,228.45
528,21.120000,197,7,ladder,0.392393,228.04,176.33,337.53,308.76
528,21.120000,181,76,gloves,0.662897,349.68,152.41,360.70,165.24
528,21.120000,188,74,bucket,0.388039,438.41,316.74,458.49,356.48
529,21.160000,1,0,person,0.824742,298.61,65.57,374.48,290.85
529,21.160000,3,0,person,0.868635,380.49,87.80,445.75,295.26
529,21.160000,4,2,helmet,0.837821,409.07,88.26,440.52,112.74
529,21.160000,5,2,helmet,0.729340,326.07,66.20,352.98,84.33
529,21.160000,33,0,person,0.775573,254.84,84.02,324.30,314.18
529,21.160000,32,16,bottle,0.748143,79.94,305.23,98.26,359.67
529,21.160000,242,76,gloves,0.886998,411.40,199.93,433.51,229.29
529,21.160000,197,7,ladder,0.419936,229.07,180.27,336.44,308.75
529,21.160000,181,76,gloves,0.670750,349.67,152.40,360.71,165.23
529,21.160000,188,74,bucket,0.380733,438.30,316.74,458.36,356.42
530,21.200000,1,0,person,0.871063,298.63,65.28,374.56,290.21
530,21.200000,3,0,person,0.849954,378.35,87.89,444.39,294.99
530,21.200000,4,2,helmet,0.836769,409.15,88.34,440.52,112.76
530,21.200000,5,2,helmet,0.729126,326.11,66.20,353.00,84.29
530,21.200000,33,0,person,0.788401,254.10,83.99,322.98,314.37
530,21.200000,32,16,bottle,0.749014,79.89,305.22,98.21,359.70
530,21.200000,242,76,gloves,0.880143,414.38,201.05,435.47,229.77
530,21.200000,197,7,ladder,0.385008,231.61,188.46,333.92,308.61
530,21.200000,181,76,gloves,0.674790,349.68,152.39,360.71,165.21
530,21.200000,188,74,bucket,0.378736,438.25,316.73,458.31,356.40
531,21.240000,1,0,person,0.861264,298.69,65.43,374.65,289.95
531,21.240000,3,0,person,0.773717,377.31,88.17,444.40,296.05
531,21.240000,4,2,helmet,0.833684,409.08,88.38,440.53,112.90
531,21.240000,5,2,helmet,0.734322,326.14,66.43,353.21,84.62
531,21.240000,33,0,person,0.752540,253.94,83.99,322.31,314.65
531,21.240000,32,16,bottle,0.740023,79.98,305.48,98.13,359.48
531,21.240000,242,76,gloves,0.861106,416.77,201.38,437.37,230.20
531,21.240000,197,7,ladder,0.401216,232.59,193.20,332.78,308.63
531,21.240000,181,76,gloves,0.672116,349.61,152.38,360.63,165.16
531,21.240000,188,74,bucket,0.346208,438.27,316.77,458.30,356.40
531,21.240000,286,15,concrete block,0.311398,61.01,337.59,130.17,354.89
532,21.280000,1,0,person,0.869789,298.53,65.73,374.61,289.89
532,21.280000,3,0,person,0.775259,376.82,88.22,444.70,296.09
532,21.280000,4,2,helmet,0.836702,409.38,88.39,440.72,112.81
532,21.280000,5,2,helmet,0.725410,326.26,66.52,353.45,84.80
532,21.280000,33,0,person,0.766593,253.08,84.31,320.39,314.38
532,21.280000,32,16,bottle,0.759095,79.80,305.47,97.98,359.53
532,21.280000,242,76,gloves,0.816790,419.15,201.52,439.49,230.54
532,21.280000,197,7,ladder,0.405071,231.41,192.68,333.50,308.67
532,21.280000,181,76,gloves,0.624334,349.58,152.41,360.70,165.28
532,21.280000,188,74,bucket,0.348292,438.23,316.71,458.28,356.42
532,21.280000,286,15,concrete block,0.307369,61.09,337.59,130.01,354.83
533,21.320000,1,0,person,0.868044,298.64,65.83,374.80,289.86
533,21.320000,3,0,person,0.766757,376.08,88.30,444.73,296.18
533,21.320000,4,2,helmet,0.830105,409.59,88.45,440.80,112.76
533,21.320000,5,2,helmet,0.724549,326.32,66.55,353.54,84.87
533,21.320000,33,0,person,0.745908,252.61,84.48,318.90,314.43
533,21.320000,32,16,bottle,0.753998,79.71,305.42,97.92,359.59
533,21.320000,242,76,gloves,0.779913,420.82,202.91,439.99,230.70
533,21.320000,197,7,ladder,0.396387,230.61,192.66,334.06,308.65
533,21.320000,181,76,gloves,0.682765,348.39,152.50,362.01,168.64
533,21.320000,188,74,bucket,0.347717,438.21,316.76,458.20,356.37
533,21.320000,286,15,concrete block,0.311504,60.96,337.62,130.32,354.98
534,21.360000,1,0,person,0.869042,298.58,65.90,374.89,289.90
534,21.360000,3,0,person,0.820807,375.00,87.95,444.46,295.58
534,21.360000,4,2,helmet,0.833446,409.51,88.37,440.96,112.91
534,21.360000,5,2,helmet,0.730175,326.28,66.56,353.74,85.07
534,21.360000,33,0,person,0.744238,252.62,84.48,317.95,314.42
534,21.360000,32,16,bottle,0.757568,79.65,305.39,97.87,359.61
534,21.360000,242,76,gloves,0.776819,422.62,204.52,440.14,230.22
534,21.360000,197,7,ladder,0.402565,229.60,191.58,335.08,308.64
534,21.360000,181,76,gloves,0.671098,348.10,152.50,362.37,169.74
534,21.360000,188,74,bucket,0.332448,438.02,316.77,458.00,356.36
534,21.360000,286,15,concrete block,0.298752,61.09,337.60,130.07,354.86
535,21.400000,1,0,person,0.868755,298.49,65.95,374.91,289.88
535,21.400000,3,0,person,0.803856,373.38,88.13,443.76,295.15
535,21.400000,4,2,helmet,0.833451,409.53,88.29,441.08,112.94
535,21.400000,5,2,helmet,0.725346,326.41,66.60,353.87,85.14
535,21.400000,33,0,person,0.742282,253.02,83.82,317.76,314.74
535,21.400000,32,16,bottle,0.756714,79.63,305.39,97.84,359.62
535,21.400000,242,76,gloves,0.800406,423.38,205.05,440.44,230.41
535,21.400000,197,7,ladder,0.376686,229.79,193.28,334.87,308.43
535,21.400000,181,76,gloves,0.627826,348.15,152.53,362.33,169.95
535,21.400000,188,74,bucket,0.299282,438.01,316.78,457.98,356.37
535,21.400000,286,15,concrete block,0.307437,61.05,337.63,129.81,354.83
536,21.440000,1,0,person,0.862131,298.73,65.95,375.17,289.80
536,21.440000,3,0,person,0.806913,372.47,88.38,443.84,295.13
536,21.440000,4,2,helmet,0.844493,409.81,88.42,441.06,112.82
536,21.440000,5,2,helmet,0.727352,326.43,66.64,353.89,85.20
536,21.440000,33,0,person,0.772160,254.05,83.58,318.30,314.83
536,21.440000,32,16,bottle,0.755889,79.63,305.39,97.83,359.62
536,21.440000,242,76,gloves,0.793771,423.76,205.21,440.55,230.45
536,21.440000,197,7,ladder,0.374291,228.98,192.35,335.82,308.39
536,21.440000,181,76,gloves,0.626358,348.23,152.53,362.24,170.01
536,21.440000,188,74,bucket,0.363029,437.77,316.82,457.72,356.36
536,21.440000,286,15,concrete block,0.308129,61.01,337.63,129.73,354.83
537,21.480000,1,0,person,0.860753,298.93,65.88,375.37,289.65
537,21.480000,3,0,person,0.841115,373.51,88.06,445.65,295.33
537,21.480000,4,2,helmet,0.844443,409.91,88.47,441.06,112.77
537,21.480000,5,2,helmet,0.729366,326.49,66.78,353.87,85.30
537,21.480000,33,0,person,0.752866,254.13,83.14,317.82,314.86
537,21.480000,32,16,bottle,0.755683,79.63,305.39,97.83,359.62
537,21.480000,242,76,gloves,0.783504,424.04,205.37,440.36,230.08
537,21.480000,197,7,ladder,0.353021,228.64,192.48,336.21,308.27
537,21.480000,181,76,gloves,0.622173,348.34,152.53,362.13,169.98
537,21.480000,188,74,bucket,0.353624,437.67,316.84,457.61,356.36
537,21.480000,286,15,concrete block,0.307931,60.98,337.63,129.72,354.83
538,21.520000,1,0,person,0.858005,299.04,65.95,375.45,289.48
538,21.520000,3,0,person,0.805657,373.23,88.07,446.00,295.23
538,21.520000,4,2,helmet,0.841026,409.97,88.56,441.02,112.77
538,21.520000,5,2,helmet,0.724837,326.54,66.87,353.80,85.32
538,21.520000,33,0,person,0.755493,254.44,82.97,317.54,314.74
538,21.520000,32,16,bottle,0.766797,79.62,305.39,97.82,359.62
538,21.520000,242,76,gloves,0.785449,423.70,205.21,439.88,229.89
538,21.520000,197,7,ladder,0.369206,227.47,190.85,337.13,308.24
538,21.520000,181,76,gloves,0.613710,348.46,152.66,361.98,169.99
538,21.520000,188,74,bucket,0.336877,437.63,316.85,457.57,356.37
538,21.520000,286,15,concrete block,0.272038,60.91,337.66,129.96,354.95
539,21.560000,1,0,person,0.856671,298.99,65.92,375.48,289.48
539,21.560000,3,0,person,0.826856,373.67,88.02,447.09,295.38
539,21.560000,4,2,helmet,0.837881,409.90,88.60,440.93,112.78
539,21.560000,5,2,helmet,0.717776,326.85,66.89,353.78,85.09
539,21.560000,33,0,person,0.730050,253.47,83.58,315.44,314.74
539,21.560000,32,16,bottle,0.759539,79.70,305.37,97.87,359.54
539,21.560000,242,76,gloves,0.801973,423.46,205.21,439.56,229.98
539,21.560000,197,7,ladder,0.354450,226.38,189.37,337.91,308.25
539,21.560000,181,76,gloves,0.660113,348.53,152.72,362.06,170.30
539,21.560000,188,74,bucket,0.386076,437.59,316.87,457.50,356.32
539,21.560000,286,15,concrete block,0.285629,60.71,337.65,130.32,355.09
540,21.600000,1,0,person,0.868884,298.96,65.88,375.55,289.61
540,21.600000,3,0,person,0.829484,373.67,88.00,447.54,295.50
540,21.600000,4,2,helmet,0.840923,409.94,88.61,440.98,112.78
540,21.600000,5,2,helmet,0.722113,326.77,66.61,353.97,85.02
540,21.600000,33,0,person,0.723142,253.22,82.83,314.52,314.75
540,21.600000,32,16,bottle,0.764594,79.68,305.33,97.88,359.56
540,21.600000,242,76,gloves,0.797635,423.34,205.16,439.38,230.01
540,21.600000,197,7,ladder,0.367030,226.47,189.97,338.05,308.28
540,21.600000,181,76,gloves,0.648978,348.65,152.83,361.99,170.38
540,21.600000,188,74,bucket,0.398108,437.53,316.88,457.44,356.31
540,21.600000,286,15,concrete block,0.262588,61.01,337.67,129.88,354.93
541,21.640000,1,0,person,0.867656,298.87,65.90,375.56,289.65
541,21.640000,3,0,person,0.827851,372.85,88.18,447.16,295.11
541,21.640000,4,2,helmet,0.837883,409.91,88.71,440.89,112.82
541,21.640000,5,2,helmet,0.718750,326.84,66.53,353.91,84.84
541,21.640000,33,0,person,0.780367,255.31,83.12,316.42,314.76
541,21.640000,32,16,bottle,0.780772,79.49,305.22,97.74,359.53
541,21.640000,242,76,gloves,0.803595,423.21,205.33,439.10,230.08
541,21.640000,197,7,ladder,0.374754,224.91,187.00,339.40,308.33
541,21.640000,181,76,gloves,0.671205,348.74,153.00,362.02,170.68
541,21.640000,188,74,bucket,0.455655,437.50,316.93,457.43,356.42
541,21.640000,286,15,concrete block,0.283421,60.81,337.69,130.03,355.05
542,21.680000,1,0,person,0.867995,298.99,65.81,375.74,289.70
542,21.680000,3,0,person,0.818047,370.39,88.23,445.72,294.91
542,21.680000,4,2,helmet,0.837394,409.89,88.74,440.86,112.83
542,21.680000,5,2,helmet,0.720494,326.99,66.37,354.06,84.68
542,21.680000,33,0,person,0.725323,254.43,82.58,315.07,314.62
542,21.680000,32,16,bottle,0.780155,79.42,305.18,97.69,359.51
542,21.680000,242,76,gloves,0.818308,422.82,204.64,439.01,230.04
542,21.680000,197,7,ladder,0.381765,225.00,187.16,339.58,308.31
542,21.680000,181,76,gloves,0.651347,348.84,153.07,362.01,170.79
542,21.680000,188,74,bucket,0.444912,437.56,316.97,457.42,356.33
542,21.680000,286,15,concrete block,0.282773,60.78,337.71,130.00,355.08
543,21.720000,1,0,person,0.858622,298.76,65.41,375.70,289.48
543,21.720000,3,0,person,0.831422,367.05,88.55,443.83,295.07
543,21.720000,4,2,helmet,0.837489,409.87,88.75,440.85,112.84
543,21.720000,5,2,helmet,0.720533,327.05,66.31,354.10,84.61
543,21.720000,33,0,person,0.767627,256.89,82.63,317.96,314.66
543,21.720000,32,16,bottle,0.782364,79.22,305.16,97.48,359.49
543,21.720000,242,76,gloves,0.811298,422.48,205.09,438.51,230.19
543,21.720000,197,7,ladder,0.418505,221.12,178.15,343.36,308.45
543,21.720000,181,76,gloves,0.608935,348.93,153.15,361.96,170.91
543,21.720000,188,74,bucket,0.435002,437.50,316.96,457.41,356.46
543,21.720000,286,15,concrete block,0.271615,60.92,337.65,129.77,354.93
543,21.720000,290,76,gloves,0.439330,355.50,158.79,372.94,175.84
544,21.760000,1,0,person,0.863436,298.65,65.27,375.74,289.39
544,21.760000,3,0,person,0.825005,368.30,88.34,445.72,294.94
544,21.760000,4,2,helmet,0.837629,409.86,88.75,440.85,112.85
544,21.760000,5,2,helmet,0.729069,326.92,66.30,354.26,84.82
544,21.760000,33,0,person,0.762671,257.47,82.47,318.94,314.66
544,21.760000,32,16,bottle,0.783031,79.14,305.15,97.41,359.48
544,21.760000,242,76,gloves,0.831197,421.67,204.55,438.02,230.25
544,21.760000,197,7,ladder,0.437325,218.57,171.49,345.82,308.59
544,21.760000,181,76,gloves,0.629544,349.06,153.43,361.92,171.10
544,21.760000,188,74,bucket,0.436830,437.42,316.96,457.26,356.33
544,21.760000,286,15,concrete block,0.269281,61.00,337.63,129.70,354.87
544,21.760000,290,76,gloves,0.360645,354.90,158.48,372.82,176.01
545,21.800000,1,0,person,0.871282,298.30,65.56,375.52,289.65
545,21.800000,3,0,person,0.861519,365.07,88.61,443.54,293.82
545,21.800000,4,2,helmet,0.835809,409.96,88.86,440.83,112.84
545,21.800000,5,2,helmet,0.717878,326.65,66.31,354.33,85.15
545,21.800000,33,0,person,0.740848,256.26,82.38,317.78,314.90
545,21.800000,32,16,bottle,0.771446,79.21,305.20,97.42,359.37
545,21.800000,242,76,gloves,0.828756,420.77,204.09,437.17,230.01
545,21.800000,197,7,ladder,0.450057,217.55,168.46,346.49,308.77
545,21.800000,181,76,gloves,0.559200,349.22,153.28,361.98,170.98
545,21.800000,188,74,bucket,0.401207,437.43,316.96,457.23,356.25
545,21.800000,286,15,concrete block,0.262662,60.78,337.68,130.11,355.10
545,21.800000,290,76,gloves,0.485714,354.50,158.41,372.71,176.28
546,21.840000,1,0,person,0.871338,298.17,65.82,375.50,289.76
546,21.840000,3,0,person,0.846851,363.60,88.69,443.24,293.46
546,21.840000,4,2,helmet,0.837375,410.00,88.90,440.76,112.76
546,21.840000,5,2,helmet,0.714904,326.81,66.47,354.14,85.09
546,21.840000,33,0,person,0.715782,255.60,82.53,317.05,315.12
546,21.840000,32,16,bottle,0.775279,79.14,305.22,97.33,359.33
546,21.840000,242,76,gloves,0.766076,419.41,203.60,435.98,230.02
546,21.840000,197,7,ladder,0.477976,217.58,167.76,346.18,308.96
546,21.840000,181,76,gloves,0.577313,349.37,153.13,361.96,170.71
546,21.840000,188,74,bucket,0.294341,437.37,316.97,457.14,356.28
546,21.840000,290,76,gloves,0.437219,354.88,158.35,372.66,175.87
547,21.880000,1,0,person,0.869284,298.56,66.06,375.86,289.76
547,21.880000,3,0,person,0.844215,364.26,88.77,444.81,294.12
547,21.880000,4,2,helmet,0.837183,410.01,88.92,440.74,112.73
547,21.880000,5,2,helmet,0.713966,327.00,66.76,354.07,85.20
547,21.880000,33,0,person,0.718203,255.19,82.37,316.56,315.22
547,21.880000,32,16,bottle,0.772101,79.10,305.24,97.28,359.30
547,21.880000,242,76,gloves,0.810562,418.15,203.93,434.48,230.06
547,21.880000,197,7,ladder,0.519113,217.34,166.29,346.15,309.02
547,21.880000,181,76,gloves,0.620973,349.46,153.19,361.76,170.42
547,21.880000,188,74,bucket,0.281142,437.28,316.98,457.05,356.32
548,21.920000,1,0,person,0.867878,298.86,66.28,376.20,289.85
548,21.920000,3,0,person,0.849199,364.72,88.73,445.74,293.62
548,21.920000,4,2,helmet,0.837250,410.00,88.93,440.84,112.82
548,21.920000,5,2,helmet,0.720519,327.35,67.03,354.04,85.16
548,21.920000,33,0,person,0.710799,255.15,82.88,316.28,315.20
548,21.920000,32,16,bottle,0.776355,79.03,305.15,97.24,359.32
548,21.920000,242,76,gloves,0.845558,416.64,203.11,433.15,229.56
548,21.920000,197,7,ladder,0.512423,217.54,165.57,345.89,309.07
548,21.920000,181,76,gloves,0.590089,349.60,153.03,361.84,170.27
548,21.920000,188,74,bucket,0.339255,437.19,316.99,456.92,356.27
548,21.920000,290,76,gloves,0.382551,354.13,158.09,372.26,176.03
549,21.960000,1,0,person,0.869219,298.58,65.86,376.15,289.78
549,21.960000,3,0,person,0.841165,364.25,88.76,446.12,294.23
549,21.960000,4,2,helmet,0.839676,410.05,88.92,441.02,112.91
549,21.960000,5,2,helmet,0.704960,326.93,66.56,354.76,85.63
549,21.960000,33,0,person,0.697605,255.43,82.10,316.71,315.33
549,21.960000,32,16,bottle,0.774477,78.93,305.22,97.15,359.36
549,21.960000,242,76,gloves,0.827824,415.04,201.89,432.03,229.19
549,21.960000,197,7,ladder,0.511703,217.34,163.39,346.30,308.98
549,21.960000,181,76,gloves,0.523547,349.76,152.94,361.89,170.01
549,21.960000,188,74,bucket,0.343450,437.23,317.00,456.92,356.26
549,21.960000,290,76,gloves,0.280212,353.70,157.03,371.96,175.16
550,22.000000,1,0,person,0.870820,298.17,66.10,375.91,289.81
550,22.000000,3,0,person,0.852551,364.36,88.74,446.56,293.67
550,22.000000,4,2,helmet,0.841114,410.10,88.93,441.06,112.90
550,22.000000,5,2,helmet,0.684400,327.08,66.72,354.32,85.39
550,22.000000,33,0,person,0.691139,255.61,82.20,316.77,315.36
550,22.000000,32,16,bottle,0.781760,78.85,305.20,97.08,359.39
550,22.000000,242,76,gloves,0.808661,414.17,201.71,431.10,228.93
550,22.000000,197,7,ladder,0.502857,217.69,162.75,346.07,309.00
550,22.000000,181,76,gloves,0.564537,349.78,152.91,361.91,170.03
550,22.000000,188,74,bucket,0.348193,437.11,317.02,456.79,356.34
550,22.000000,290,76,gloves,0.323967,353.51,156.67,371.85,174.94
551,22.040000,1,0,person,0.875151,298.21,66.81,375.89,289.72
551,22.040000,3,0,person,0.853274,363.72,88.69,446.43,293.48
551,22.040000,4,2,helmet,0.840238,410.09,88.90,441.09,112.91
551,22.040000,5,2,helmet,0.706601,326.81,67.46,354.61,86.58
551,22.040000,33,0,person,0.661196,254.94,82.62,315.68,315.45
551,22.040000,32,16,bottle,0.781623,78.82,305.19,97.06,359.40
551,22.040000,242,76,gloves,0.832880,413.18,201.35,430.20,228.65
551,22.040000,197,7,ladder,0.486935,218.33,163.54,345.06,308.98
551,22.040000,181,76,gloves,0.557624,349.80,152.89,361.91,170.02
551,22.040000,188,74,bucket,0.330175,437.02,317.02,456.68,356.34
551,22.040000,290,76,gloves,0.320866,353.45,156.54,371.78,174.88
552,22.080000,1,0,person,0.866265,298.02,66.81,375.99,289.82
552,22.080000,3,0,person,0.848151,362.06,88.75,445.80,294.23
552,22.080000,4,2,helmet,0.836855,410.46,88.93,441.29,112.75
552,22.080000,5,2,helmet,0.740007,326.66,67.51,354.66,86.86
552,22.080000,33,0,person,0.677504,253.60,82.29,313.65,315.17
552,22.080000,32,16,bottle,0.781940,78.81,305.18,97.06,359.40
552,22.080000,242,76,gloves,0.831145,412.87,201.19,429.94,228.55
552,22.080000,197,7,ladder,0.495915,218.74,163.65,344.49,308.98
552,22.080000,181,76,gloves,0.508902,349.88,152.94,361.95,170.01
552,22.080000,188,74,bucket,0.305117,436.96,317.03,456.58,356.34
552,22.080000,290,76,gloves,0.336137,352.88,156.40,371.48,175.20
553,22.120000,1,0,person,0.863776,297.87,66.76,376.18,289.85
553,22.120000,3,0,person,0.852763,362.62,88.72,446.63,293.65
553,22.120000,4,2,helmet,0.836213,410.58,88.94,441.39,112.69
553,22.120000,5,2,helmet,0.783691,326.98,67.56,354.33,86.53
553,22.120000,33,0,person,0.663166,253.49,82.06,313.02,315.12
553,22.120000,32,16,bottle,0.787275,78.73,305.17,96.98,359.39
553,22.120000,242,76,gloves,0.826901,412.76,201.13,429.85,228.50
553,22.120000,197,7,ladder,0.477282,219.97,165.82,343.27,308.95
553,22.120000,181,76,gloves,0.551232,349.85,152.97,362.03,170.23
553,22.120000,188,74,bucket,0.289767,436.88,317.00,456.48,356.32
553,22.120000,290,76,gloves,0.328149,352.30,156.35,371.37,175.88
554,22.160000,1,0,person,0.866802,297.87,67.09,376.34,289.95
554,22.160000,3,0,person,0.851191,362.33,88.71,446.82,293.44
554,22.160000,4,2,helmet,0.836999,410.61,88.94,441.43,112.65
554,22.160000,5,2,helmet,0.783254,326.74,67.97,353.61,86.70
554,22.160000,33,0,person,0.708665,253.42,83.30,312.10,315.07
554,22.160000,32,16,bottle,0.783713,78.72,305.21,96.94,359.36
554,22.160000,242,76,gloves,0.825270,412.73,201.11,429.84,228.49
554,22.160000,197,7,ladder,0.473100,221.93,170.82,341.00,308.98
554,22.160000,181,76,gloves,0.551248,349.84,152.98,362.01,170.26
554,22.160000,188,74,bucket,0.342561,436.87,316.98,456.47,356.33
554,22.160000,290,76,gloves,0.343262,352.14,156.35,371.22,176.13
555,22.200000,1,0,person,0.865240,297.97,67.06,376.68,290.04
555,22.200000,3,0,person,0.861069,363.66,88.70,448.26,293.41
555,22.200000,4,2,helmet,0.836914,410.60,88.95,441.46,112.63
555,22.200000,5,2,helmet,0.798578,326.09,67.94,353.41,87.11
555,22.200000,33,0,person,0.699347,253.93,83.88,312.14,315.13
555,22.200000,32,16,bottle,0.787043,78.70,305.21,96.92,359.40
555,22.200000,242,76,gloves,0.838428,412.71,201.36,429.81,228.52
555,22.200000,197,7,ladder,0.483733,221.84,170.56,340.92,309.00
555,22.200000,181,76,gloves,0.458629,349.92,152.99,361.94,170.01
555,22.200000,188,74,bucket,0.341584,436.88,316.97,456.47,356.33
556,22.240000,1,0,person,0.859909,297.89,67.08,376.80,290.05
556,22.240000,3,0,person,0.857678,363.99,88.70,448.77,293.41
556,22.240000,4,2,helmet,0.841618,410.67,88.95,441.60,112.63
556,22.240000,5,2,helmet,0.816327,325.52,67.91,353.70,87.90
556,22.240000,33,0,person,0.719867,253.94,84.18,311.69,315.05
556,22.240000,32,16,bottle,0.787608,78.69,305.21,96.91,359.42
556,22.240000,242,76,gloves,0.827944,413.43,201.47,430.57,228.71
556,22.240000,197,7,ladder,0.490961,223.14,173.94,339.54,308.98
556,22.240000,181,76,gloves,0.476570,349.88,153.06,361.92,170.19
556,22.240000,188,74,bucket,0.310476,436.68,316.96,456.28,356.45
556,22.240000,290,76,gloves,0.300803,352.62,156.51,371.01,175.85
557,22.280000,1,0,person,0.860278,297.93,67.38,377.06,290.15
557,22.280000,3,0,person,0.859000,363.88,88.70,448.91,293.44
557,22.280000,4,2,helmet,0.836721,410.82,88.96,441.74,112.59
557,22.280000,5,2,helmet,0.809122,325.26,68.21,353.56,88.44
557,22.280000,33,0,person,0.735579,253.66,84.32,310.93,315.05
557,22.280000,32,16,bottle,0.790019,78.55,305.26,96.76,359.47
557,22.280000,242,76,gloves,0.841949,414.56,201.93,431.31,228.61
557,22.280000,197,7,ladder,0.477459,223.71,175.51,338.99,309.00
557,22.280000,181,76,gloves,0.414371,349.90,153.13,361.88,170.19
557,22.280000,188,74,bucket,0.317696,436.54,317.00,455.96,356.30
557,22.280000,290,76,gloves,0.260587,353.08,156.58,370.53,175.17
558,22.320000,1,0,person,0.859439,297.90,67.50,377.27,290.19
558,22.320000,3,0,person,0.858356,363.74,88.69,448.98,293.44
558,22.320000,4,2,helmet,0.836790,410.86,88.96,441.81,112.58
558,22.320000,5,2,helmet,0.804526,324.94,68.32,353.57,88.96
558,22.320000,33,0,person,0.736270,253.69,84.38,310.54,315.02
558,22.320000,32,16,bottle,0.789575,78.50,305.28,96.69,359.48
558,22.320000,242,76,gloves,0.866328,415.46,202.15,432.26,228.97
558,22.320000,197,7,ladder,0.480957,223.25,174.42,339.48,309.01
558,22.320000,181,76,gloves,0.410767,349.92,153.15,361.86,170.18
558,22.320000,188,74,bucket,0.315623,436.51,317.01,455.82,356.25
558,22.320000,290,76,gloves,0.258815,353.21,156.59,370.29,174.97
559,22.360000,1,0,person,0.859397,297.99,67.55,377.68,290.20
559,22.360000,3,0,person,0.854956,363.44,88.84,449.05,294.09
559,22.360000,4,2,helmet,0.834297,410.87,89.03,441.74,112.57
559,22.360000,5,2,helmet,0.788231,324.60,68.36,353.56,89.43
559,22.360000,33,0,person,0.736937,253.85,84.38,310.35,314.98
559,22.360000,32,16,bottle,0.789792,78.49,305.29,96.67,359.48
559,22.360000,242,76,gloves,0.827179,416.32,202.88,433.07,229.62
559,22.360000,197,7,ladder,0.472127,222.52,172.92,339.95,309.02
559,22.360000,181,76,gloves,0.475215,349.80,153.14,361.80,170.35
559,22.360000,188,74,bucket,0.354254,436.48,317.03,455.70,356.22
560,22.400000,1,0,person,0.858368,298.31,67.83,378.27,290.30
560,22.400000,3,0,person,0.852036,361.65,88.89,447.63,293.69
560,22.400000,4,2,helmet,0.836449,410.86,89.05,441.72,112.56
560,22.400000,5,2,helmet,0.786962,324.04,68.61,353.14,89.81
560,22.400000,33,0,person,0.737764,254.02,84.58,310.21,315.01
560,22.400000,32,16,bottle,0.776658,78.46,305.26,96.69,359.47
560,22.400000,242,76,gloves,0.797630,417.30,203.32,433.92,229.97
560,22.400000,197,7,ladder,0.508165,220.70,168.24,341.62,309.10
560,22.400000,188,74,bucket,0.375194,436.50,316.99,455.64,356.20
560,22.400000,290,76,gloves,0.375574,351.16,154.02,368.40,172.40
561,22.440000,1,0,person,0.854464,298.57,67.95,378.77,290.35
561,22.440000,3,0,person,0.861225,359.32,88.90,446.17,293.56
561,22.440000,4,2,helmet,0.840087,410.88,89.01,441.77,112.53
561,22.440000,5,2,helmet,0.785058,323.85,68.68,353.30,90.26
561,22.440000,33,0,person,0.736397,254.03,84.47,309.98,314.98
561,22.440000,32,16,bottle,0.787129,78.39,305.24,96.60,359.42
561,22.440000,242,76,gloves,0.777514,418.42,203.38,434.92,229.96
561,22.440000,197,7,ladder,0.506062,220.15,166.12,342.28,309.16
561,22.440000,188,74,bucket,0.322039,436.42,316.99,455.52,356.25
561,22.440000,290,76,gloves,0.454294,350.47,153.83,367.84,172.21
562,22.480000,1,0,person,0.853102,298.82,68.08,379.17,290.36
562,22.480000,3,0,person,0.850610,359.24,88.88,446.92,294.24
562,22.480000,4,2,helmet,0.837395,410.82,89.00,441.70,112.49
562,22.480000,5,2,helmet,0.786141,323.71,68.84,353.17,90.52
562,22.480000,33,0,person,0.737922,254.21,84.71,309.89,314.99
562,22.480000,32,16,bottle,0.780186,78.27,305.32,96.48,359.37
562,22.480000,242,76,gloves,0.753135,419.64,204.18,435.71,230.04
562,22.480000,197,7,ladder,0.488862,220.37,166.06,342.04,309.12
562,22.480000,188,74,bucket,0.328936,436.25,316.94,455.26,356.23
562,22.480000,290,76,gloves,0.399315,349.97,153.79,367.54,172.22
562,22.480000,181,76,gloves,0.299666,349.48,153.08,361.31,170.24
563,22.520000,1,0,person,0.854812,299.21,68.33,379.65,290.28
563,22.520000,3,0,person,0.868416,357.62,88.91,445.96,293.80
563,22.520000,4,2,helmet,0.835114,410.69,88.99,441.63,112.53
563,22.520000,5,2,helmet,0.796069,323.43,69.09,353.04,90.94
563,22.520000,33,0,person,0.738920,254.35,84.85,309.79,314.89
563,22.520000,32,16,bottle,0.785230,78.21,305.33,96.42,359.39
563,22.520000,242,76,gloves,0.752032,420.27,204.28,436.36,230.14
563,22.520000,197,7,ladder,0.483641,219.90,164.61,342.24,309.12
563,22.520000,188,74,bucket,0.323783,436.20,316.89,455.14,356.22
563,22.520000,290,76,gloves,0.501575,349.98,153.59,367.60,171.96
564,22.560000,1,0,person,0.853781,299.13,68.40,379.76,290.28
564,22.560000,3,0,person,0.868466,356.69,88.91,445.75,293.63
564,22.560000,4,2,helmet,0.835325,410.71,88.98,441.70,112.56
564,22.560000,5,2,helmet,0.795882,323.21,69.17,353.02,91.25
564,22.560000,33,0,person,0.742685,254.38,84.87,309.63,314.91
564,22.560000,32,16,bottle,0.792358,78.18,305.31,96.40,359.46
564,22.560000,242,76,gloves,0.770333,420.71,204.10,436.94,230.19
564,22.560000,197,7,ladder,0.467568,220.78,165.62,341.85,309.11
564,22.560000,188,74,bucket,0.332560,436.13,316.90,454.99,356.23
564,22.560000,290,76,gloves,0.503837,349.97,153.51,367.65,171.87
565,22.600000,1,0,person,0.855171,299.50,68.46,380.28,290.30
565,22.600000,3,0,person,0.868606,356.47,88.93,446.14,293.59
565,22.600000,4,2,helmet,0.836694,410.67,88.98,441.65,112.56
565,22.600000,5,2,helmet,0.796305,323.16,69.20,352.99,91.35
565,22.600000,33,0,person,0.736949,254.53,85.08,309.55,314.79
565,22.600000,32,16,bottle,0.794616,78.18,305.30,96.37,359.49
565,22.600000,242,76,gloves,0.768144,420.87,204.08,437.13,230.21
565,22.600000,197,7,ladder,0.458456,221.03,165.49,341.78,309.10
565,22.600000,188,74,bucket,0.323779,436.03,316.89,454.80,356.23
565,22.600000,290,76,gloves,0.361277,349.65,153.37,367.68,172.01
566,22.640000,1,0,person,0.851168,299.56,68.42,380.54,290.46
566,22.640000,3,0,person,0.869926,356.43,88.94,446.71,293.51
566,22.640000,4,2,helmet,0.842239,410.69,88.98,441.86,112.73
566,22.640000,5,2,helmet,0.809976,322.93,69.17,353.15,91.75
566,22.640000,33,0,person,0.720323,255.84,85.03,311.21,314.90
566,22.640000,32,16,bottle,0.791816,78.02,305.38,96.17,359.40
566,22.640000,242,76,gloves,0.772073,421.10,204.29,437.26,230.19
566,22.640000,197,7,ladder,0.467329,220.95,164.71,341.76,308.94
566,22.640000,188,74,bucket,0.403734,435.78,316.79,454.65,356.43
566,22.640000,290,76,gloves,0.361188,349.46,153.19,367.77,172.09
567,22.680000,1,0,person,0.852954,299.58,68.59,380.72,290.69
567,22.680000,3,0,person,0.875596,355.84,88.93,446.79,293.47
567,22.680000,4,2,helmet,0.841954,410.71,88.98,441.93,112.81
567,22.680000,5,2,helmet,0.801361,322.69,69.35,353.02,92.08
567,22.680000,33,0,person,0.728747,255.70,84.95,311.22,314.88
567,22.680000,32,16,bottle,0.791509,77.98,305.38,96.12,359.36
567,22.680000,242,76,gloves,0.786447,421.17,204.50,437.22,230.18
567,22.680000,197,7,ladder,0.374206,221.69,165.29,341.40,308.65
567,22.680000,188,74,bucket,0.455926,435.47,316.73,454.39,356.54
567,22.680000,290,76,gloves,0.487899,350.07,154.44,367.21,171.92
568,22.720000,1,0,person,0.851010,299.46,68.64,380.75,290.82
568,22.720000,3,0,person,0.867068,355.37,88.88,447.26,294.28
568,22.720000,4,2,helmet,0.841118,410.75,88.99,441.96,112.82
568,22.720000,5,2,helmet,0.807532,322.63,69.42,352.95,92.19
568,22.720000,33,0,person,0.728744,255.63,84.95,311.28,314.70
568,22.720000,32,16,bottle,0.801899,78.04,305.33,96.23,359.49
568,22.720000,242,76,gloves,0.783548,421.01,204.37,437.15,230.17
568,22.720000,197,7,ladder,0.302189,222.49,166.77,340.51,308.22
568,22.720000,188,74,bucket,0.426724,435.47,316.69,454.36,356.56
568,22.720000,290,76,gloves,0.488000,350.05,155.07,366.88,172.01
569,22.760000,1,0,person,0.851943,299.39,68.64,380.83,290.82
569,22.760000,3,0,person,0.869011,355.29,88.93,447.57,293.80
569,22.760000,4,2,helmet,0.840703,410.76,88.99,441.94,112.83
569,22.760000,5,2,helmet,0.809807,322.51,69.41,352.85,92.24
569,22.760000,33,0,person,0.736565,255.22,84.89,310.94,314.66
569,22.760000,32,16,bottle,0.788191,77.98,305.36,96.15,359.40
569,22.760000,242,76,gloves,0.794761,420.88,204.38,437.02,230.17
569,22.760000,197,7,ladder,0.320613,222.43,166.01,340.70,308.07
569,22.760000,188,74,bucket,0.479873,435.33,316.70,454.18,356.60
569,22.760000,290,76,gloves,0.366799,350.31,155.39,366.79,171.74
569,22.760000,286,15,concrete block,0.251361,59.85,337.64,128.83,355.03
570,22.800000,1,0,person,0.848660,299.38,68.65,380.96,290.90
570,22.800000,3,0,person,0.866990,355.24,88.87,448.19,294.40
570,22.800000,4,2,helmet,0.838669,410.75,88.96,441.94,112.82
570,22.800000,5,2,helmet,0.810952,322.41,69.43,352.72,92.25
570,22.800000,33,0,person,0.732958,254.72,84.82,310.45,314.69
570,22.800000,32,16,bottle,0.796080,77.94,305.37,96.12,359.47
570,22.800000,242,76,gloves,0.810288,420.46,204.48,436.46,230.11
570,22.800000,197,7,ladder,0.284263,222.66,165.63,340.64,307.58
570,22.800000,188,74,bucket,0.476686,435.29,316.71,454.10,356.60
570,22.800000,290,76,gloves,0.529850,347.60,155.46,365.30,172.51
571,22.840000,1,0,person,0.847391,299.42,68.80,381.07,290.97
571,22.840000,3,0,person,0.861877,355.84,88.84,448.79,293.88
571,22.840000,4,2,helmet,0.836966,410.74,88.94,441.95,112.84
571,22.840000,5,2,helmet,0.809000,322.49,69.61,352.57,92.25
571,22.840000,33,0,person,0.733223,254.48,84.79,310.20,314.68
571,22.840000,32,16,bottle,0.797306,77.91,305.41,96.07,359.51
571,22.840000,242,76,gloves,0.809454,420.04,204.39,436.12,230.22
571,22.840000,197,7,ladder,0.295081,222.81,165.37,340.66,307.43
571,22.840000,188,74,bucket,0.466326,435.24,316.73,453.99,356.61
571,22.840000,290,76,gloves,0.479534,346.04,155.47,365.47,173.95
572,22.880000,1,0,person,0.849644,299.27,68.86,381.01,290.94
572,22.880000,3,0,person,0.859505,354.83,88.83,448.39,294.41
572,22.880000,4,2,helmet,0.837066,410.75,88.93,441.94,112.85
572,22.880000,5,2,helmet,0.808586,322.52,69.67,352.51,92.23
572,22.880000,33,0,person,0.733379,254.36,84.77,310.06,314.67
572,22.880000,32,16,bottle,0.795295,77.89,305.35,96.07,359.51
572,22.880000,242,76,gloves,0.797819,419.56,204.14,435.70,230.14
572,22.880000,197,7,ladder,0.288091,222.97,165.54,340.52,307.46
572,22.880000,188,74,bucket,0.470361,435.16,316.77,453.87,356.63
572,22.880000,290,76,gloves,0.707247,344.60,155.25,366.27,175.84
573,22.920000,1,0,person,0.849688,299.15,68.83,381.01,290.94
573,22.920000,3,0,person,0.860307,354.10,88.81,448.13,294.62
573,22.920000,4,2,helmet,0.835409,410.69,88.93,442.00,112.98
573,22.920000,5,2,helmet,0.805260,322.49,69.63,352.47,92.20
573,22.920000,33,0,person,0.733565,254.44,84.65,310.21,314.73
573,22.920000,32,16,bottle,0.797421,77.90,305.42,96.04,359.50
573,22.920000,242,76,gloves,0.807381,418.84,204.18,434.99,230.19
573,22.920000,197,7,ladder,0.276762,222.92,165.89,340.10,307.54
573,22.920000,188,74,bucket,0.423682,435.01,316.80,453.67,356.66
573,22.920000,290,76,gloves,0.706567,344.10,155.03,366.61,176.56
574,22.960000,1,0,person,0.848123,299.07,68.82,381.03,290.92
574,22.960000,3,0,person,0.860958,353.90,88.79,448.02,293.91
574,22.960000,4,2,helmet,0.838049,410.66,88.94,442.04,113.07
574,22.960000,5,2,helmet,0.806571,322.40,69.62,352.34,92.12
574,22.960000,33,0,person,0.729729,254.46,84.57,310.32,314.76
574,22.960000,32,16,bottle,0.788894,77.79,305.38,95.90,359.45
574,22.960000,242,76,gloves,0.818401,418.29,204.15,434.48,230.19
574,22.960000,197,7,ladder,0.282941,222.85,166.16,339.81,307.66
574,22.960000,188,74,bucket,0.432911,434.94,316.75,453.57,356.68
574,22.960000,290,76,gloves,0.742667,343.76,154.98,366.56,176.91
575,23.000000,1,0,person,0.848821,299.13,68.82,381.14,290.88
575,23.000000,3,0,person,0.846730,353.33,88.82,447.97,294.42
575,23.000000,4,2,helmet,0.836461,410.69,88.96,442.09,113.14
575,23.000000,5,2,helmet,0.800058,322.40,69.64,352.05,91.84
575,23.000000,33,0,person,0.730865,254.57,84.51,310.59,314.76
575,23.000000,32,16,bottle,0.780704,77.84,305.44,95.89,359.28
575,23.000000,242,76,gloves,0.839334,417.67,204.20,433.94,230.26
575,23.000000,197,7,ladder,0.282399,222.96,166.58,339.63,307.86
575,23.000000,188,74,bucket,0.549666,434.89,316.72,453.46,356.60
575,23.000000,290,76,gloves,0.815862,342.86,154.47,366.26,176.98
576,23.040000,1,0,person,0.852281,299.40,68.83,381.39,290.84
576,23.040000,3,0,person,0.851243,352.41,88.71,447.44,293.94
576,23.040000,4,2,helmet,0.835688,410.77,88.92,442.28,113.26
576,23.040000,5,2,helmet,0.803132,322.38,69.65,351.97,91.74
576,23.040000,33,0,person,0.731119,254.40,84.44,310.54,314.85
576,23.040000,32,16,bottle,0.790891,77.76,305.40,95.83,359.37
576,23.040000,242,76,gloves,0.860432,417.14,204.12,433.52,230.26
576,23.040000,197,7,ladder,0.296226,223.07,166.83,339.45,307.85
576,23.040000,188,74,bucket,0.524019,434.92,316.70,453.45,356.54
576,23.040000,290,76,gloves,0.805041,342.39,154.24,365.86,176.84
577,23.080000,1,0,person,0.853663,299.57,68.74,381.54,290.77
577,23.080000,3,0,person,0.858201,351.87,88.78,447.50,294.44
577,23.080000,4,2,helmet,0.827275,410.98,88.91,442.55,113.42
577,23.080000,5,2,helmet,0.799659,322.51,69.54,351.73,91.29
577,23.080000,33,0,person,0.726107,255.02,84.28,311.57,315.12
577,23.080000,32,16,bottle,0.793300,77.76,305.45,95.85,359.44
577,23.080000,242,76,gloves,0.858386,416.81,204.16,433.23,230.24
577,23.080000,197,7,ladder,0.328468,222.56,166.17,339.34,307.83
577,23.080000,188,74,bucket,0.522186,434.88,316.71,453.32,356.45
577,23.080000,290,76,gloves,0.799142,342.50,154.19,365.86,176.74
578,23.120000,1,0,person,0.855034,299.56,68.71,381.50,290.66
578,23.120000,3,0,person,0.858686,351.51,88.79,447.56,294.62
578,23.120000,4,2,helmet,0.828232,411.05,88.89,442.67,113.55
578,23.120000,5,2,helmet,0.798404,322.39,69.51,351.57,91.17
578,23.120000,33,0,person,0.754159,255.76,84.01,312.85,315.08
578,23.120000,32,16,bottle,0.785487,77.70,305.41,95.79,359.43
578,23.120000,242,76,gloves,0.859737,416.68,204.18,433.14,230.23
578,23.120000,197,7,ladder,0.346532,222.27,166.00,339.21,308.07
578,23.120000,188,74,bucket,0.468236,434.72,316.77,453.13,356.53
578,23.120000,290,76,gloves,0.798775,342.59,154.16,365.86,176.69
579,23.160000,1,0,person,0.858912,299.47,68.61,381.45,290.64
579,23.160000,3,0,person,0.858204,351.17,88.80,447.59,294.68
579,23.160000,4,2,helmet,0.830270,411.20,88.87,442.78,113.64
579,23.160000,5,2,helmet,0.798515,322.48,69.40,351.45,90.82
579,23.160000,33,0,person,0.761952,256.02,83.59,313.74,315.08
579,23.160000,32,16,bottle,0.790959,77.58,305.42,95.66,359.48
579,23.160000,242,76,gloves,0.855829,416.61,204.16,433.13,230.23
579,23.160000,197,7,ladder,0.374614,222.17,165.94,339.21,308.32
579,23.160000,188,74,bucket,0.472050,434.65,316.84,452.99,356.56
579,23.160000,290,76,gloves,0.797567,342.67,154.16,365.86,176.66
580,23.200000,1,0,person,0.857605,299.53,68.56,381.50,290.60
580,23.200000,3,0,person,0.855788,350.76,88.69,447.37,294.05
580,23.200000,4,2,helmet,0.827883,411.37,88.86,442.86,113.69
580,23.200000,5,2,helmet,0.790328,322.42,69.39,351.25,90.59
580,23.200000,33,0,person,0.770419,256.14,83.23,314.47,315.06
580,23.200000,32,16,bottle,0.779632,77.60,305.41,95.67,359.44
580,23.200000,242,76,gloves,0.855411,416.57,204.16,433.15,230.23
580,23.200000,197,7,ladder,0.389516,222.07,165.64,339.24,308.40
580,23.200000,188,74,bucket,0.464087,434.62,316.74,453.01,356.63
580,23.200000,290,76,gloves,0.801649,342.65,154.28,365.67,176.60
580,23.200000,308,27,glasses,0.319163,413.10,107.95,431.47,114.02
581,23.240000,1,0,person,0.865523,299.36,68.27,381.42,290.52
581,23.240000,3,0,person,0.862863,350.55,88.66,447.38,293.79
581,23.240000,4,2,helmet,0.828641,411.52,88.85,442.79,113.62
581,23.240000,5,2,helmet,0.787247,322.55,69.00,351.37,90.12
581,23.240000,33,0,person,0.733924,255.25,82.63,313.94,315.00
581,23.240000,32,16,bottle,0.792707,77.58,305.41,95.62,359.46
581,23.240000,242,76,gloves,0.852664,416.53,204.21,433.32,230.56
581,23.240000,197,7,ladder,0.416852,222.32,166.26,338.89,308.39
581,23.240000,188,74,bucket,0.455028,434.53,316.70,452.89,356.61
581,23.240000,290,76,gloves,0.798859,342.92,154.73,365.69,176.81
581,23.240000,308,27,glasses,0.326118,413.19,108.00,431.20,113.95
582,23.280000,1,0,person,0.865272,298.55,68.12,380.81,290.53
582,23.280000,3,0,person,0.853026,353.77,88.73,450.01,293.58
582,23.280000,4,2,helmet,0.829938,411.54,88.86,442.80,113.75
582,23.280000,5,2,helmet,0.803944,322.86,68.85,351.41,89.70
582,23.280000,33,0,person,0.785072,257.32,82.37,317.13,314.99
582,23.280000,32,16,bottle,0.782027,77.59,305.41,95.64,359.50
582,23.280000,242,76,gloves,0.853734,416.48,204.13,433.45,230.80
582,23.280000,197,7,ladder,0.464907,221.77,164.71,339.46,308.50
582,23.280000,188,74,bucket,0.431747,434.42,316.67,452.73,356.61
582,23.280000,290,76,gloves,0.670239,343.45,155.35,365.69,176.76
582,23.280000,308,27,glasses,0.277767,412.84,107.81,431.86,114.10
583,23.320000,1,0,person,0.868648,298.55,68.10,380.91,290.63
583,23.320000,3,0,person,0.853121,355.58,88.75,451.20,293.53
583,23.320000,4,2,helmet,0.826831,411.58,88.86,442.76,113.81
583,23.320000,5,2,helmet,0.795814,323.18,68.82,351.26,89.20
583,23.320000,33,0,person,0.749986,258.08,82.87,318.83,315.04
583,23.320000,32,16,bottle,0.784766,77.58,305.40,95.61,359.42
583,23.320000,242,76,gloves,0.864422,416.66,203.91,433.70,230.68
583,23.320000,197,7,ladder,0.521150,222.07,164.63,339.66,308.63
583,23.320000,188,74,bucket,0.419962,434.35,316.74,452.63,356.66
583,23.320000,290,76,gloves,0.640631,345.84,156.11,367.54,176.94
583,23.320000,308,27,glasses,0.331376,412.90,107.81,431.86,114.09
584,23.360000,1,0,person,0.856833,298.31,67.74,380.96,290.72
584,23.360000,3,0,person,0.845827,359.95,88.69,454.32,294.06
584,23.360000,4,2,helmet,0.823978,411.93,89.08,442.83,113.88
584,23.360000,5,2,helmet,0.804270,323.39,68.37,351.48,88.68
584,23.360000,33,0,person,0.725932,257.50,82.74,319.05,315.08
584,23.360000,32,16,bottle,0.795117,77.39,305.41,95.42,359.46
584,23.360000,242,76,gloves,0.862326,416.92,203.92,434.05,230.82
584,23.360000,197,7,ladder,0.516303,222.02,164.00,339.84,308.56
584,23.360000,188,74,bucket,0.370696,434.27,316.72,452.49,356.65
585,23.400000,1,0,person,0.862912,298.10,67.59,380.98,290.85
585,23.400000,3,0,person,0.876545,363.30,88.53,456.01,294.11
585,23.400000,4,2,helmet,0.817690,412.00,89.00,443.31,114.22
585,23.400000,5,2,helmet,0.811261,323.83,68.20,351.44,88.04
585,23.400000,33,0,person,0.770046,259.41,82.75,322.44,314.99
585,23.400000,32,16,bottle,0.786584,77.40,305.39,95.45,359.48
585,23.400000,242,76,gloves,0.791609,417.64,204.30,434.45,230.81
585,23.400000,197,7,ladder,0.437876,222.53,165.45,339.09,308.52
585,23.400000,188,74,bucket,0.372245,434.03,316.75,452.18,356.64
585,23.400000,181,76,gloves,0.362223,350.44,152.46,360.95,166.58
586,23.440000,1,0,person,0.860013,297.91,67.44,380.93,290.98
586,23.440000,3,0,person,0.881444,365.96,88.61,457.04,294.72
586,23.440000,4,2,helmet,0.821982,411.99,88.97,443.79,114.78
586,23.440000,5,2,helmet,0.804010,324.26,68.07,351.48,87.49
586,23.440000,33,0,person,0.753093,259.19,82.80,323.36,314.97
586,23.440000,32,16,bottle,0.787080,77.41,305.38,95.47,359.48
586,23.440000,242,76,gloves,0.785544,418.51,204.52,434.97,230.52
586,23.440000,197,7,ladder,0.463879,222.58,165.52,338.94,308.45
586,23.440000,188,74,bucket,0.361879,433.96,316.77,452.05,356.63
586,23.440000,181,76,gloves,0.430864,350.28,152.49,361.11,166.32
587,23.480000,1,0,person,0.859601,298.66,67.62,381.49,290.75
587,23.480000,3,0,person,0.883359,368.36,88.78,457.48,294.82
587,23.480000,4,2,helmet,0.829707,411.90,88.95,443.97,115.17
587,23.480000,5,2,helmet,0.802425,324.48,68.03,351.47,87.17
587,23.480000,33,0,person,0.775125,258.82,83.06,324.08,315.00
587,23.480000,32,16,bottle,0.788729,77.36,305.50,95.35,359.46
587,23.480000,242,76,gloves,0.814774,419.21,204.65,435.59,230.56
587,23.480000,197,7,ladder,0.461290,221.54,163.25,339.46,308.40
587,23.480000,181,76,gloves,0.558285,350.37,152.48,361.39,165.98
588,23.520000,1,0,person,0.854675,298.85,67.38,381.69,290.67
588,23.520000,3,0,person,0.879101,369.73,88.94,456.91,294.63
588,23.520000,4,2,helmet,0.831823,411.64,88.93,444.20,115.79
588,23.520000,5,2,helmet,0.792298,324.64,68.08,351.47,86.99
588,23.520000,33,0,person,0.776911,258.26,83.84,324.53,315.34
588,23.520000,32,16,bottle,0.788381,77.35,305.54,95.31,359.45
588,23.520000,242,76,gloves,0.820083,419.91,204.94,435.92,230.21
588,23.520000,197,7,ladder,0.439443,221.38,161.71,340.10,308.33
588,23.520000,181,76,gloves,0.535273,350.22,152.47,361.50,165.87
589,23.560000,1,0,person,0.858709,299.26,67.47,381.95,290.61
589,23.560000,3,0,person,0.862071,370.57,88.97,456.00,294.47
589,23.560000,4,2,helmet,0.831647,411.54,88.91,444.23,116.11
589,23.560000,5,2,helmet,0.800886,324.76,67.89,351.65,86.76
589,23.560000,33,0,person,0.804449,258.09,84.23,324.91,313.53
589,23.560000,32,16,bottle,0.783637,77.28,305.58,95.21,359.46
589,23.560000,242,76,gloves,0.818051,420.25,204.70,436.35,230.21
589,23.560000,197,7,ladder,0.508447,220.99,161.16,339.92,308.33
589,23.560000,181,76,gloves,0.489680,350.16,152.50,361.71,165.94
589,23.560000,315,76,gloves,0.478871,319.47,100.93,329.05,124.59
590,23.600000,1,0,person,0.852488,299.81,67.23,382.40,290.54
590,23.600000,3,0,person,0.874869,371.22,88.84,455.17,294.46
590,23.600000,4,2,helmet,0.828747,411.58,88.79,443.83,115.79
590,23.600000,5,2,helmet,0.803183,324.98,67.82,351.93,86.69
590,23.600000,33,0,person,0.818937,257.60,84.39,325.54,313.58
590,23.600000,32,16,bottle,0.782120,77.10,305.59,95.04,359.50
590,23.600000,242,76,gloves,0.819362,420.38,204.54,436.35,229.93
590,23.600000,197,7,ladder,0.514998,220.69,160.10,340.12,308.25
590,23.600000,181,76,gloves,0.453767,350.19,152.54,361.92,165.94
591,23.640000,1,0,person,0.852039,299.38,66.74,382.10,290.46
591,23.640000,3,0,person,0.888078,371.75,88.79,454.33,294.46
591,23.640000,4,2,helmet,0.824588,411.09,88.77,443.06,115.77
591,23.640000,5,2,helmet,0.798163,324.82,67.33,352.29,86.58
591,23.640000,33,0,person,0.828278,256.74,83.18,325.58,312.06
591,23.640000,32,16,bottle,0.785087,77.02,305.63,94.96,359.51
591,23.640000,242,76,gloves,0.833032,420.34,204.23,436.36,229.83
591,23.640000,197,7,ladder,0.450533,221.01,161.25,339.43,308.27
591,23.640000,181,76,gloves,0.454524,350.33,152.68,362.00,165.79
592,23.680000,1,0,person,0.849277,299.39,66.57,382.16,290.45
592,23.680000,3,0,person,0.883258,372.14,88.71,453.44,294.47
592,23.680000,4,2,helmet,0.830131,410.84,88.61,442.39,115.40
592,23.680000,5,2,helmet,0.798616,324.79,67.13,352.49,86.57
592,23.680000,33,0,person,0.833148,256.10,82.94,325.84,311.50
592,23.680000,32,16,bottle,0.784493,76.85,305.63,94.80,359.51
592,23.680000,242,76,gloves,0.822969,420.25,204.13,436.27,229.81
592,23.680000,197,7,ladder,0.481407,221.24,161.83,339.16,308.29
592,23.680000,181,76,gloves,0.494117,350.33,152.55,362.36,165.97
593,23.720000,1,0,person,0.839844,299.80,66.57,382.46,290.47
593,23.720000,3,0,person,0.883022,372.43,88.61,452.51,294.47
593,23.720000,4,2,helmet,0.833484,410.41,88.39,441.94,115.32
593,23.720000,5,2,helmet,0.791735,325.00,67.11,352.47,86.39
593,23.720000,33,0,person,0.832617,255.28,82.86,325.78,311.18
593,23.720000,32,16,bottle,0.787692,76.72,305.49,94.74,359.63
593,23.720000,242,76,gloves,0.802974,419.61,203.71,435.67,229.63
593,23.720000,197,7,ladder,0.493514,221.56,162.80,338.79,308.44
593,23.720000,181,76,gloves,0.407598,350.39,152.65,362.37,165.88
594,23.760000,1,0,person,0.846344,300.08,66.56,382.66,290.45
594,23.760000,3,0,person,0.883119,372.76,88.61,451.65,294.41
594,23.760000,4,2,helmet,0.837261,410.16,88.36,441.49,115.20
594,23.760000,5,2,helmet,0.793770,325.13,67.11,352.53,86.34
594,23.760000,33,0,person,0.832504,254.76,83.94,326.16,312.53
594,23.760000,32,16,bottle,0.786778,76.68,305.43,94.72,359.68
594,23.760000,242,76,gloves,0.813932,418.66,203.52,434.70,229.44
594,23.760000,197,7,ladder,0.487791,221.80,163.52,338.52,308.52
594,23.760000,181,76,gloves,0.507758,350.51,152.70,362.51,165.82
595,23.800000,1,0,person,0.841143,300.24,66.10,382.84,290.46
595,23.800000,3,0,person,0.894510,372.89,88.39,450.76,294.40
595,23.800000,4,2,helmet,0.833266,409.58,88.27,440.95,115.24
595,23.800000,5,2,helmet,0.798990,325.50,66.59,353.00,86.02
595,23.800000,33,0,person,0.833579,254.29,84.28,326.50,313.03
595,23.800000,32,16,bottle,0.787610,76.64,305.41,94.67,359.69
595,23.800000,242,76,gloves,0.855135,417.30,203.05,433.46,229.24
595,23.800000,197,7,ladder,0.502198,221.98,164.06,338.34,308.57
595,23.800000,181,76,gloves,0.447092,350.50,152.71,362.64,165.87
595,23.800000,317,76,gloves,0.480172,315.37,91.26,327.91,112.76
596,23.840000,1,0,person,0.841744,299.94,65.96,382.56,290.48
596,23.840000,3,0,person,0.900815,373.21,88.29,450.10,294.35
596,23.840000,4,2,helmet,0.805734,409.19,88.46,439.57,114.61
596,23.840000,5,2,helmet,0.791939,325.78,66.43,353.59,86.18
596,23.840000,33,0,person,0.831812,253.80,84.58,326.66,313.27
596,23.840000,32,16,bottle,0.779442,76.57,305.41,94.60,359.70
596,23.840000,242,76,gloves,0.869219,416.02,202.49,432.45,229.22
596,23.840000,197,7,ladder,0.397657,221.83,164.03,338.19,308.42
596,23.840000,181,76,gloves,0.438713,350.48,152.72,362.70,165.86
597,23.880000,1,0,person,0.851887,299.68,66.29,382.22,290.47
597,23.880000,3,0,person,0.892106,373.59,88.06,449.70,294.39
597,23.880000,4,2,helmet,0.814165,409.23,88.49,438.45,113.49
597,23.880000,5,2,helmet,0.772378,326.25,66.80,353.80,86.47
597,23.880000,33,0,person,0.821785,253.11,83.23,326.46,311.87
597,23.880000,32,16,bottle,0.780715,76.48,305.40,94.52,359.67
597,23.880000,242,76,gloves,0.828786,414.94,202.53,431.03,228.93
597,23.880000,197,7,ladder,0.399193,221.48,163.31,338.34,308.33
597,23.880000,181,76,gloves,0.486020,350.43,152.72,362.75,165.88
598,23.920000,1,0,person,0.836179,298.95,66.08,381.76,290.53
598,23.920000,3,0,person,0.884915,373.98,88.13,449.24,294.42
598,23.920000,4,2,helmet,0.810876,408.41,88.45,437.88,113.58
598,23.920000,5,2,helmet,0.766187,326.30,66.59,354.04,86.52
598,23.920000,33,0,person,0.819157,252.89,83.98,326.85,312.80
598,23.920000,32,16,bottle,0.764777,76.53,305.39,94.58,359.65
598,23.920000,242,76,gloves,0.489042,413.71,203.79,428.97,228.82
598,23.920000,197,7,ladder,0.388566,221.32,162.95,338.38,308.25
598,23.920000,181,76,gloves,0.479864,350.43,152.73,362.77,165.85
599,23.960000,1,0,person,0.827334,299.18,66.20,382.00,290.56
599,23.960000,3,0,person,0.891309,374.36,88.23,448.84,294.37
599,23.960000,4,2,helmet,0.812041,407.77,88.42,437.58,113.75
599,23.960000,5,2,helmet,0.771781,326.78,66.52,354.45,86.48
599,23.960000,33,0,person,0.823033,252.72,84.33,327.09,312.88
599,23.960000,32,16,bottle,0.769872,76.51,305.38,94.57,359.64
599,23.960000,242,76,gloves,0.429893,411.53,199.51,428.98,228.41
599,23.960000,197,7,ladder,0.437344,220.75,161.44,338.93,308.39
599,23.960000,181,76,gloves,0.501121,350.48,152.73,362.97,165.91
600,24.000000,1,0,person,0.839425,299.80,66.27,382.50,290.51
600,24.000000,3,0,person,0.891158,374.62,88.26,448.37,294.30
600,24.000000,4,2,helmet,0.801465,407.59,88.42,436.90,113.12
600,24.000000,5,2,helmet,0.776599,326.97,66.50,354.57,86.48
600,24.000000,33,0,person,0.794856,252.08,84.22,327.44,314.73
600,24.000000,32,16,bottle,0.773749,76.35,305.39,94.42,359.62
600,24.000000,242,76,gloves,0.463875,410.16,197.14,428.75,228.15
600,24.000000,197,7,ladder,0.417127,220.79,161.96,338.56,308.48
600,24.000000,181,76,gloves,0.488413,350.54,152.72,363.04,165.81
601,24.040000,1,0,person,0.853820,299.34,66.17,382.14,290.62
601,24.040000,3,0,person,0.893129,374.89,88.19,448.03,294.30
601,24.040000,4,2,helmet,0.813612,407.45,88.42,436.55,112.71
601,24.040000,5,2,helmet,0.779751,327.11,66.44,354.75,86.55
601,24.040000,33,0,person,0.798550,251.47,84.18,327.32,315.46
601,24.040000,32,16,bottle,0.773142,76.24,305.31,94.33,359.55
601,24.040000,242,76,gloves,0.496899,409.18,196.19,428.00,227.65
601,24.040000,197,7,ladder,0.452792,220.21,161.45,338.38,308.61
601,24.040000,181,76,gloves,0.493395,350.52,152.66,363.18,165.85
602,24.080000,1,0,person,0.855560,298.28,65.87,381.48,290.96
602,24.080000,3,0,person,0.887591,375.18,88.15,447.73,294.26
602,24.080000,4,2,helmet,0.808967,407.19,88.42,436.52,112.75
602,24.080000,5,2,helmet,0.772614,327.32,66.38,354.65,86.30
602,24.080000,33,0,person,0.790488,251.36,83.73,327.41,314.96
602,24.080000,32,16,bottle,0.763020,76.21,305.27,94.34,359.59
602,24.080000,242,76,gloves,0.462489,408.77,201.04,424.41,226.85
602,24.080000,197,7,ladder,0.469272,219.63,160.31,338.56,308.65
602,24.080000,181,76,gloves,0.475434,350.51,152.64,363.25,165.86
603,24.120000,1,0,person,0.865532,297.89,65.79,381.29,291.03
603,24.120000,3,0,person,0.891608,375.35,88.18,447.31,294.27
603,24.120000,4,2,helmet,0.818657,406.82,88.47,436.49,112.95
603,24.120000,5,2,helmet,0.778559,327.37,66.35,354.49,86.16
603,24.120000,33,0,person,0.791895,251.40,83.98,327.81,315.58
603,24.120000,32,16,bottle,0.759182,76.15,305.27,94.26,359.52
603,24.120000,242,76,gloves,0.524404,408.07,197.60,425.67,226.58
603,24.120000,197,7,ladder,0.441478,220.73,163.30,337.51,308.72
603,24.120000,181,76,gloves,0.444413,350.49,152.62,363.29,165.84
604,24.160000,1,0,person,0.851263,297.51,65.74,381.13,291.18
604,24.160000,3,0,person,0.894529,375.45,88.08,446.94,294.35
604,24.160000,4,2,helmet,0.790657,406.45,88.47,435.88,112.53
604,24.160000,5,2,helmet,0.778438,327.39,66.34,354.42,86.11
604,24.160000,33,0,person,0.774285,251.27,83.45,327.84,314.97
604,24.160000,32,16,bottle,0.763290,76.10,305.26,94.23,359.55
604,24.160000,242,76,gloves,0.485873,407.70,196.49,426.18,226.90
604,24.160000,197,7,ladder,0.467026,221.30,164.36,337.34,308.77
604,24.160000,181,76,gloves,0.459880,350.45,152.62,363.32,165.87
605,24.200000,1,0,person,0.857219,297.22,65.66,380.94,290.88
605,24.200000,3,0,person,0.897899,375.61,87.96,446.61,294.41
605,24.200000,4,2,helmet,0.793955,405.62,88.12,435.91,112.79
605,24.200000,5,2,helmet,0.777391,327.63,66.21,354.51,85.91
605,24.200000,33,0,person,0.796731,250.92,83.09,327.48,314.70
605,24.200000,32,16,bottle,0.745612,76.12,305.15,94.23,359.47
605,24.200000,242,76,gloves,0.521010,408.28,196.10,426.87,226.84
605,24.200000,197,7,ladder,0.509967,221.32,165.35,336.75,308.76
605,24.200000,181,76,gloves,0.433793,350.40,152.51,363.52,166.05
606,24.240000,1,0,person,0.850363,297.04,65.47,380.92,290.67
606,24.240000,3,0,person,0.872660,375.70,87.50,446.27,294.24
606,24.240000,4,2,helmet,0.785339,405.01,87.53,435.77,112.53
606,24.240000,5,2,helmet,0.778045,327.73,66.17,354.53,85.85
606,24.240000,33,0,person,0.803315,249.63,82.79,325.75,314.61
606,24.240000,32,16,bottle,0.745175,76.13,305.12,94.23,359.44
606,24.240000,242,76,gloves,0.524439,409.14,195.90,427.72,226.74
606,24.240000,197,7,ladder,0.531670,220.93,164.77,336.89,308.73
606,24.240000,181,76,gloves,0.423103,350.38,152.46,363.60,166.12
607,24.280000,1,0,person,0.838757,296.53,65.55,380.62,290.62
607,24.280000,3,0,person,0.888602,375.80,87.26,445.96,294.25
607,24.280000,4,2,helmet,0.786854,404.68,87.37,435.39,112.23
607,24.280000,5,2,helmet,0.778269,328.04,66.20,354.55,85.67
607,24.280000,33,0,person,0.789081,248.50,82.71,323.79,314.52
607,24.280000,32,16,bottle,0.746784,76.07,305.10,94.16,359.41
607,24.280000,242,76,gloves,0.790551,410.15,196.30,428.36,226.75
607,24.280000,197,7,ladder,0.455058,220.76,164.44,336.92,308.66
607,24.280000,181,76,gloves,0.445106,350.37,152.41,363.70,166.22
608,24.320000,1,0,person,0.839208,296.53,65.56,380.72,290.64
608,24.320000,3,0,person,0.866601,376.15,86.98,445.83,293.99
608,24.320000,4,2,helmet,0.767913,404.53,87.30,434.57,111.48
608,24.320000,5,2,helmet,0.779261,328.11,66.15,354.59,85.63
608,24.320000,33,0,person,0.762350,248.01,83.13,322.17,314.34
608,24.320000,32,16,bottle,0.745578,76.05,305.08,94.14,359.41
608,24.320000,242,76,gloves,0.773514,411.65,197.05,429.14,226.53
608,24.320000,197,7,ladder,0.489157,220.89,165.50,336.38,308.65
608,24.320000,181,76,gloves,0.416426,350.46,152.39,363.70,166.13
609,24.360000,1,0,person,0.829413,296.23,65.60,380.56,290.70
609,24.360000,3,0,person,0.859631,376.64,86.68,446.13,294.70
609,24.360000,4,2,helmet,0.749874,404.35,87.27,433.54,110.55
609,24.360000,5,2,helmet,0.774686,328.04,66.20,354.57,85.74
609,24.360000,33,0,person,0.724100,248.08,83.15,321.25,314.27
609,24.360000,32,16,bottle,0.743384,76.14,305.09,94.21,359.34
609,24.360000,242,76,gloves,0.842030,413.26,196.95,430.58,226.47
609,24.360000,197,7,ladder,0.426058,220.89,165.84,336.16,308.49
609,24.360000,181,76,gloves,0.311791,350.19,152.46,364.12,167.06
610,24.400000,1,0,person,0.830091,296.04,65.59,380.58,290.84
610,24.400000,3,0,person,0.848822,376.93,86.10,446.17,294.79
610,24.400000,4,2,helmet,0.773589,403.00,87.25,433.59,111.64
610,24.400000,5,2,helmet,0.772213,328.05,66.21,354.62,85.80
610,24.400000,33,0,person,0.709180,246.66,83.67,318.05,314.12
610,24.400000,32,16,bottle,0.748087,76.03,305.07,94.12,359.38
610,24.400000,242,76,gloves,0.809571,414.51,197.54,431.27,226.27
610,24.400000,197,7,ladder,0.418610,220.93,166.15,336.22,308.66
610,24.400000,181,76,gloves,0.288658,350.18,152.49,364.19,167.30
611,24.440000,1,0,person,0.827705,296.00,65.53,380.63,290.88
611,24.440000,3,0,person,0.856696,377.30,85.45,446.37,295.30
611,24.440000,4,2,helmet,0.718228,401.63,87.20,432.46,111.75
611,24.440000,5,2,helmet,0.770137,328.06,66.16,354.64,85.76
611,24.440000,33,0,person,0.701595,247.37,83.73,317.54,314.36
611,24.440000,32,16,bottle,0.744128,76.01,305.09,94.10,359.39
611,24.440000,242,76,gloves,0.774630,415.33,197.21,432.04,225.86
611,24.440000,197,7,ladder,0.407000,220.89,166.35,336.11,308.62
611,24.440000,181,76,gloves,0.340958,350.24,152.38,364.09,167.11
612,24.480000,1,0,person,0.831429,295.98,65.50,380.69,290.90
612,24.480000,3,0,person,0.869644,377.57,85.24,446.36,295.77
612,24.480000,4,2,helmet,0.730602,402.01,87.18,430.95,109.90
612,24.480000,5,2,helmet,0.770165,328.07,66.14,354.64,85.74
612,24.480000,33,0,person,0.707520,247.69,83.86,316.49,314.24
612,24.480000,32,16,bottle,0.743942,76.00,305.10,94.09,359.40
612,24.480000,242,76,gloves,0.806192,416.31,197.00,432.80,225.12
612,24.480000,197,7,ladder,0.440044,220.85,166.32,336.13,308.55
612,24.480000,181,76,gloves,0.327470,350.60,152.31,363.79,166.33
613,24.520000,1,0,person,0.836738,295.82,65.37,380.57,290.73
613,24.520000,3,0,person,0.860245,377.83,85.25,446.19,295.86
613,24.520000,4,2,helmet,0.741256,402.09,87.18,430.45,109.18
613,24.520000,5,2,helmet,0.762466,328.12,65.99,354.60,85.51
613,24.520000,33,0,person,0.716529,248.24,83.80,315.79,314.25
613,24.520000,32,16,bottle,0.748178,75.96,305.10,94.05,359.37
613,24.520000,242,76,gloves,0.825254,417.49,197.42,433.49,224.54
613,24.520000,197,7,ladder,0.408591,220.10,164.38,336.88,308.68
613,24.520000,181,76,gloves,0.514881,350.46,152.49,363.47,166.41
614,24.560000,1,0,person,0.832285,295.72,65.33,380.50,290.67
614,24.560000,3,0,person,0.850824,378.19,85.61,446.00,295.82
614,24.560000,4,2,helmet,0.748989,401.96,86.72,430.04,108.46
614,24.560000,5,2,helmet,0.762361,328.14,65.94,354.59,85.46
614,24.560000,33,0,person,0.722920,248.67,83.73,315.00,314.26
614,24.560000,32,16,bottle,0.749205,75.97,305.09,94.04,359.31
614,24.560000,242,76,gloves,0.806109,419.12,196.77,435.30,223.96
614,24.560000,197,7,ladder,0.403601,220.80,166.25,336.29,308.76
614,24.560000,181,76,gloves,0.503403,350.40,152.45,363.62,166.70
615,24.600000,1,0,person,0.833510,295.60,65.55,380.32,290.78
615,24.600000,3,0,person,0.830047,378.25,86.42,445.41,295.79
615,24.600000,4,2,helmet,0.725213,401.50,87.34,428.77,108.20
615,24.600000,5,2,helmet,0.754222,328.21,66.21,354.32,85.48
615,24.600000,33,0,person,0.742390,248.89,83.70,313.94,314.23
615,24.600000,32,16,bottle,0.749181,75.91,305.35,93.87,359.18
615,24.600000,242,76,gloves,0.778079,421.34,196.71,437.31,223.23
615,24.600000,197,7,ladder,0.429044,220.89,166.74,336.14,308.80
615,24.600000,181,76,gloves,0.521936,350.41,152.43,363.49,166.63
616,24.640000,1,0,person,0.837455,295.71,65.62,380.37,290.84
616,24.640000,3,0,person,0.831231,378.38,86.78,445.07,295.82
616,24.640000,4,2,helmet,0.579314,400.75,87.39,427.77,107.94
616,24.640000,5,2,helmet,0.752379,328.20,66.33,354.22,85.55
616,24.640000,33,0,person,0.730661,249.43,84.16,313.21,314.19
616,24.640000,32,16,bottle,0.753249,75.98,305.46,93.88,359.12
616,24.640000,242,76,gloves,0.776461,423.60,195.67,439.57,222.30
616,24.640000,197,7,ladder,0.410393,220.95,167.20,335.95,308.79
616,24.640000,181,76,gloves,0.547497,350.47,152.42,363.41,166.54
617,24.680000,1,0,person,0.838871,295.59,65.72,380.14,290.87
617,24.680000,3,0,person,0.820533,378.47,87.36,444.71,295.85
617,24.680000,4,2,helmet,0.453914,398.93,88.08,426.82,109.41
617,24.680000,5,2,helmet,0.724064,327.61,66.38,353.64,85.53
617,24.680000,33,0,person,0.731588,249.92,84.20,312.65,314.08
617,24.680000,32,16,bottle,0.735529,75.97,305.40,93.94,359.20
617,24.680000,242,76,gloves,0.701712,425.64,195.90,441.28,222.08
617,24.680000,197,7,ladder,0.434198,220.66,166.81,336.05,308.81
617,24.680000,181,76,gloves,0.357336,350.50,152.49,363.05,166.24
618,24.720000,1,0,person,0.840584,295.65,65.77,380.09,290.86
618,24.720000,3,0,person,0.828776,378.24,87.26,444.33,295.82
618,24.720000,4,2,helmet,0.435426,397.92,88.12,425.12,108.92
618,24.720000,5,2,helmet,0.731343,327.43,66.42,353.42,85.44
618,24.720000,33,0,person,0.738131,250.32,84.24,312.08,314.10
618,24.720000,32,16,bottle,0.745122,75.90,305.46,93.82,359.14
618,24.720000,242,76,gloves,0.636994,427.48,194.74,443.03,220.97
618,24.720000,197,7,ladder,0.407770,220.50,166.48,336.17,308.77
618,24.720000,181,76,gloves,0.486650,350.43,152.27,362.95,166.08
619,24.760000,1,0,person,0.844557,295.58,65.76,379.87,290.80
619,24.760000,3,0,person,0.829818,377.94,87.21,443.96,295.63
619,24.760000,4,2,helmet,0.480149,396.25,88.10,424.26,109.61
619,24.760000,5,2,helmet,0.723961,327.27,66.43,353.14,85.25
619,24.760000,33,0,person,0.738058,250.72,84.24,311.61,314.12
619,24.760000,32,16,bottle,0.735140,75.86,305.27,93.87,359.25
619,24.760000,242,76,gloves,0.717193,428.59,193.90,443.96,220.15
619,24.760000,197,7,ladder,0.424350,220.45,166.39,336.24,308.77
619,24.760000,181,76,gloves,0.473773,350.45,152.18,362.86,165.94
620,24.800000,1,0,person,0.845313,295.53,65.73,379.64,290.75
620,24.800000,3,0,person,0.832427,377.65,87.41,443.59,295.53
620,24.800000,4,2,helmet,0.445777,395.19,88.29,422.38,109.14
620,24.800000,5,2,helmet,0.710878,326.97,66.43,352.54,84.94
620,24.800000,33,0,person,0.734033,251.07,84.25,311.19,314.21
620,24.800000,32,16,bottle,0.732348,75.82,305.39,93.75,359.14
620,24.800000,242,76,gloves,0.675424,428.83,193.40,443.79,219.11
620,24.800000,197,7,ladder,0.446720,220.39,166.35,336.26,308.79
620,24.800000,181,76,gloves,0.468322,350.47,152.15,362.81,165.89
621,24.840000,1,0,person,0.841904,295.47,65.86,379.31,290.74
621,24.840000,3,0,person,0.818458,377.84,87.49,443.67,295.69
621,24.840000,4,2,helmet,0.611237,392.78,88.28,422.10,110.93
621,24.840000,5,2,helmet,0.663367,326.74,66.60,351.74,84.60
621,24.840000,33,0,person,0.737691,251.41,84.24,310.84,314.26
621,24.840000,32,16,bottle,0.733305,75.82,305.44,93.70,359.09
621,24.840000,242,76,gloves,0.686224,428.48,192.82,443.52,218.86
621,24.840000,197,7,ladder,0.440641,220.44,166.49,336.27,308.83
621,24.840000,181,76,gloves,0.483390,350.48,152.27,362.59,165.80
622,24.880000,1,0,person,0.847631,295.27,65.88,378.88,290.69
622,24.880000,3,0,person,0.837145,376.02,87.74,442.11,295.52
622,24.880000,4,2,helmet,0.506444,390.16,88.18,420.93,112.23
622,24.880000,5,2,helmet,0.608052,325.89,66.57,350.78,84.26
622,24.880000,33,0,person,0.729507,251.71,84.01,310.55,314.28
622,24.880000,32,16,bottle,0.733656,75.82,305.46,93.67,359.07
622,24.880000,242,76,gloves,0.737788,428.93,192.37,443.07,216.90
622,24.880000,197,7,ladder,0.435909,220.39,166.36,336.35,308.84
622,24.880000,181,76,gloves,0.523973,350.41,152.12,362.51,165.70
623,24.920000,1,0,person,0.847524,295.34,65.92,378.76,290.73
623,24.920000,3,0,person,0.820670,374.21,88.19,440.80,295.59
623,24.920000,4,2,helmet,0.410904,388.99,88.41,419.38,112.35
623,24.920000,5,2,helmet,0.648974,324.41,66.70,350.67,85.40
623,24.920000,33,0,person,0.731954,252.06,83.94,310.36,314.31
623,24.920000,32,16,bottle,0.731631,75.77,305.45,93.63,359.08
623,24.920000,242,76,gloves,0.713474,429.10,192.21,442.91,216.15
623,24.920000,197,7,ladder,0.455780,220.57,166.87,336.17,308.82
623,24.920000,181,76,gloves,0.539843,350.37,151.91,362.53,165.64
624,24.960000,1,0,person,0.841731,295.27,65.84,378.55,290.72
624,24.960000,3,0,person,0.822953,373.43,88.40,440.44,295.65
624,24.960000,4,2,helmet,0.469135,387.16,88.55,419.00,114.03
624,24.960000,5,2,helmet,0.652314,323.90,66.64,350.36,85.48
624,24.960000,33,0,person,0.733215,252.17,83.86,310.00,314.30
624,24.960000,32,16,bottle,0.732194,75.75,305.46,93.61,359.09
624,24.960000,242,76,gloves,0.664073,428.95,192.20,442.63,215.91
624,24.960000,197,7,ladder,0.492624,220.53,166.80,336.21,308.79
624,24.960000,181,76,gloves,0.481082,350.38,151.89,362.48,165.59
625,25.000000,1,0,person,0.852487,294.60,65.56,377.81,290.74
625,25.000000,3,0,person,0.826220,372.59,88.48,439.97,295.72
625,25.000000,4,2,helmet,0.379689,387.36,88.83,417.22,112.88
625,25.000000,5,2,helmet,0.703223,322.18,66.28,351.07,87.04
625,25.000000,33,0,person,0.747041,252.19,84.13,309.49,314.24
625,25.000000,32,16,bottle,0.735926,75.46,305.53,93.42,359.18
625,25.000000,242,76,gloves,0.626913,427.73,191.65,441.73,215.77
625,25.000000,197,7,ladder,0.472195,220.70,166.95,336.29,308.77
625,25.000000,181,76,gloves,0.532205,350.20,151.84,362.51,165.89
626,25.040000,1,0,person,0.850771,294.47,65.58,377.49,290.67
626,25.040000,3,0,person,0.823101,372.32,88.65,440.06,295.76
626,25.040000,4,2,helmet,0.477404,386.28,89.02,416.86,113.96
626,25.040000,5,2,helmet,0.693964,321.51,66.34,350.94,87.70
626,25.040000,33,0,person,0.747350,252.24,84.26,309.11,314.20
626,25.040000,32,16,bottle,0.735797,75.43,305.55,93.36,359.12
626,25.040000,242,76,gloves,0.695815,427.65,192.00,441.65,215.89
626,25.040000,197,7,ladder,0.453058,221.34,169.14,335.47,308.77
626,25.040000,181,76,gloves,0.462495,350.20,151.82,362.40,165.78
627,25.080000,1,0,person,0.855012,294.36,65.38,377.30,290.84
627,25.080000,3,0,person,0.811817,372.14,88.87,440.10,295.89
627,25.080000,4,2,helmet,0.446696,385.03,89.18,417.07,115.77
627,25.080000,5,2,helmet,0.724694,320.58,66.06,350.47,88.00
627,25.080000,33,0,person,0.755608,252.37,84.41,308.80,314.12
627,25.080000,32,16,bottle,0.724137,75.33,305.52,93.29,359.07
627,25.080000,242,76,gloves,0.648155,427.63,192.14,441.65,215.92
627,25.080000,197,7,ladder,0.481175,221.26,169.14,335.59,308.78
627,25.080000,181,76,gloves,0.326030,350.14,151.71,362.29,165.71
628,25.120000,1,0,person,0.858796,294.42,65.49,377.12,290.81
628,25.120000,3,0,person,0.810307,372.22,89.04,440.31,295.90
628,25.120000,4,2,helmet,0.444734,384.27,89.23,416.87,116.83
628,25.120000,5,2,helmet,0.762848,319.58,66.08,350.64,89.20
628,25.120000,33,0,person,0.761197,252.46,84.52,308.55,314.10
628,25.120000,32,16,bottle,0.733168,75.17,305.57,93.12,359.09
628,25.120000,242,76,gloves,0.688199,427.39,192.30,441.47,215.96
628,25.120000,197,7,ladder,0.421151,224.37,178.62,332.30,308.84
628,25.120000,181,76,gloves,0.301006,350.08,151.58,362.33,165.78
628,25.120000,327,76,gloves,0.399010,372.65,191.22,381.83,206.16
629,25.160000,1,0,person,0.864206,294.09,65.55,376.59,290.84
629,25.160000,3,0,person,0.826137,371.69,89.71,439.73,295.85
629,25.160000,4,2,helmet,0.495784,383.84,89.77,416.06,117.49
629,25.160000,5,2,helmet,0.766410,318.95,66.11,350.35,89.75
629,25.160000,33,0,person,0.762530,252.69,84.44,308.52,314.09
629,25.160000,32,16,bottle,0.733793,75.11,305.60,93.06,359.09
629,25.160000,242,76,gloves,0.637527,427.06,192.26,441.21,215.85
629,25.160000,197,7,ladder,0.415861,223.97,178.62,332.63,308.84
629,25.160000,181,76,gloves,0.354536,350.09,151.60,362.35,165.90
629,25.160000,327,76,gloves,0.499736,370.37,191.03,382.52,210.85
630,25.200000,1,0,person,0.865787,294.11,65.60,376.38,290.81
630,25.200000,3,0,person,0.836893,371.48,89.94,439.49,295.86
630,25.200000,4,2,helmet,0.507077,383.75,89.96,415.70,117.88
630,25.200000,5,2,helmet,0.770675,318.46,66.14,350.12,90.26
630,25.200000,33,0,person,0.765948,252.71,84.47,308.29,314.07
630,25.200000,32,16,bottle,0.734738,75.09,305.60,93.04,359.09
630,25.200000,242,76,gloves,0.764141,425.95,191.73,440.17,215.56
630,25.200000,197,7,ladder,0.430497,223.56,178.47,333.01,308.86
630,25.200000,181,76,gloves,0.381142,350.12,151.60,362.34,165.92
630,25.200000,327,76,gloves,0.615119,369.94,191.26,384.00,214.34
631,25.240000,1,0,person,0.867064,294.13,65.48,376.22,290.82
631,25.240000,3,0,person,0.837085,371.39,90.02,439.39,295.87
631,25.240000,4,2,helmet,0.520498,383.74,90.04,415.27,117.99
631,25.240000,5,2,helmet,0.768537,317.79,65.98,350.02,90.96
631,25.240000,33,0,person,0.761250,252.73,84.45,308.12,314.10
631,25.240000,32,16,bottle,0.733159,75.08,305.60,93.04,359.10
631,25.240000,242,76,gloves,0.741743,425.39,191.52,439.62,215.50
631,25.240000,197,7,ladder,0.425794,222.65,176.75,333.95,308.88
631,25.240000,181,76,gloves,0.371087,350.02,151.30,362.30,165.79
631,25.240000,327,76,gloves,0.648416,370.32,191.30,384.56,214.83
632,25.280000,1,0,person,0.868522,294.03,65.48,375.88,290.74
632,25.280000,3,0,person,0.840005,371.36,90.08,439.35,295.88
632,25.280000,4,2,helmet,0.545790,383.77,90.10,414.84,117.99
632,25.280000,5,2,helmet,0.753577,317.14,65.94,349.47,91.39
632,25.280000,33,0,person,0.757199,252.77,84.43,307.98,314.17
632,25.280000,32,16,bottle,0.739140,75.02,305.65,93.04,359.20
632,25.280000,242,76,gloves,0.740068,425.13,191.53,439.21,215.41
632,25.280000,197,7,ladder,0.455197,220.92,172.74,335.57,308.89
632,25.280000,181,76,gloves,0.426547,350.00,151.26,362.16,165.70
632,25.280000,327,76,gloves,0.672651,370.76,191.60,384.79,214.93
633,25.320000,1,0,person,0.869310,294.21,65.84,375.79,290.72
633,25.320000,3,0,person,0.826268,371.04,90.25,438.90,295.90
633,25.320000,4,2,helmet,0.505950,383.89,90.20,414.60,118.08
633,25.320000,5,2,helmet,0.752396,316.42,66.30,348.28,91.66
633,25.320000,33,0,person,0.756016,252.76,84.43,307.81,314.27
633,25.320000,32,16,bottle,0.739948,75.00,305.67,93.05,359.25
633,25.320000,242,76,gloves,0.615721,424.92,191.75,438.75,215.38
633,25.320000,197,7,ladder,0.489013,219.62,169.35,336.85,308.87
633,25.320000,181,76,gloves,0.318052,349.97,151.06,362.33,165.83
633,25.320000,327,76,gloves,0.623143,371.39,191.36,384.29,212.88
634,25.360000,1,0,person,0.855698,294.24,65.91,375.61,290.81
634,25.360000,3,0,person,0.801352,371.32,90.54,438.93,295.83
634,25.360000,4,2,helmet,0.396810,384.20,90.53,414.32,118.12
634,25.360000,5,2,helmet,0.726146,316.36,66.46,346.89,90.85
634,25.360000,33,0,person,0.759316,252.72,84.40,307.62,314.23
634,25.360000,32,16,bottle,0.741970,74.94,305.63,92.99,359.20
634,25.360000,242,76,gloves,0.459314,424.58,190.24,439.09,215.31
634,25.360000,197,7,ladder,0.456868,219.20,168.10,337.24,308.85
634,25.360000,181,76,gloves,0.402450,349.90,151.02,362.32,165.98
635,25.400000,1,0,person,0.858624,294.38,65.98,375.58,290.84
635,25.400000,3,0,person,0.790187,370.92,90.74,438.19,295.74
635,25.400000,4,2,helmet,0.450492,384.51,90.75,413.75,117.70
635,25.400000,5,2,helmet,0.702744,315.94,66.52,346.39,90.97
635,25.400000,33,0,person,0.757796,252.75,84.34,307.52,314.20
635,25.400000,32,16,bottle,0.747680,74.95,305.62,93.04,359.19
635,25.400000,242,76,gloves,0.378683,424.21,187.46,439.00,213.38
635,25.400000,197,7,ladder,0.432433,217.55,163.25,338.97,308.99
635,25.400000,181,76,gloves,0.312125,349.92,150.94,362.41,166.09
636,25.440000,1,0,person,0.862386,294.24,65.94,375.24,290.83
636,25.440000,3,0,person,0.787604,370.97,90.49,437.97,295.77
636,25.440000,4,2,helmet,0.599861,385.98,90.49,412.36,114.55
636,25.440000,5,2,helmet,0.702850,315.42,66.53,346.65,91.83
636,25.440000,33,0,person,0.752396,252.74,84.27,307.43,314.27
636,25.440000,32,16,bottle,0.749563,74.86,305.65,92.97,359.21
636,25.440000,242,76,gloves,0.419257,423.60,185.78,438.68,212.71
636,25.440000,197,7,ladder,0.482619,217.15,161.57,339.30,309.02
636,25.440000,181,76,gloves,0.468454,349.67,150.54,362.30,166.00
637,25.480000,1,0,person,0.859871,294.22,65.82,375.07,290.84
637,25.480000,3,0,person,0.783038,370.95,90.10,437.76,295.71
637,25.480000,4,2,helmet,0.394773,387.79,90.10,410.61,110.27
637,25.480000,5,2,helmet,0.732044,314.99,66.45,346.29,92.03
637,25.480000,33,0,person,0.752877,252.71,84.28,307.33,314.25
637,25.480000,32,16,bottle,0.748705,74.83,305.65,92.96,359.22
637,25.480000,197,7,ladder,0.476073,217.04,160.50,339.41,309.03
637,25.480000,181,76,gloves,0.433816,349.54,150.28,362.23,165.96
638,25.520000,1,0,person,0.860384,294.28,65.76,374.98,290.86
638,25.520000,3,0,person,0.791947,371.91,89.89,438.27,295.84
638,25.520000,4,2,helmet,0.436489,389.06,90.06,410.46,108.46
638,25.520000,5,2,helmet,0.739812,314.89,66.42,346.12,92.15
638,25.520000,33,0,person,0.751635,252.72,84.28,307.29,314.25
638,25.520000,32,16,bottle,0.748788,74.82,305.66,92.96,359.22
638,25.520000,197,7,ladder,0.473456,217.26,160.36,339.19,309.06
638,25.520000,181,76,gloves,0.430350,349.49,150.40,362.08,166.09
638,25.520000,242,76,gloves,0.505595,422.87,185.08,437.77,212.39
639,25.560000,1,0,person,0.861466,294.29,65.71,374.82,290.89
639,25.560000,3,0,person,0.793009,372.27,89.42,438.21,295.89
639,25.560000,4,2,helmet,0.590678,390.33,89.60,410.59,106.41
639,25.560000,5,2,helmet,0.754401,314.95,66.41,346.00,92.18
639,25.560000,33,0,person,0.752988,252.76,84.25,307.29,314.23
639,25.560000,32,16,bottle,0.749184,74.78,305.60,92.92,359.16
639,25.560000,197,7,ladder,0.455051,217.62,160.88,338.62,309.06
639,25.560000,181,76,gloves,0.449208,349.17,150.51,362.25,167.01
640,25.600000,1,0,person,0.852568,295.25,66.05,375.17,290.63
640,25.600000,3,0,person,0.789485,367.11,89.20,433.85,295.43
640,25.600000,4,2,helmet,0.715449,389.82,89.51,412.95,108.36
640,25.600000,5,2,helmet,0.847019,314.00,66.55,346.24,93.70
640,25.600000,33,0,person,0.679774,253.67,81.38,309.22,314.10
640,25.600000,32,16,bottle,0.758266,74.16,305.10,92.61,359.71
640,25.600000,197,7,ladder,0.283950,218.67,163.90,336.33,307.98
640,25.600000,181,76,gloves,0.710908,342.67,151.57,360.22,173.06
640,25.600000,242,76,gloves,0.852820,418.35,186.62,432.37,211.96
641,25.640000,1,0,person,0.846012,295.38,66.12,374.96,290.50
641,25.640000,3,0,person,0.490646,364.12,89.04,431.80,295.07
641,25.640000,4,2,helmet,0.776615,389.68,89.43,414.77,109.54
641,25.640000,5,2,helmet,0.842801,313.95,66.62,346.04,93.97
641,25.640000,33,0,person,0.667929,253.61,81.17,309.49,314.12
641,25.640000,32,16,bottle,0.778161,73.81,304.75,92.38,359.92
641,25.640000,197,7,ladder,0.297072,218.90,164.95,335.48,307.73
641,25.640000,181,76,gloves,0.889349,338.93,151.93,357.92,174.03
641,25.640000,242,76,gloves,0.816789,415.78,188.41,429.57,212.90
642,25.680000,1,0,person,0.842269,295.50,66.13,374.84,290.48
642,25.680000,3,0,person,0.650162,354.12,89.44,424.88,295.22
642,25.680000,4,2,helmet,0.741137,389.98,89.61,415.12,109.34
642,25.680000,5,2,helmet,0.838653,314.02,66.75,345.80,94.13
642,25.680000,33,0,person,0.668854,253.39,81.24,309.48,314.11
642,25.680000,32,16,bottle,0.780992,73.74,304.92,92.22,360.00
642,25.680000,197,7,ladder,0.304299,219.16,165.83,335.07,307.78
642,25.680000,181,76,gloves,0.755622,336.23,156.02,353.55,174.88
642,25.680000,242,76,gloves,0.858888,413.44,189.44,428.36,215.30
643,25.720000,1,0,person,0.856668,295.39,66.20,374.64,290.87
643,25.720000,3,0,person,0.740097,355.91,89.49,427.99,295.39
643,25.720000,4,2,helmet,0.766874,390.38,89.88,415.39,109.08
643,25.720000,5,2,helmet,0.824768,314.57,66.82,345.28,93.47
643,25.720000,33,0,person,0.675682,252.83,81.76,308.88,314.21
643,25.720000,32,16,bottle,0.772454,73.64,304.69,92.16,360.00
643,25.720000,197,7,ladder,0.286836,219.19,165.90,334.92,307.60
643,25.720000,181,76,gloves,0.802706,333.75,158.75,350.59,176.08
643,25.720000,242,76,gloves,0.841023,411.22,190.84,426.70,217.49
644,25.760000,1,0,person,0.866811,295.47,66.22,374.57,291.03
644,25.760000,3,0,person,0.753204,348.96,89.00,424.37,295.51
644,25.760000,4,2,helmet,0.773891,390.49,89.55,416.78,109.49
644,25.760000,5,2,helmet,0.829088,314.82,66.80,345.11,93.27
644,25.760000,33,0,person,0.671249,252.91,81.66,309.13,314.14
644,25.760000,32,16,bottle,0.772854,73.63,304.60,92.12,360.00
644,25.760000,197,7,ladder,0.303916,219.33,166.34,334.74,307.58
644,25.760000,181,76,gloves,0.796813,332.05,160.09,349.89,177.81
644,25.760000,242,76,gloves,0.851271,410.30,191.51,426.14,218.73
645,25.800000,1,0,person,0.864863,295.21,66.03,374.18,290.69
645,25.800000,3,0,person,0.772570,345.14,89.31,423.35,295.23
645,25.800000,4,2,helmet,0.749501,391.05,89.86,416.94,109.11
645,25.800000,5,2,helmet,0.762423,315.43,66.66,345.11,92.75
645,25.800000,33,0,person,0.684769,252.83,82.99,308.86,314.19
645,25.800000,32,16,bottle,0.775704,73.63,304.61,92.07,360.00
645,25.800000,197,7,ladder,0.318938,219.48,166.94,334.59,307.72
645,25.800000,181,76,gloves,0.854474,330.90,161.28,350.41,180.28
645,25.800000,242,76,gloves,0.860382,410.61,191.83,426.80,219.53
646,25.840000,1,0,person,0.852193,294.88,65.89,373.78,290.46
646,25.840000,3,0,person,0.862191,343.99,89.60,425.15,295.48
646,25.840000,4,2,helmet,0.792516,391.12,89.61,418.00,109.32
646,25.840000,5,2,helmet,0.769623,315.71,66.60,345.05,92.54
646,25.840000,33,0,person,0.691803,252.22,83.19,308.13,314.12
646,25.840000,32,16,bottle,0.775057,73.65,304.60,92.03,360.00
646,25.840000,197,7,ladder,0.324119,219.31,166.58,334.75,307.73
646,25.840000,181,76,gloves,0.875203,330.89,162.10,351.10,181.50
646,25.840000,242,76,gloves,0.803839,411.76,192.48,427.59,219.36
646,25.840000,335,36,trash can,0.346322,398.61,260.68,444.27,359.24
647,25.880000,1,0,person,0.849356,294.55,65.70,373.49,290.40
647,25.880000,3,0,person,0.863539,343.11,89.57,427.10,295.52
647,25.880000,4,2,helmet,0.792126,391.21,89.47,418.74,109.47
647,25.880000,5,2,helmet,0.782326,316.02,66.47,345.21,92.39
647,25.880000,33,0,person,0.708893,251.88,83.39,307.66,314.13
647,25.880000,32,16,bottle,0.773589,73.67,304.60,92.01,360.00
647,25.880000,197,7,ladder,0.307368,219.48,167.09,334.56,307.70
647,25.880000,181,76,gloves,0.875699,330.84,162.38,351.50,181.96
647,25.880000,242,76,gloves,0.829172,413.78,193.01,429.25,219.10
647,25.880000,335,36,trash can,0.255939,398.53,260.83,444.09,359.18
648,25.920000,1,0,person,0.845837,294.64,65.57,373.54,290.34
648,25.920000,3,0,person,0.839036,342.44,89.51,428.93,295.45
648,25.920000,4,2,helmet,0.783873,391.49,89.42,419.18,109.32
648,25.920000,5,2,helmet,0.744533,316.79,66.36,345.01,91.39
648,25.920000,33,0,person,0.695483,251.89,82.67,307.85,314.15
648,25.920000,32,16,bottle,0.772891,73.64,304.59,91.93,360.00
648,25.920000,197,7,ladder,0.299543,219.76,167.96,334.33,307.77
648,25.920000,181,76,gloves,0.888088,330.86,161.83,352.06,181.79
648,25.920000,242,76,gloves,0.821788,415.31,193.63,430.84,219.69
649,25.960000,1,0,person,0.853725,294.87,65.62,373.66,290.37
649,25.960000,3,0,person,0.861410,341.71,89.25,430.70,295.35
649,25.960000,4,2,helmet,0.783191,391.81,89.21,419.75,109.11
649,25.960000,5,2,helmet,0.762500,317.79,66.44,345.29,90.80
649,25.960000,33,0,person,0.715156,251.80,82.74,307.73,314.24
649,25.960000,32,16,bottle,0.774802,73.63,304.60,91.86,360.00
649,25.960000,197,7,ladder,0.271663,220.71,170.71,333.40,307.67
649,25.960000,181,76,gloves,0.853712,331.01,161.41,352.23,181.23
649,25.960000,242,76,gloves,0.730369,417.44,194.08,433.19,220.12
649,25.960000,335,36,trash can,0.263325,398.48,261.27,443.87,359.27
650,26.000000,1,0,person,0.840645,295.33,65.70,373.92,290.36
650,26.000000,3,0,person,0.862198,341.10,89.37,432.16,295.27
650,26.000000,4,2,helmet,0.782873,392.68,89.35,420.65,109.10
650,26.000000,5,2,helmet,0.776031,318.38,66.49,345.24,90.19
650,26.000000,33,0,person,0.698397,251.97,82.28,308.07,314.29
650,26.000000,32,16,bottle,0.773888,73.64,304.60,91.82,360.00
650,26.000000,197,7,ladder,0.295795,221.04,172.13,333.09,307.80
650,26.000000,181,76,gloves,0.809166,331.54,160.87,352.87,180.55
650,26.000000,242,76,gloves,0.806462,419.14,194.17,434.99,220.32
651,26.040000,1,0,person,0.850823,295.50,65.41,374.14,290.78
651,26.040000,3,0,person,0.876398,340.81,88.98,434.16,295.44
651,26.040000,4,2,helmet,0.791639,393.96,88.97,422.24,108.76
651,26.040000,5,2,helmet,0.786573,319.11,66.23,345.80,89.72
651,26.040000,33,0,person,0.701538,251.77,82.27,307.80,314.20
651,26.040000,32,16,bottle,0.778423,73.64,304.65,91.75,360.00
651,26.040000,197,7,ladder,0.286371,221.53,173.94,332.55,307.70
651,26.040000,181,76,gloves,0.884549,332.19,160.59,353.99,180.45
651,26.040000,242,76,gloves,0.820261,421.00,195.39,436.41,220.67
652,26.080000,1,0,person,0.853042,295.65,65.47,374.16,290.98
652,26.080000,3,0,person,0.877728,340.12,88.74,435.45,295.49
652,26.080000,4,2,helmet,0.792856,394.88,88.69,423.59,108.69
652,26.080000,5,2,helmet,0.787828,319.52,66.28,346.08,89.60
652,26.080000,33,0,person,0.698092,252.10,82.15,308.27,314.25
652,26.080000,32,16,bottle,0.768980,73.66,304.62,91.73,360.00
652,26.080000,197,7,ladder,0.260793,221.75,174.97,332.38,307.59
652,26.080000,181,76,gloves,0.885868,332.27,160.23,354.58,180.34
652,26.080000,242,76,gloves,0.782836,422.45,195.50,437.96,220.83
653,26.120000,1,0,person,0.852007,295.79,65.38,374.19,291.05
653,26.120000,3,0,person,0.879610,339.40,88.59,436.44,295.49
653,26.120000,4,2,helmet,0.793360,395.97,88.51,424.85,108.52
653,26.120000,5,2,helmet,0.776213,320.21,66.28,346.03,88.83
653,26.120000,33,0,person,0.705723,252.18,83.39,308.21,314.23
653,26.120000,32,16,bottle,0.772952,73.63,304.63,91.63,359.97
653,26.120000,197,7,ladder,0.332227,219.84,171.03,334.06,308.04
653,26.120000,181,76,gloves,0.843971,332.43,160.14,354.69,180.01
653,26.120000,242,76,gloves,0.735058,423.94,197.52,438.69,221.34
654,26.160000,1,0,person,0.856151,296.08,65.57,374.21,290.86
654,26.160000,3,0,person,0.866565,339.39,88.61,437.77,295.44
654,26.160000,4,2,helmet,0.772828,397.19,88.47,426.82,108.97
654,26.160000,5,2,helmet,0.785040,320.46,66.56,346.02,88.72
654,26.160000,33,0,person,0.712753,252.01,83.38,308.14,314.23
654,26.160000,32,16,bottle,0.773169,73.64,304.64,91.59,359.95
654,26.160000,197,7,ladder,0.298695,220.41,172.91,333.45,308.08
654,26.160000,181,76,gloves,0.821434,333.55,159.87,355.92,179.60
654,26.160000,242,76,gloves,0.621548,424.64,198.03,439.27,221.68
655,26.200000,1,0,person,0.861555,296.35,65.73,374.36,291.01
655,26.200000,3,0,person,0.858876,339.38,88.73,438.84,295.46
655,26.200000,4,2,helmet,0.746286,398.21,88.41,428.84,109.58
655,26.200000,5,2,helmet,0.796497,321.07,66.75,346.02,88.18
655,26.200000,33,0,person,0.712746,251.83,83.26,308.16,314.17
655,26.200000,32,16,bottle,0.777688,73.58,304.62,91.50,359.98
655,26.200000,197,7,ladder,0.307304,220.39,173.45,333.36,308.15
655,26.200000,181,76,gloves,0.720981,334.03,160.29,355.79,179.35
655,26.200000,242,76,gloves,0.749492,425.65,197.68,440.83,222.12
656,26.240000,1,0,person,0.864099,296.36,65.95,374.18,290.78
656,26.240000,3,0,person,0.873564,339.32,88.74,439.73,295.50
656,26.240000,4,2,helmet,0.733087,399.42,88.38,430.20,109.68
656,26.240000,5,2,helmet,0.800185,321.37,67.07,346.04,88.08
656,26.240000,33,0,person,0.711914,251.64,83.25,308.10,314.13
656,26.240000,32,16,bottle,0.777059,73.58,304.62,91.45,359.98
656,26.240000,197,7,ladder,0.305482,220.40,173.95,333.30,308.17
656,26.240000,181,76,gloves,0.837436,335.16,159.77,357.69,179.36
656,26.240000,242,76,gloves,0.757325,426.12,197.68,441.39,222.24
657,26.280000,1,0,person,0.866340,296.33,66.31,374.04,290.72
657,26.280000,3,0,person,0.873731,339.16,88.62,440.42,295.50
657,26.280000,4,2,helmet,0.746961,400.45,88.35,431.91,110.20
657,26.280000,5,2,helmet,0.796598,321.68,67.50,345.96,87.96
657,26.280000,33,0,person,0.715327,251.24,83.66,307.72,314.12
657,26.280000,32,16,bottle,0.776804,73.56,304.66,91.38,360.00
657,26.280000,197,7,ladder,0.302453,219.95,172.94,333.89,308.27
657,26.280000,181,76,gloves,0.814186,335.94,159.57,358.75,179.25
657,26.280000,242,76,gloves,0.762280,426.17,197.33,441.68,222.27
658,26.320000,1,0,person,0.866933,296.50,66.44,374.16,290.71
658,26.320000,3,0,person,0.867150,338.93,88.28,441.01,295.52
658,26.320000,4,2,helmet,0.751597,400.92,88.05,433.23,110.68
658,26.320000,5,2,helmet,0.796309,321.70,67.64,346.00,87.92
658,26.320000,33,0,person,0.721389,250.45,83.28,306.99,314.05
658,26.320000,32,16,bottle,0.777717,73.56,304.67,91.35,360.00
658,26.320000,197,7,ladder,0.306102,221.26,176.26,333.00,308.44
658,26.320000,181,76,gloves,0.711501,336.38,159.41,359.58,179.29
658,26.320000,242,76,gloves,0.740781,426.19,197.04,441.88,222.27
659,26.360000,1,0,person,0.865440,296.57,66.66,374.21,290.70
659,26.360000,3,0,person,0.866635,339.35,88.35,441.84,295.52
659,26.360000,4,2,helmet,0.784819,401.83,88.12,434.67,111.28
659,26.360000,5,2,helmet,0.771408,321.98,67.85,346.06,87.69
659,26.360000,33,0,person,0.718004,250.42,83.62,306.96,314.18
659,26.360000,32,16,bottle,0.778211,73.56,304.83,91.27,360.00
659,26.360000,197,7,ladder,0.368703,218.88,170.94,334.93,308.58
659,26.360000,181,76,gloves,0.793079,337.26,158.98,360.82,179.11
659,26.360000,242,76,gloves,0.663903,425.98,197.15,441.75,222.54
660,26.400000,1,0,person,0.865696,296.60,66.79,374.24,290.72
660,26.400000,3,0,person,0.864822,339.52,88.42,442.33,295.53
660,26.400000,4,2,helmet,0.754132,402.94,88.18,434.82,110.76
660,26.400000,5,2,helmet,0.783737,321.93,67.98,346.02,87.61
660,26.400000,33,0,person,0.718412,250.42,83.77,306.99,314.19
660,26.400000,32,16,bottle,0.778447,73.56,304.88,91.24,360.00
660,26.400000,197,7,ladder,0.363688,218.02,168.81,335.61,308.64
660,26.400000,181,76,gloves,0.794534,337.77,158.88,361.33,178.97
660,26.400000,242,76,gloves,0.672009,425.51,196.95,441.50,222.54
661,26.440000,1,0,person,0.863764,296.89,67.11,374.55,290.94
661,26.440000,3,0,person,0.814888,340.81,88.04,443.45,295.01
661,26.440000,4,2,helmet,0.789188,403.91,88.31,436.46,111.41
661,26.440000,5,2,helmet,0.794824,322.15,68.05,346.29,87.54
661,26.440000,33,0,person,0.720922,250.16,83.88,306.69,314.26
661,26.440000,32,16,bottle,0.780573,73.59,304.94,91.22,360.00
661,26.440000,197,7,ladder,0.368056,217.67,167.80,335.83,308.67
661,26.440000,181,76,gloves,0.514241,338.08,158.12,362.20,178.71
661,26.440000,242,76,gloves,0.751992,423.82,193.52,441.91,222.75
662,26.480000,1,0,person,0.862054,297.08,67.01,374.79,290.78
662,26.480000,3,0,person,0.783826,341.28,87.71,443.89,294.78
662,26.480000,4,2,helmet,0.752797,405.09,88.20,436.65,110.61
662,26.480000,5,2,helmet,0.795432,322.21,67.94,346.78,87.59
662,26.480000,33,0,person,0.718695,250.06,84.02,306.55,314.32
662,26.480000,32,16,bottle,0.779168,73.61,304.95,91.22,360.00
662,26.480000,197,7,ladder,0.387069,218.05,168.63,335.43,308.69
662,26.480000,181,76,gloves,0.537354,339.14,158.25,362.16,177.73
662,26.480000,242,76,gloves,0.784324,422.94,192.21,442.08,223.33
663,26.520000,1,0,person,0.862809,297.13,67.12,374.94,291.04
663,26.520000,3,0,person,0.768233,347.19,87.52,448.41,294.95
663,26.520000,4,2,helmet,0.786756,405.49,88.19,437.64,111.08
663,26.520000,5,2,helmet,0.794767,322.16,67.89,347.02,87.62
663,26.520000,33,0,person,0.725257,250.01,84.08,306.49,314.36
663,26.520000,32,16,bottle,0.786279,73.62,304.95,91.20,360.00
663,26.520000,197,7,ladder,0.390549,217.88,167.86,335.66,308.68
663,26.520000,181,76,gloves,0.630849,338.39,156.86,363.35,178.07
663,26.520000,242,76,gloves,0.744952,422.37,191.78,441.90,223.60
664,26.560000,1,0,person,0.862841,296.99,67.00,374.88,290.92
664,26.560000,3,0,person,0.764782,349.06,87.47,448.87,294.45
664,26.560000,4,2,helmet,0.783665,406.14,88.17,438.24,111.17
664,26.560000,5,2,helmet,0.784132,322.37,67.89,347.22,87.47
664,26.560000,33,0,person,0.726534,249.99,84.09,306.45,314.36
664,26.560000,32,16,bottle,0.783231,73.62,304.95,91.20,360.00
664,26.560000,197,7,ladder,0.344796,218.67,169.65,334.94,308.61
664,26.560000,181,76,gloves,0.545602,338.77,155.59,363.75,176.88
664,26.560000,242,76,gloves,0.750908,421.94,191.74,441.48,223.69
665,26.600000,1,0,person,0.867159,297.05,67.03,374.98,290.86
665,26.600000,3,0,person,0.793647,350.99,87.77,449.23,294.21
665,26.600000,4,2,helmet,0.768968,407.42,88.38,438.29,110.45
665,26.600000,5,2,helmet,0.779937,322.53,67.98,347.43,87.43
665,26.600000,33,0,person,0.731363,249.84,84.02,306.31,314.34
665,26.600000,32,16,bottle,0.781127,73.61,305.15,91.10,359.99
665,26.600000,197,7,ladder,0.322970,220.47,174.74,333.05,308.58
665,26.600000,181,76,gloves,0.557753,343.12,154.47,365.87,174.28
665,26.600000,242,76,gloves,0.666119,422.09,194.78,439.96,223.93
666,26.640000,1,0,person,0.872289,297.04,67.04,375.05,290.84
666,26.640000,3,0,person,0.782194,348.46,87.94,446.27,293.92
666,26.640000,4,2,helmet,0.768412,407.77,88.44,438.28,110.26
666,26.640000,5,2,helmet,0.765640,322.99,68.02,347.36,86.85
666,26.640000,33,0,person,0.733038,249.62,84.05,306.02,314.33
666,26.640000,32,16,bottle,0.780915,73.58,305.05,91.09,359.99
666,26.640000,197,7,ladder,0.310740,221.33,177.57,332.14,308.56
666,26.640000,181,76,gloves,0.464692,345.24,154.31,366.75,173.32
666,26.640000,242,76,gloves,0.784030,422.09,196.69,438.99,224.17
667,26.680000,1,0,person,0.871583,297.13,66.97,375.20,290.82
667,26.680000,3,0,person,0.813888,347.80,88.17,445.22,293.80
667,26.680000,4,2,helmet,0.780990,408.46,88.59,439.09,110.57
667,26.680000,5,2,helmet,0.749152,323.57,67.91,347.41,86.09
667,26.680000,33,0,person,0.736248,249.45,83.97,305.81,314.28
667,26.680000,32,16,bottle,0.780792,73.48,304.99,90.97,360.00
667,26.680000,197,7,ladder,0.327334,221.97,179.95,331.53,308.57
667,26.680000,181,76,gloves,0.677845,346.12,154.04,366.99,172.69
667,26.680000,242,76,gloves,0.810693,422.09,197.39,438.72,224.35
668,26.720000,1,0,person,0.873268,297.08,66.97,375.22,290.81
668,26.720000,3,0,person,0.813608,347.59,88.13,444.78,293.77
668,26.720000,4,2,helmet,0.781309,408.68,88.56,439.36,110.64
668,26.720000,5,2,helmet,0.742254,323.86,67.88,347.68,85.81
668,26.720000,33,0,person,0.737684,249.40,83.97,305.72,314.30
668,26.720000,32,16,bottle,0.781150,73.45,304.97,90.91,360.00
668,26.720000,197,7,ladder,0.323353,222.10,181.08,331.40,308.57
668,26.720000,181,76,gloves,0.674774,346.46,153.93,367.00,172.49
668,26.720000,242,76,gloves,0.807455,422.08,197.60,438.65,224.41
669,26.760000,1,0,person,0.872402,297.00,67.03,375.16,290.78
669,26.760000,3,0,person,0.797684,347.80,88.17,444.69,293.76
669,26.760000,4,2,helmet,0.786850,409.10,88.59,439.82,110.73
669,26.760000,5,2,helmet,0.729970,324.29,67.98,347.89,85.52
669,26.760000,33,0,person,0.737482,249.62,84.01,305.98,314.30
669,26.760000,32,16,bottle,0.780275,73.42,305.19,90.79,359.99
669,26.760000,197,7,ladder,0.322462,220.31,177.18,333.11,308.62
669,26.760000,181,76,gloves,0.573935,346.80,154.38,366.94,172.71
669,26.760000,242,76,gloves,0.809945,422.06,197.63,438.65,224.40
670,26.800000,1,0,person,0.871345,296.90,67.05,375.07,290.79
670,26.800000,3,0,person,0.815232,347.54,88.20,444.26,293.77
670,26.800000,4,2,helmet,0.780162,409.35,88.62,439.97,110.71
670,26.800000,5,2,helmet,0.729454,324.37,68.01,348.01,85.40
670,26.800000,33,0,person,0.737681,249.64,84.02,306.01,314.26
670,26.800000,32,16,bottle,0.778450,73.41,305.22,90.74,359.99
670,26.800000,197,7,ladder,0.322071,219.26,174.65,334.20,308.64
670,26.800000,181,76,gloves,0.597851,347.06,154.50,367.02,172.72
670,26.800000,242,76,gloves,0.792876,422.39,198.22,438.80,224.62
671,26.840000,1,0,person,0.871573,296.80,67.29,374.99,290.93
671,26.840000,3,0,person,0.798207,346.67,88.22,443.35,293.62
671,26.840000,4,2,helmet,0.774351,409.87,88.63,440.08,110.44
671,26.840000,5,2,helmet,0.731456,324.34,68.09,348.35,85.59
671,26.840000,33,0,person,0.741678,249.67,83.98,306.13,314.25
671,26.840000,32,16,bottle,0.785081,73.40,305.26,90.71,359.96
671,26.840000,197,7,ladder,0.303718,218.60,173.04,334.79,308.59
671,26.840000,181,76,gloves,0.638330,344.10,154.60,366.19,174.59
671,26.840000,242,76,gloves,0.786973,422.49,197.20,439.59,224.76
672,26.880000,1,0,person,0.871499,296.70,67.37,374.94,291.00
672,26.880000,3,0,person,0.802179,346.35,88.23,443.04,293.61
672,26.880000,4,2,helmet,0.775966,409.96,88.62,440.21,110.49
672,26.880000,5,2,helmet,0.731193,324.26,68.12,348.53,85.66
672,26.880000,33,0,person,0.740351,249.80,84.02,306.36,314.26
672,26.880000,32,16,bottle,0.778747,73.38,305.29,90.65,359.95
672,26.880000,197,7,ladder,0.308696,218.26,172.14,335.10,308.60
672,26.880000,181,76,gloves,0.636544,342.96,154.63,365.95,175.26
672,26.880000,242,76,gloves,0.819926,422.85,197.74,439.71,224.89
673,26.920000,1,0,person,0.869221,296.72,67.35,375.01,291.03
673,26.920000,3,0,person,0.805758,347.18,88.03,443.77,293.65
673,26.920000,4,2,helmet,0.792674,410.15,88.43,440.98,110.77
673,26.920000,5,2,helmet,0.718946,324.48,68.09,348.77,85.50
673,26.920000,33,0,person,0.735990,249.46,84.06,306.04,314.15
673,26.920000,32,16,bottle,0.769964,73.37,305.28,90.62,359.93
673,26.920000,197,7,ladder,0.387304,217.14,169.16,336.16,308.74
673,26.920000,181,76,gloves,0.558289,342.50,154.50,365.96,175.38
673,26.920000,242,76,gloves,0.810937,423.19,198.05,439.95,225.15
674,26.960000,1,0,person,0.869641,296.72,67.34,375.04,291.03
674,26.960000,3,0,person,0.808243,347.61,87.95,444.05,293.66
674,26.960000,4,2,helmet,0.791736,410.24,88.36,441.25,110.87
674,26.960000,5,2,helmet,0.718801,324.49,68.06,348.91,85.43
674,26.960000,33,0,person,0.741590,248.96,84.05,305.47,314.12
674,26.960000,32,16,bottle,0.776488,73.32,305.30,90.55,359.93
674,26.960000,197,7,ladder,0.380896,217.75,170.06,335.80,308.78
674,26.960000,181,76,gloves,0.551418,342.26,154.44,365.99,175.42
674,26.960000,242,76,gloves,0.813282,423.33,197.94,440.26,225.61
674,26.960000,360,7,ladder,0.329251,151.93,84.13,212.29,339.93
675,27.000000,1,0,person,0.868743,296.74,67.33,375.08,291.00
675,27.000000,3,0,person,0.799464,347.75,87.88,444.04,293.71
675,27.000000,4,2,helmet,0.785742,410.59,88.31,440.90,110.31
675,27.000000,5,2,helmet,0.718545,324.43,68.05,349.02,85.41
675,27.000000,33,0,person,0.741115,248.91,83.90,305.46,314.15
675,27.000000,32,16,bottle,0.768760,73.31,305.28,90.53,359.93
675,27.000000,197,7,ladder,0.385349,218.45,171.65,335.14,308.86
675,27.000000,181,76,gloves,0.560175,342.14,154.45,366.04,175.44
675,27.000000,242,76,gloves,0.836499,423.76,198.16,440.59,225.92
675,27.000000,360,7,ladder,0.316983,151.93,84.14,212.28,339.91
676,27.040000,1,0,person,0.868540,296.73,67.31,375.09,290.99
676,27.040000,3,0,person,0.797638,347.83,87.74,444.01,293.74
676,27.040000,4,2,helmet,0.791999,410.73,88.18,440.92,110.13
676,27.040000,5,2,helmet,0.719045,324.35,68.05,349.10,85.41
676,27.040000,33,0,person,0.739535,248.96,83.87,305.54,314.19
676,27.040000,32,16,bottle,0.769466,73.30,305.27,90.51,359.93
676,27.040000,197,7,ladder,0.394805,218.25,171.01,335.31,308.88
676,27.040000,181,76,gloves,0.559082,342.05,154.45,366.09,175.44
676,27.040000,242,76,gloves,0.829063,424.16,198.29,440.78,225.95
676,27.040000,360,7,ladder,0.328608,152.00,84.38,212.31,339.94
677,27.080000,1,0,person,0.869606,296.26,67.13,374.64,290.77
677,27.080000,3,0,person,0.797979,346.95,87.75,443.30,294.02
677,27.080000,4,2,helmet,0.806930,410.37,88.15,441.91,111.28
677,27.080000,5,2,helmet,0.719289,324.33,68.03,349.03,85.23
677,27.080000,33,0,person,0.739211,248.79,83.78,305.34,314.18
677,27.080000,32,16,bottle,0.771639,73.28,305.27,90.48,359.93
677,27.080000,197,7,ladder,0.355604,218.78,172.34,334.72,308.88
677,27.080000,181,76,gloves,0.705193,342.12,154.62,366.08,175.41
677,27.080000,242,76,gloves,0.845701,424.12,197.83,440.97,226.22
677,27.080000,360,7,ladder,0.349370,151.81,84.17,212.14,339.81
678,27.120000,1,0,person,0.872222,296.26,67.06,374.73,290.68
678,27.120000,3,0,person,0.783556,348.68,87.64,444.75,294.39
678,27.120000,4,2,helmet,0.774085,411.08,88.24,441.64,110.70
678,27.120000,5,2,helmet,0.720916,324.26,68.02,349.05,85.16
678,27.120000,33,0,person,0.724967,248.36,83.22,304.64,313.16
678,27.120000,32,16,bottle,0.766591,73.26,305.27,90.45,359.90
678,27.120000,197,7,ladder,0.314911,218.11,170.55,335.28,308.81
678,27.120000,181,76,gloves,0.662363,342.59,154.98,366.31,175.53
678,27.120000,242,76,gloves,0.841428,424.25,197.68,441.06,226.40
678,27.120000,360,7,ladder,0.369537,151.65,84.06,211.98,339.76
679,27.160000,1,0,person,0.873014,296.29,67.04,374.82,290.60
679,27.160000,3,0,person,0.817259,353.41,87.65,448.05,294.56
679,27.160000,4,2,helmet,0.768715,411.60,88.30,441.64,110.42
679,27.160000,5,2,helmet,0.720939,324.19,68.02,349.10,85.13
679,27.160000,33,0,person,0.717982,248.18,83.03,304.24,312.78
679,27.160000,32,16,bottle,0.768130,73.26,305.32,90.43,359.90
679,27.160000,197,7,ladder,0.333640,217.93,169.89,335.47,308.85
679,27.160000,181,76,gloves,0.573998,344.50,154.18,367.77,174.76
679,27.160000,242,76,gloves,0.855487,424.17,197.02,441.16,226.49
679,27.160000,360,7,ladder,0.372709,151.67,84.30,211.94,339.78
679,27.160000,362,27,glasses,0.321943,412.87,104.12,432.03,112.22
680,27.200000,1,0,person,0.872671,296.31,67.03,374.92,290.59
680,27.200000,3,0,person,0.800788,354.01,87.63,447.73,294.65
680,27.200000,4,2,helmet,0.769156,411.82,88.32,441.55,110.25
680,27.200000,5,2,helmet,0.721326,324.11,68.01,349.15,85.12
680,27.200000,33,0,person,0.724305,248.07,82.83,303.98,312.66
680,27.200000,32,16,bottle,0.767137,73.26,305.30,90.44,359.90
680,27.200000,197,7,ladder,0.315568,217.43,167.95,336.04,308.54
680,27.200000,181,76,gloves,0.577881,345.62,154.16,368.13,174.39
680,27.200000,242,76,gloves,0.855736,424.21,196.77,441.12,226.52
680,27.200000,360,7,ladder,0.373358,151.68,84.39,211.93,339.79
680,27.200000,362,27,glasses,0.321103,412.94,104.13,432.05,112.20
681,27.240000,1,0,person,0.871607,296.27,67.03,374.95,290.63
681,27.240000,3,0,person,0.809618,355.82,87.65,448.36,294.73
681,27.240000,4,2,helmet,0.769123,411.75,88.32,441.76,110.56
681,27.240000,5,2,helmet,0.729591,324.15,68.03,349.34,85.18
681,27.240000,33,0,person,0.731540,248.40,82.80,304.34,312.57
681,27.240000,32,16,bottle,0.769288,73.21,305.27,90.40,359.88
681,27.240000,197,7,ladder,0.288827,217.24,167.35,336.09,308.65
681,27.240000,181,76,gloves,0.693002,345.62,153.92,368.87,175.27
681,27.240000,242,76,gloves,0.828985,424.35,197.59,440.65,226.58
681,27.240000,360,7,ladder,0.356867,151.70,84.43,211.94,339.79
681,27.240000,362,27,glasses,0.323103,412.81,104.15,432.11,112.31
682,27.280000,1,0,person,0.868767,296.18,67.02,374.93,290.66
682,27.280000,3,0,person,0.792391,356.94,87.66,448.37,294.75
682,27.280000,4,2,helmet,0.770381,411.67,88.32,441.70,110.68
682,27.280000,5,2,helmet,0.730940,324.03,68.03,349.49,85.34
682,27.280000,33,0,person,0.735823,248.38,82.57,304.39,312.60
682,27.280000,32,16,bottle,0.770241,73.19,305.21,90.39,359.87
682,27.280000,197,7,ladder,0.271389,217.37,167.38,335.91,308.64
682,27.280000,181,76,gloves,0.709312,345.63,153.71,369.47,176.08
682,27.280000,242,76,gloves,0.815639,424.34,197.97,440.25,226.62
682,27.280000,360,7,ladder,0.366800,151.68,84.44,211.93,339.82
682,27.280000,362,27,glasses,0.329518,412.87,104.17,432.20,112.34
683,27.320000,1,0,person,0.866529,296.20,67.03,374.99,290.66
683,27.320000,3,0,person,0.812845,354.06,87.60,445.38,294.76
683,27.320000,4,2,helmet,0.760740,411.69,88.30,441.71,110.76
683,27.320000,5,2,helmet,0.731080,323.99,68.04,349.56,85.38
683,27.320000,33,0,person,0.739132,248.25,82.46,304.29,312.65
683,27.320000,32,16,bottle,0.760293,73.13,305.21,90.32,359.82
683,27.320000,197,7,ladder,0.279241,217.42,167.20,335.81,308.62
683,27.320000,181,76,gloves,0.653447,345.50,153.64,369.79,176.89
683,27.320000,242,76,gloves,0.815149,424.29,198.06,440.01,226.68
683,27.320000,360,7,ladder,0.365769,151.59,84.20,211.88,339.82
683,27.320000,362,27,glasses,0.367305,412.92,104.22,432.20,112.37
684,27.360000,1,0,person,0.867551,296.20,67.03,375.03,290.65
684,27.360000,3,0,person,0.812033,352.95,87.59,444.17,294.78
684,27.360000,4,2,helmet,0.782388,411.39,88.28,441.85,111.26
684,27.360000,5,2,helmet,0.731044,323.96,68.03,349.59,85.40
684,27.360000,33,0,person,0.740360,248.21,82.44,304.26,312.67
684,27.360000,32,16,bottle,0.759884,73.11,305.21,90.29,359.81
684,27.360000,197,7,ladder,0.272754,217.55,167.21,335.66,308.61
684,27.360000,181,76,gloves,0.654759,345.54,153.63,369.85,177.31
684,27.360000,242,76,gloves,0.816086,424.32,198.10,439.86,226.69
684,27.360000,360,7,ladder,0.374670,151.54,84.10,211.86,339.84
684,27.360000,362,27,glasses,0.364789,412.95,104.27,432.16,112.38
685,27.400000,1,0,person,0.866703,296.13,67.06,374.97,290.49
685,27.400000,3,0,person,0.807883,353.12,87.33,444.19,294.64
685,27.400000,4,2,helmet,0.756135,411.68,88.29,441.51,110.86
685,27.400000,5,2,helmet,0.728723,323.89,68.04,349.60,85.44
685,27.400000,33,0,person,0.722848,248.35,82.51,304.51,312.75
685,27.400000,32,16,bottle,0.744960,72.92,305.36,90.05,359.84
685,27.400000,197,7,ladder,0.333538,217.39,166.71,335.65,308.57
685,27.400000,181,76,gloves,0.638190,345.69,153.55,369.77,177.40
685,27.400000,242,76,gloves,0.795642,424.32,198.27,439.57,226.57
685,27.400000,360,7,ladder,0.387720,151.12,83.89,211.53,339.85
685,27.400000,362,27,glasses,0.314245,413.02,104.03,432.27,112.16
686,27.440000,1,0,person,0.862861,296.21,67.07,375.08,290.40
686,27.440000,3,0,person,0.783357,356.13,87.63,446.04,294.39
686,27.440000,4,2,helmet,0.767275,411.32,88.22,441.72,111.42
686,27.440000,5,2,helmet,0.730892,323.84,68.04,349.63,85.47
686,27.440000,33,0,person,0.699767,248.30,82.72,304.46,312.79
686,27.440000,32,16,bottle,0.752939,72.81,305.43,89.93,359.86
686,27.440000,197,7,ladder,0.364057,217.42,166.49,335.60,308.54
686,27.440000,181,76,gloves,0.564867,345.78,153.47,370.12,177.91
686,27.440000,242,76,gloves,0.801308,424.35,198.33,439.42,226.52
686,27.440000,360,7,ladder,0.402108,151.11,83.94,211.53,339.87
686,27.440000,362,27,glasses,0.303983,412.99,103.87,432.26,112.00
687,27.480000,1,0,person,0.865137,296.25,67.04,375.20,290.38
687,27.480000,3,0,person,0.804705,357.81,86.59,447.19,294.63
687,27.480000,4,2,helmet,0.749825,411.49,87.83,441.40,110.78
687,27.480000,5,2,helmet,0.731567,323.82,68.04,349.63,85.46
687,27.480000,33,0,person,0.706751,249.10,82.77,305.73,313.50
687,27.480000,32,16,bottle,0.752471,72.77,305.45,89.88,359.87
687,27.480000,197,7,ladder,0.338607,217.35,166.17,335.55,308.52
687,27.480000,181,76,gloves,0.573679,343.94,153.73,369.75,179.75
687,27.480000,242,76,gloves,0.758700,424.24,198.36,439.14,226.48
687,27.480000,360,7,ladder,0.391842,150.94,83.87,211.39,339.80
687,27.480000,362,27,glasses,0.324433,413.07,103.89,432.35,112.02
688,27.520000,1,0,person,0.859870,296.16,67.03,375.18,290.35
688,27.520000,3,0,person,0.801760,359.24,86.15,447.71,294.71
688,27.520000,4,2,helmet,0.748104,411.71,87.64,440.92,110.13
688,27.520000,5,2,helmet,0.730426,323.80,68.04,349.64,85.47
688,27.520000,33,0,person,0.700658,249.22,82.68,306.18,313.79
688,27.520000,32,16,bottle,0.742071,72.74,305.43,89.85,359.86
688,27.520000,197,7,ladder,0.345319,217.38,166.00,335.52,308.53
688,27.520000,181,76,gloves,0.355152,345.08,157.12,368.69,180.52
688,27.520000,242,76,gloves,0.758592,424.23,198.35,439.00,226.45
688,27.520000,360,7,ladder,0.390861,150.83,83.85,211.31,339.78
688,27.520000,362,27,glasses,0.321271,413.14,103.87,432.40,111.98
689,27.560000,1,0,person,0.853395,296.12,66.75,375.25,290.30
689,27.560000,3,0,person,0.840889,361.55,85.96,448.72,294.96
689,27.560000,4,2,helmet,0.725010,411.69,87.73,440.46,109.90
689,27.560000,5,2,helmet,0.786573,323.63,67.80,350.13,85.69
689,27.560000,33,0,person,0.711384,249.31,83.18,306.30,313.08
689,27.560000,32,16,bottle,0.750661,72.69,305.17,89.87,359.83
689,27.560000,197,7,ladder,0.412121,217.45,166.13,335.32,308.53
689,27.560000,242,76,gloves,0.801366,424.27,199.08,438.63,226.59
689,27.560000,360,7,ladder,0.433323,150.64,83.68,211.22,339.89
689,27.560000,362,27,glasses,0.358415,413.20,104.13,431.99,112.04
689,27.560000,365,76,gloves,0.413933,348.55,152.86,363.62,165.26
690,27.600000,1,0,person,0.856461,296.22,66.66,375.36,290.29
690,27.600000,3,0,person,0.841384,363.11,85.89,448.93,294.99
690,27.600000,4,2,helmet,0.730270,411.72,87.76,440.24,109.76
690,27.600000,5,2,helmet,0.786304,323.58,67.71,350.30,85.78
690,27.600000,33,0,person,0.715344,249.29,83.10,306.53,312.89
690,27.600000,32,16,bottle,0.738881,72.60,305.08,89.80,359.80
690,27.600000,197,7,ladder,0.421631,217.45,166.11,335.19,308.53
690,27.600000,242,76,gloves,0.812614,424.30,199.38,438.46,226.65
690,27.600000,360,7,ladder,0.428627,150.57,83.63,211.20,339.93
690,27.600000,362,27,glasses,0.362046,413.23,104.22,431.90,112.07
690,27.600000,365,76,gloves,0.520076,347.77,152.79,365.57,167.45
691,27.640000,1,0,person,0.859452,296.13,66.63,375.25,290.15
691,27.640000,3,0,person,0.811381,366.38,85.92,450.38,295.09
691,27.640000,4,2,helmet,0.736838,411.49,87.83,440.17,110.02
691,27.640000,5,2,helmet,0.785042,323.46,67.68,350.27,85.80
691,27.640000,33,0,person,0.695483,249.61,82.74,307.45,313.64
691,27.640000,32,16,bottle,0.736056,72.56,305.04,89.77,359.78
691,27.640000,197,7,ladder,0.408185,217.45,166.09,335.08,308.53
691,27.640000,242,76,gloves,0.805289,424.33,199.48,438.37,226.69
691,27.640000,360,7,ladder,0.438557,150.50,83.58,211.17,339.93
691,27.640000,362,27,glasses,0.353695,413.09,104.00,431.87,111.90
691,27.640000,365,76,gloves,0.438370,347.38,152.77,363.59,166.15
692,27.680000,1,0,person,0.861410,296.08,66.61,375.22,290.08
692,27.680000,3,0,person,0.825248,368.00,85.96,450.24,295.00
692,27.680000,4,2,helmet,0.739712,411.45,87.81,440.07,110.02
692,27.680000,5,2,helmet,0.785158,323.42,67.67,350.26,85.81
692,27.680000,33,0,person,0.695959,249.60,82.62,307.86,313.96
692,27.680000,32,16,bottle,0.737516,72.55,305.03,89.77,359.77
692,27.680000,197,7,ladder,0.407788,217.45,166.00,335.07,308.59
692,27.680000,242,76,gloves,0.783499,424.40,199.61,438.35,226.82
692,27.680000,360,7,ladder,0.439633,150.41,83.60,211.13,339.96
692,27.680000,362,27,glasses,0.355202,413.06,103.93,431.86,111.86
692,27.680000,365,76,gloves,0.452347,347.31,152.77,362.72,165.53
693,27.720000,1,0,person,0.865581,295.57,66.58,374.81,290.06
693,27.720000,3,0,person,0.753594,369.42,86.02,449.98,294.99
693,27.720000,4,2,helmet,0.743824,411.46,87.83,439.99,110.04
693,27.720000,5,2,helmet,0.783691,323.38,67.66,350.25,85.82
693,27.720000,33,0,person,0.680393,249.17,82.63,307.57,313.96
693,27.720000,32,16,bottle,0.747198,72.54,304.98,89.78,359.79
693,27.720000,197,7,ladder,0.374350,217.62,166.42,334.84,308.62
693,27.720000,242,76,gloves,0.745124,424.74,200.11,438.33,226.82
693,27.720000,360,7,ladder,0.437575,150.35,83.60,211.10,339.99
693,27.720000,362,27,glasses,0.348751,413.06,103.89,431.89,111.83
693,27.720000,365,76,gloves,0.471689,347.09,152.68,362.33,165.37
694,27.760000,1,0,person,0.864012,295.38,66.57,374.74,290.24
694,27.760000,3,0,person,0.714225,370.74,86.37,449.54,294.84
694,27.760000,4,2,helmet,0.737633,411.62,87.84,439.47,109.49
694,27.760000,5,2,helmet,0.782838,323.36,67.67,350.11,85.73
694,27.760000,33,0,person,0.701603,248.49,83.20,306.59,313.21
694,27.760000,32,16,bottle,0.745823,72.53,304.97,89.78,359.80
694,27.760000,197,7,ladder,0.376022,217.80,166.81,334.66,308.65
694,27.760000,242,76,gloves,0.732609,424.77,200.30,438.26,227.08
694,27.760000,360,7,ladder,0.423827,150.25,83.58,211.05,340.03
694,27.760000,362,27,glasses,0.331580,412.95,103.87,431.73,111.79
694,27.760000,365,76,gloves,0.461646,347.05,152.65,362.17,165.31
695,27.800000,1,0,person,0.864949,295.24,66.57,374.64,290.28
695,27.800000,3,0,person,0.719090,373.52,86.31,450.27,294.41
695,27.800000,4,2,helmet,0.742138,411.56,87.82,439.41,109.53
695,27.800000,5,2,helmet,0.771244,323.35,67.66,349.89,85.54
695,27.800000,33,0,person,0.711204,247.84,83.18,305.80,312.93
695,27.800000,32,16,bottle,0.748859,72.53,304.96,89.79,359.80
695,27.800000,197,7,ladder,0.383891,217.98,167.35,334.43,308.71
695,27.800000,242,76,gloves,0.617053,424.89,200.46,438.17,227.15
695,27.800000,360,7,ladder,0.412843,150.14,83.58,210.98,339.99
695,27.800000,362,27,glasses,0.340891,412.97,103.77,431.88,111.76
695,27.800000,365,76,gloves,0.434601,346.88,152.59,361.97,165.32
696,27.840000,1,0,person,0.863749,295.21,66.56,374.63,290.30
696,27.840000,3,0,person,0.694808,373.92,86.32,449.08,294.39
696,27.840000,4,2,helmet,0.731062,411.52,87.80,439.05,109.26
696,27.840000,5,2,helmet,0.772158,323.34,67.65,349.81,85.45
696,27.840000,33,0,person,0.715400,247.70,83.27,305.58,312.84
696,27.840000,32,16,bottle,0.747742,72.53,304.96,89.79,359.81
696,27.840000,197,7,ladder,0.391878,218.39,167.84,334.33,308.51
696,27.840000,242,76,gloves,0.560050,424.92,200.51,438.02,227.14
696,27.840000,360,7,ladder,0.421865,150.07,83.58,210.96,340.02
696,27.840000,362,27,glasses,0.346503,412.84,103.71,431.81,111.73
696,27.840000,365,76,gloves,0.441547,346.87,152.57,361.86,165.32
697,27.880000,1,0,person,0.865574,295.01,66.57,374.48,290.35
697,27.880000,3,0,person,0.738517,373.54,86.35,447.47,294.45
697,27.880000,4,2,helmet,0.744803,411.41,87.84,438.88,109.28
697,27.880000,5,2,helmet,0.773672,323.24,67.65,349.81,85.51
697,27.880000,33,0,person,0.731472,247.63,83.40,305.49,312.82
697,27.880000,32,16,bottle,0.744304,72.46,304.96,89.74,359.80
697,27.880000,197,7,ladder,0.373720,218.61,168.47,334.05,308.40
697,27.880000,242,76,gloves,0.594026,424.95,200.51,437.94,227.20
697,27.880000,360,7,ladder,0.459847,150.05,83.63,210.97,340.07
697,27.880000,362,27,glasses,0.356437,412.86,103.75,431.75,111.73
697,27.880000,365,76,gloves,0.449676,346.96,152.59,361.99,165.43
698,27.920000,1,0,person,0.866328,294.88,66.63,374.39,290.39
698,27.920000,3,0,person,0.750505,375.21,86.51,447.64,294.19
698,27.920000,4,2,helmet,0.737781,411.52,87.93,438.41,108.91
698,27.920000,5,2,helmet,0.768511,323.11,67.72,349.67,85.52
698,27.920000,33,0,person,0.742066,247.48,83.22,305.37,312.84
698,27.920000,32,16,bottle,0.746632,72.36,304.99,89.64,359.78
698,27.920000,197,7,ladder,0.394508,218.64,168.53,334.09,308.41
698,27.920000,242,76,gloves,0.606439,424.99,200.77,437.71,227.13
698,27.920000,360,7,ladder,0.442807,149.99,83.62,210.95,340.17
698,27.920000,362,27,glasses,0.316165,412.72,103.93,431.50,111.88
698,27.920000,365,76,gloves,0.446620,347.02,152.60,362.01,165.48
699,27.960000,1,0,person,0.867723,294.81,66.65,374.35,290.42
699,27.960000,3,0,person,0.756688,376.00,86.60,447.24,294.21
699,27.960000,4,2,helmet,0.739120,411.53,87.98,438.24,108.81
699,27.960000,5,2,helmet,0.764715,322.99,67.72,349.65,85.59
699,27.960000,33,0,person,0.742431,247.00,82.99,304.77,312.78
699,27.960000,32,16,bottle,0.744269,72.17,304.92,89.48,359.90
699,27.960000,197,7,ladder,0.365164,218.76,169.02,333.87,308.35
699,27.960000,242,76,gloves,0.613902,424.86,200.79,437.45,227.11
699,27.960000,360,7,ladder,0.450478,149.93,83.58,210.92,340.22
699,27.960000,362,27,glasses,0.315655,412.61,103.99,431.36,111.94
699,27.960000,365,76,gloves,0.432276,346.93,152.63,361.87,165.51
700,28.000000,1,0,person,0.866108,294.76,66.65,374.31,290.42
700,28.000000,3,0,person,0.743917,376.18,86.72,446.31,294.21
700,28.000000,4,2,helmet,0.729448,411.52,88.03,437.94,108.60
700,28.000000,5,2,helmet,0.766754,322.83,67.72,349.54,85.59
700,28.000000,33,0,person,0.745820,246.88,82.95,304.53,312.77
700,28.000000,32,16,bottle,0.744486,72.11,304.89,89.41,359.95
700,28.000000,197,7,ladder,0.373176,218.68,168.93,333.94,308.34
700,28.000000,242,76,gloves,0.542393,424.83,200.76,437.27,226.96
700,28.000000,360,7,ladder,0.451054,149.91,83.57,210.92,340.24
700,28.000000,362,27,glasses,0.319611,412.45,104.00,431.42,112.06
700,28.000000,365,76,gloves,0.448223,347.03,152.62,361.98,165.55
701,28.040000,1,0,person,0.871927,294.86,66.82,374.33,290.41
701,28.040000,3,0,person,0.763255,377.02,86.70,445.93,293.90
701,28.040000,4,2,helmet,0.745774,411.09,88.05,437.45,108.49
701,28.040000,5,2,helmet,0.756062,322.57,67.83,349.22,85.60
701,28.040000,33,0,person,0.747154,246.57,82.89,304.04,312.89
701,28.040000,32,16,bottle,0.759656,72.07,304.98,89.33,359.98
701,28.040000,197,7,ladder,0.296535,219.08,170.35,333.26,308.14
701,28.040000,242,76,gloves,0.552920,424.47,200.47,436.93,226.90
701,28.040000,360,7,ladder,0.449030,149.92,83.67,210.90,340.29
701,28.040000,362,27,glasses,0.303790,413.35,104.36,431.30,111.88
701,28.040000,365,76,gloves,0.572333,346.37,152.75,360.86,165.47
702,28.080000,1,0,person,0.869183,294.81,66.88,374.21,290.43
702,28.080000,3,0,person,0.780934,379.48,86.79,446.64,293.52
702,28.080000,4,2,helmet,0.732852,410.77,88.07,437.46,108.71
702,28.080000,5,2,helmet,0.756369,322.46,67.87,349.11,85.60
702,28.080000,33,0,person,0.745811,246.48,82.91,303.74,312.93
702,28.080000,32,16,bottle,0.757569,72.06,304.99,89.31,359.99
702,28.080000,197,7,ladder,0.350552,219.09,170.73,333.19,308.17
702,28.080000,242,76,gloves,0.259402,424.48,200.26,436.85,226.74
702,28.080000,360,7,ladder,0.459823,149.91,83.75,210.87,340.32
702,28.080000,362,27,glasses,0.311094,413.58,104.44,431.52,111.88
702,28.080000,365,76,gloves,0.561392,346.23,152.80,360.39,165.43
703,28.120000,1,0,person,0.872186,294.86,66.89,374.18,290.35
703,28.120000,3,0,person,0.836924,376.76,86.78,443.67,293.91
703,28.120000,4,2,helmet,0.741561,410.72,88.09,437.32,108.59
703,28.120000,5,2,helmet,0.758333,322.38,67.88,349.05,85.57
703,28.120000,33,0,person,0.748042,246.42,83.06,303.43,312.99
703,28.120000,32,16,bottle,0.758042,72.05,305.00,89.28,359.99
703,28.120000,197,7,ladder,0.297930,219.32,171.86,332.76,308.08
703,28.120000,242,76,gloves,0.620372,424.32,200.29,436.62,226.68
703,28.120000,360,7,ladder,0.458380,149.90,83.72,210.85,340.38
703,28.120000,362,27,glasses,0.310414,413.56,104.50,431.36,111.80
703,28.120000,365,76,gloves,0.592546,346.05,152.82,360.02,165.47
704,28.160000,1,0,person,0.862385,295.05,66.95,374.23,290.33
704,28.160000,3,0,person,0.844089,375.66,86.73,442.25,294.03
704,28.160000,4,2,helmet,0.733912,410.68,88.10,437.26,108.52
704,28.160000,5,2,helmet,0.758679,322.24,67.89,348.95,85.55
704,28.160000,33,0,person,0.747396,246.44,82.96,303.27,313.00
704,28.160000,32,16,bottle,0.764188,72.07,305.00,89.28,360.00
704,28.160000,197,7,ladder,0.357043,218.91,171.23,333.12,308.16
704,28.160000,242,76,gloves,0.668284,424.19,200.50,436.31,226.48
704,28.160000,360,7,ladder,0.464989,149.97,83.97,210.85,340.36
704,28.160000,362,27,glasses,0.319980,413.63,104.56,431.46,111.79
704,28.160000,365,76,gloves,0.559837,346.03,152.86,359.76,165.47
705,28.200000,1,0,person,0.858577,295.18,66.99,374.19,290.20
705,28.200000,3,0,person,0.834124,375.24,86.69,441.51,294.18
705,28.200000,4,2,helmet,0.741140,410.06,88.06,436.80,108.48
705,28.200000,5,2,helmet,0.760572,321.97,67.90,348.73,85.57
705,28.200000,33,0,person,0.743800,246.53,82.93,303.19,313.08
705,28.200000,32,16,bottle,0.769997,72.05,305.08,89.23,359.98
705,28.200000,197,7,ladder,0.330649,218.95,171.85,332.96,308.23
705,28.200000,242,76,gloves,0.591018,423.85,200.47,436.03,226.43
705,28.200000,360,7,ladder,0.502966,149.90,83.85,210.78,340.31
705,28.200000,362,27,glasses,0.306845,413.31,104.47,431.61,111.84
705,28.200000,365,76,gloves,0.521358,346.04,152.80,359.70,165.52
706,28.240000,1,0,person,0.858297,295.23,67.02,374.11,290.23
706,28.240000,3,0,person,0.838031,375.26,86.64,441.26,294.25
706,28.240000,4,2,helmet,0.741651,409.78,88.04,436.68,108.46
706,28.240000,5,2,helmet,0.761122,321.86,67.90,348.67,85.57
706,28.240000,33,0,person,0.753751,246.55,82.80,303.05,313.12
706,28.240000,32,16,bottle,0.769613,72.05,305.12,89.21,359.98
706,28.240000,197,7,ladder,0.338678,218.86,171.96,333.03,308.26
706,28.240000,242,76,gloves,0.742088,423.49,200.49,435.79,226.57
706,28.240000,360,7,ladder,0.505591,149.89,83.80,210.75,340.28
706,28.240000,362,27,glasses,0.307032,413.16,104.44,431.68,111.84
706,28.240000,365,76,gloves,0.531635,346.05,152.87,359.47,165.53
