frame,time_s,track_id,cls_id,cls_name,conf,x1,y1,x2,y2
0,0.000000,,0,person,0.807248,349.11,123.95,404.09,254.12
0,0.000000,,2,helmet,0.744825,203.52,164.27,228.92,188.25
0,0.000000,,0,person,0.700859,194.27,163.99,264.62,291.85
0,0.000000,,0,person,0.626445,189.77,35.56,246.22,155.59
0,0.000000,,76,gloves,0.603624,221.82,89.29,230.31,106.37
0,0.000000,,0,person,0.520391,302.06,0.22,332.23,26.07
0,0.000000,,76,gloves,0.486693,255.84,202.98,264.84,217.00
0,0.000000,,2,helmet,0.466430,190.60,36.14,208.93,51.51
0,0.000000,,76,gloves,0.423730,196.31,222.71,206.13,235.98
1,0.033333,1993,0,person,0.810222,349.47,122.91,404.95,254.27
1,0.033333,1994,2,helmet,0.763917,205.52,164.88,230.62,188.58
1,0.033333,1995,0,person,0.638815,195.95,164.58,266.23,292.32
1,0.033333,1996,0,person,0.687296,190.35,35.95,247.18,156.80
1,0.033333,1997,76,gloves,0.636547,222.43,89.69,230.88,106.67
1,0.033333,1998,0,person,0.397850,302.82,0.25,333.91,26.90
1,0.033333,1999,76,gloves,0.574313,257.02,203.95,266.08,218.07
1,0.033333,2000,2,helmet,0.539532,190.92,36.52,209.19,51.83
1,0.033333,2001,76,gloves,0.597893,197.99,223.20,208.22,237.03
2,0.066667,1993,0,person,0.789234,350.35,121.48,406.04,253.41
2,0.066667,1994,2,helmet,0.787624,207.93,166.12,232.86,189.65
2,0.066667,1995,0,person,0.656689,199.04,165.84,268.65,292.34
2,0.066667,1996,0,person,0.616803,191.16,36.48,248.08,157.49
2,0.066667,1997,76,gloves,0.625821,223.01,89.62,231.67,107.02
2,0.066667,1998,0,person,0.558049,303.34,0.22,335.60,27.91
2,0.066667,2000,2,helmet,0.479045,192.03,36.87,209.49,51.50
2,0.066667,2001,76,gloves,0.444454,200.01,224.24,209.95,237.72
2,0.066667,2002,0,person,0.493569,601.13,148.40,640.00,261.68
3,0.100000,1993,0,person,0.791489,351.35,121.09,406.86,252.67
3,0.100000,1994,2,helmet,0.796294,209.06,166.66,234.25,190.43
3,0.100000,1995,0,person,0.687249,200.88,166.26,270.21,292.22
3,0.100000,1996,0,person,0.593761,191.92,37.15,248.76,157.90
3,0.100000,1997,76,gloves,0.466747,223.71,89.96,232.39,107.39
3,0.100000,1998,0,person,0.493415,303.58,0.14,336.50,28.46
3,0.100000,2000,2,helmet,0.550678,192.09,37.58,210.69,53.19
3,0.100000,2001,76,gloves,0.465957,202.23,224.42,212.89,238.83
3,0.100000,2002,0,person,0.609315,600.61,146.50,640.00,261.85
3,0.100000,2003,76,gloves,0.582954,261.00,208.39,269.91,221.84
4,0.133333,1993,0,person,0.802606,351.61,118.92,407.45,251.42
4,0.133333,1994,2,helmet,0.705829,210.89,167.99,236.11,191.79
4,0.133333,1995,0,person,0.717038,203.01,167.91,271.61,292.50
4,0.133333,1996,0,person,0.595381,192.06,37.34,248.90,157.97
4,0.133333,1997,76,gloves,0.479988,224.16,89.93,232.92,107.46
4,0.133333,2000,2,helmet,0.559772,192.15,37.74,211.28,53.82
4,0.133333,2001,76,gloves,0.376044,203.74,224.90,214.42,239.36
4,0.133333,2002,0,person,0.623857,600.29,144.56,640.00,261.86
4,0.133333,2003,76,gloves,0.610592,262.00,209.64,271.37,223.78
5,0.166667,1993,0,person,0.796553,351.54,116.10,408.06,250.47
5,0.166667,1994,2,helmet,0.611447,213.05,170.09,237.62,193.20
5,0.166667,1995,0,person,0.613459,205.18,169.81,275.36,297.17
5,0.166667,1996,0,person,0.620205,191.99,37.53,248.68,157.61
5,0.166667,1997,76,gloves,0.504584,224.34,89.83,233.09,107.26
5,0.166667,2000,2,helmet,0.415757,191.58,37.93,211.26,54.51
5,0.166667,2002,0,person,0.612464,600.44,144.25,640.00,261.55
5,0.166667,1998,0,person,0.300639,305.69,0.24,338.68,28.82
6,0.200000,1993,0,person,0.800281,351.74,115.18,408.26,249.85
6,0.200000,1994,2,helmet,0.670862,213.68,171.08,238.56,194.45
6,0.200000,1995,0,person,0.575498,205.92,170.79,276.67,299.13
6,0.200000,1996,0,person,0.655393,191.92,37.56,248.65,157.50
6,0.200000,1997,76,gloves,0.533856,224.36,89.77,233.12,107.17
6,0.200000,2000,2,helmet,0.404196,191.35,37.98,211.21,54.79
6,0.200000,2002,0,person,0.612156,600.58,144.25,640.00,261.44
6,0.200000,1998,0,person,0.297268,306.20,0.29,338.87,28.82
7,0.233333,1993,0,person,0.815089,351.77,112.89,408.27,247.93
7,0.233333,1994,2,helmet,0.520330,215.11,173.36,239.48,196.13
7,0.233333,1995,0,person,0.561118,207.11,173.09,279.66,304.79
7,0.233333,1996,0,person,0.626269,191.81,37.57,248.60,157.39
7,0.233333,1997,76,gloves,0.380968,224.20,89.76,233.00,107.21
7,0.233333,2000,2,helmet,0.411013,191.30,37.99,211.16,54.85
7,0.233333,2002,0,person,0.614581,600.49,143.83,640.00,261.68
7,0.233333,1998,0,person,0.664388,306.75,0.39,338.99,28.79
8,0.266667,1993,0,person,0.786011,351.97,110.05,408.48,245.61
8,0.266667,1994,2,helmet,0.660094,217.12,175.31,242.69,199.10
8,0.266667,1995,0,person,0.555768,209.13,174.86,284.67,312.09
8,0.266667,1996,0,person,0.598196,192.05,38.04,248.83,157.43
8,0.266667,1997,76,gloves,0.251519,224.46,89.77,233.35,107.41
8,0.266667,2000,2,helmet,0.497436,191.05,38.48,211.11,55.59
8,0.266667,2002,0,person,0.616632,600.49,143.69,640.00,261.94
8,0.266667,1998,0,person,0.651020,307.10,0.34,339.06,28.76
8,0.266667,2004,36,trash can,0.389601,202.53,146.95,224.88,179.60
9,0.300000,1993,0,person,0.775300,352.71,108.88,408.20,242.26
9,0.300000,1994,2,helmet,0.571622,217.92,175.88,244.16,200.25
9,0.300000,1995,0,person,0.555680,210.38,175.44,287.44,315.78
9,0.300000,1996,0,person,0.567342,192.26,38.49,249.14,157.70
9,0.300000,2000,2,helmet,0.499392,191.13,39.03,211.12,56.16
9,0.300000,2002,0,person,0.586477,600.48,142.41,640.00,262.04
9,0.300000,1998,0,person,0.674449,307.40,0.34,339.38,29.04
9,0.300000,2004,36,trash can,0.551069,202.60,146.31,225.33,179.54
10,0.333333,1993,0,person,0.813485,355.03,107.64,406.16,229.82
10,0.333333,1994,2,helmet,0.652394,219.79,176.80,247.34,202.59
10,0.333333,1995,0,person,0.634455,211.19,176.56,289.44,319.67
10,0.333333,1996,0,person,0.608030,192.26,38.66,249.31,157.84
10,0.333333,2000,2,helmet,0.505936,191.21,39.22,211.15,56.38
10,0.333333,2002,0,person,0.589639,600.59,141.97,640.00,262.06
10,0.333333,1998,0,person,0.695017,308.04,0.32,339.76,29.11
10,0.333333,2004,36,trash can,0.515932,202.64,146.06,225.71,179.80
10,0.333333,2006,0,person,0.338581,109.71,186.68,170.50,240.16
11,0.366667,1993,0,person,0.840539,356.12,106.42,405.92,225.09
11,0.366667,1994,2,helmet,0.651840,222.03,179.06,249.38,204.68
11,0.366667,1995,0,person,0.623724,212.14,178.88,289.90,321.56
11,0.366667,1996,0,person,0.607788,192.20,38.71,249.40,157.84
11,0.366667,2000,2,helmet,0.484501,191.29,39.28,211.11,56.42
11,0.366667,2002,0,person,0.585983,600.90,142.98,640.00,262.04
11,0.366667,1998,0,person,0.640151,308.80,0.31,340.07,29.03
11,0.366667,2004,36,trash can,0.526345,202.67,145.95,225.90,179.96
11,0.366667,2006,0,person,0.307223,108.80,187.20,169.39,240.48
12,0.400000,1993,0,person,0.839088,356.57,106.37,405.85,223.44
12,0.400000,1994,2,helmet,0.573201,223.08,179.94,251.27,206.49
12,0.400000,1995,0,person,0.546248,211.96,179.90,289.73,322.74
12,0.400000,1996,0,person,0.579785,192.06,38.88,249.42,158.02
12,0.400000,2000,2,helmet,0.429431,191.46,39.49,211.04,56.46
12,0.400000,2002,0,person,0.596797,601.14,143.83,640.00,262.05
12,0.400000,1998,0,person,0.632805,309.12,0.30,340.10,29.10
12,0.400000,2004,36,trash can,0.539240,202.60,146.12,225.87,180.21
12,0.400000,2006,0,person,0.276571,108.70,187.28,169.51,240.74
13,0.433333,1993,0,person,0.837809,356.60,104.70,406.42,223.02
13,0.433333,1994,2,helmet,0.551151,225.63,182.49,253.04,208.24
13,0.433333,1995,0,person,0.551884,212.66,182.37,289.34,323.10
13,0.433333,1996,0,person,0.600950,192.06,39.14,249.45,157.99
13,0.433333,2000,2,helmet,0.418679,191.44,39.73,211.04,56.80
13,0.433333,2002,0,person,0.590985,601.24,143.92,640.00,262.14
13,0.433333,1998,0,person,0.455018,310.12,0.39,340.56,29.16
13,0.433333,2004,36,trash can,0.510696,202.89,146.82,225.83,180.40
13,0.433333,2006,0,person,0.298882,108.96,187.69,169.29,240.70
14,0.466667,1993,0,person,0.828747,356.93,103.19,406.95,222.16
14,0.466667,1994,2,helmet,0.680913,228.53,184.30,255.71,209.83
14,0.466667,1995,0,person,0.527028,212.83,183.94,288.94,323.27
14,0.466667,1996,0,person,0.573145,192.00,39.20,249.49,157.91
14,0.466667,2000,2,helmet,0.384039,191.49,39.81,211.08,56.93
14,0.466667,2002,0,person,0.603297,601.16,143.55,640.00,262.26
14,0.466667,1998,0,person,0.508215,311.69,0.33,341.42,29.06
14,0.466667,2004,36,trash can,0.535220,202.65,146.28,225.95,180.47
14,0.466667,2006,0,person,0.361719,108.77,188.28,168.75,240.88
15,0.500000,1993,0,person,0.830782,357.42,102.42,407.66,222.17
15,0.500000,1994,2,helmet,0.653949,231.05,186.58,257.58,211.49
15,0.500000,1995,0,person,0.596993,218.01,186.17,292.54,323.55
15,0.500000,1996,0,person,0.565807,192.19,39.55,249.68,157.90
15,0.500000,2000,2,helmet,0.502611,191.66,40.13,211.36,57.40
15,0.500000,2002,0,person,0.557869,601.94,144.47,640.00,262.54
15,0.500000,1998,0,person,0.364721,313.00,0.34,341.36,28.40
15,0.500000,2004,36,trash can,0.556418,203.06,146.47,226.57,181.05
15,0.500000,2006,0,person,0.427806,109.38,188.78,169.01,240.93
16,0.533333,1993,0,person,0.831996,358.28,101.98,408.57,222.18
16,0.533333,1994,2,helmet,0.722889,232.35,186.86,259.43,212.32
16,0.533333,1995,0,person,0.535446,219.65,186.46,294.00,323.69
16,0.533333,1996,0,person,0.674649,192.34,39.76,249.96,158.02
16,0.533333,2000,2,helmet,0.561435,191.87,40.39,211.57,57.77
16,0.533333,2002,0,person,0.502136,602.74,146.35,640.00,262.83
16,0.533333,1998,0,person,0.433586,313.70,0.31,342.85,30.09
16,0.533333,2004,36,trash can,0.569203,203.29,146.30,227.10,181.43
16,0.533333,2006,0,person,0.453395,109.56,188.79,169.35,240.96
16,0.533333,1997,76,gloves,0.265450,225.65,90.20,235.04,109.01
17,0.566667,1993,0,person,0.834410,359.23,101.51,409.25,221.45
17,0.566667,1994,2,helmet,0.703629,233.60,187.44,261.00,213.19
17,0.566667,1995,0,person,0.500102,220.95,187.06,294.81,323.58
17,0.566667,1996,0,person,0.680388,192.34,39.84,250.02,157.96
17,0.566667,2000,2,helmet,0.573852,192.11,40.53,211.73,57.91
17,0.566667,2002,0,person,0.516910,602.96,146.81,640.00,262.79
17,0.566667,1998,0,person,0.435318,314.42,0.42,343.75,31.47
17,0.566667,2004,36,trash can,0.542740,203.33,146.48,226.92,181.37
17,0.566667,2006,0,person,0.459096,109.20,188.94,169.41,241.36
17,0.566667,1997,76,gloves,0.372376,225.74,90.29,235.01,108.97
18,0.600000,1993,0,person,0.829612,359.38,101.32,409.37,221.63
18,0.600000,1994,2,helmet,0.694464,233.98,187.64,261.80,213.80
18,0.600000,1995,0,person,0.535322,222.35,187.26,295.65,323.31
18,0.600000,1996,0,person,0.677254,192.13,39.78,249.87,157.78
18,0.600000,2000,2,helmet,0.553214,192.10,40.37,211.67,57.77
18,0.600000,2002,0,person,0.550840,603.02,145.77,640.00,262.72
18,0.600000,1998,0,person,0.394942,315.30,0.36,343.24,30.91
18,0.600000,2004,36,trash can,0.514281,203.13,146.77,226.20,180.93
18,0.600000,2006,0,person,0.461162,108.53,188.90,169.14,241.54
18,0.600000,1997,76,gloves,0.321822,225.59,90.33,234.75,108.85
19,0.633333,1993,0,person,0.833829,359.67,98.85,410.44,221.87
19,0.633333,1994,2,helmet,0.662328,235.53,188.59,262.93,214.63
19,0.633333,1995,0,person,0.578464,224.21,188.27,296.18,323.02
19,0.633333,1996,0,person,0.689787,191.93,39.89,249.78,157.90
19,0.633333,2000,2,helmet,0.413317,191.75,40.43,211.27,57.90
19,0.633333,2002,0,person,0.554296,602.90,144.03,640.00,262.58
19,0.633333,1998,0,person,0.424603,316.93,0.34,343.29,30.25
19,0.633333,2004,36,trash can,0.547968,202.90,146.53,225.88,180.69
19,0.633333,2006,0,person,0.536396,108.04,188.77,168.66,241.24
20,0.666667,1993,0,person,0.829755,360.46,97.05,411.35,220.99
20,0.666667,1994,2,helmet,0.654139,237.54,190.94,263.28,215.58
20,0.666667,1995,0,person,0.676414,225.12,190.45,295.68,323.11
20,0.666667,1996,0,person,0.718067,191.84,39.95,249.78,157.92
20,0.666667,2000,2,helmet,0.453305,191.62,40.45,211.10,57.99
20,0.666667,2002,0,person,0.524995,603.26,143.85,640.00,262.49
20,0.666667,2004,36,trash can,0.542176,202.78,146.21,225.86,180.66
20,0.666667,2006,0,person,0.488905,107.76,188.76,168.04,240.78
21,0.700000,1993,0,person,0.841903,361.04,96.16,411.90,220.43
21,0.700000,1994,2,helmet,0.652826,238.33,192.54,263.61,216.88
21,0.700000,1995,0,person,0.614381,226.15,192.10,296.03,323.49
21,0.700000,1996,0,person,0.696322,191.56,39.84,249.67,157.98
21,0.700000,2000,2,helmet,0.444444,191.50,40.29,211.01,57.97
21,0.700000,2002,0,person,0.530505,603.08,143.59,640.00,262.55
21,0.700000,2004,36,trash can,0.516831,202.63,146.21,225.62,180.63
21,0.700000,2006,0,person,0.563208,107.64,188.76,167.84,240.55
22,0.733333,1993,0,person,0.808075,362.20,98.31,412.47,221.41
22,0.733333,1994,2,helmet,0.691879,238.84,193.77,264.29,218.48
22,0.733333,1995,0,person,0.617413,225.43,193.39,295.25,323.57
22,0.733333,1996,0,person,0.714506,191.46,39.78,249.66,157.89
22,0.733333,2000,2,helmet,0.383752,191.63,40.21,210.93,57.78
22,0.733333,2002,0,person,0.541648,603.56,146.61,640.00,262.45
22,0.733333,2004,36,trash can,0.478150,202.59,146.14,225.41,180.38
22,0.733333,2006,0,person,0.590180,107.46,188.73,167.79,240.48
23,0.766667,1993,0,person,0.790776,364.36,100.28,413.21,219.68
23,0.766667,1994,2,helmet,0.702859,239.10,195.46,265.13,220.90
23,0.766667,1995,0,person,0.563122,227.19,195.09,297.43,326.16
23,0.766667,1996,0,person,0.716735,191.36,39.75,249.67,157.89
23,0.766667,2000,2,helmet,0.388661,191.69,40.18,210.89,57.72
23,0.766667,2002,0,person,0.561388,603.89,147.69,640.00,262.51
23,0.766667,2004,36,trash can,0.478857,202.61,146.10,225.33,180.28
23,0.766667,2006,0,person,0.582165,107.09,188.70,167.61,240.43
23,0.766667,2023,74,bucket,0.308412,203.07,146.07,225.17,180.27
24,0.800000,1993,0,person,0.798132,365.21,99.94,413.55,217.80
24,0.800000,1994,2,helmet,0.731381,239.15,197.09,265.06,222.56
24,0.800000,1995,0,person,0.526719,227.48,196.75,296.92,325.78
24,0.800000,1996,0,person,0.716924,190.99,39.76,249.41,158.00
24,0.800000,2000,2,helmet,0.469975,191.58,40.18,210.67,57.66
24,0.800000,2002,0,person,0.548898,603.63,147.53,640.00,262.55
24,0.800000,2004,36,trash can,0.489612,202.41,145.92,225.15,180.21
24,0.800000,2006,0,person,0.583733,106.62,188.90,167.36,240.69
24,0.800000,2023,74,bucket,0.310972,202.83,145.93,225.00,180.23
25,0.833333,1993,0,person,0.786085,367.17,99.10,414.44,213.43
25,0.833333,1994,2,helmet,0.747424,238.86,197.85,265.55,224.31
25,0.833333,1995,0,person,0.585763,226.97,197.60,298.95,331.99
25,0.833333,1996,0,person,0.721410,190.70,39.53,249.20,157.81
25,0.833333,2000,2,helmet,0.532348,191.45,39.95,210.33,57.27
25,0.833333,2002,0,person,0.613080,604.24,148.98,640.00,262.39
25,0.833333,2004,36,trash can,0.536570,202.08,145.35,225.00,180.00
25,0.833333,2006,0,person,0.613720,106.10,188.76,166.99,240.51
25,0.833333,1997,76,gloves,0.332159,225.93,89.88,235.04,108.42
26,0.866667,1993,0,person,0.762114,368.96,96.35,415.87,209.14
26,0.866667,1994,2,helmet,0.665618,238.87,199.94,265.64,226.73
26,0.866667,1995,0,person,0.595462,228.83,199.62,299.25,331.35
26,0.866667,1996,0,person,0.714190,190.33,39.45,248.88,157.68
26,0.866667,2000,2,helmet,0.552037,191.05,39.87,209.93,57.21
26,0.866667,2002,0,person,0.605255,604.42,149.68,640.00,262.26
26,0.866667,2004,36,trash can,0.508400,201.65,145.02,224.66,179.87
26,0.866667,2006,0,person,0.588200,105.67,189.06,166.64,240.71
26,0.866667,1997,76,gloves,0.329146,225.74,89.59,234.80,108.15
27,0.900000,1993,0,person,0.752325,369.57,93.74,416.86,206.88
27,0.900000,1994,2,helmet,0.651960,238.30,201.29,265.81,229.16
27,0.900000,1995,0,person,0.558691,228.38,200.91,299.57,334.95
27,0.900000,1996,0,person,0.719438,190.07,39.44,248.66,157.62
27,0.900000,2000,2,helmet,0.580154,190.78,39.84,209.62,57.17
27,0.900000,2002,0,person,0.600749,604.16,149.76,639.94,262.24
27,0.900000,2004,36,trash can,0.470370,201.32,144.83,224.38,179.83
27,0.900000,2006,0,person,0.563034,105.25,189.21,166.49,240.96
27,0.900000,1997,76,gloves,0.527380,225.78,89.92,234.60,107.99
28,0.933333,1993,0,person,0.764685,371.36,92.16,418.51,204.23
28,0.933333,1994,2,helmet,0.732173,238.46,203.82,265.13,231.07
28,0.933333,1995,0,person,0.611539,228.98,203.62,299.51,336.87
28,0.933333,1996,0,person,0.739018,189.95,39.55,248.58,157.74
28,0.933333,2000,2,helmet,0.614729,190.60,39.96,209.41,57.32
28,0.933333,2002,0,person,0.608006,604.04,149.40,639.97,262.32
28,0.933333,2004,36,trash can,0.469475,201.20,144.85,224.31,180.03
28,0.933333,2006,0,person,0.575275,104.85,189.07,166.81,241.36
28,0.933333,1997,76,gloves,0.564514,225.97,90.41,234.72,108.14
29,0.966667,1993,0,person,0.757626,373.27,89.16,420.33,200.08
29,0.966667,1994,2,helmet,0.696397,238.50,207.33,265.14,234.80
29,0.966667,1995,0,person,0.529564,229.17,207.11,299.46,340.60
29,0.966667,1996,0,person,0.736991,190.06,40.05,248.88,158.42
29,0.966667,2000,2,helmet,0.579604,190.76,40.43,209.39,57.64
29,0.966667,2002,0,person,0.634132,604.20,149.62,640.00,262.32
29,0.966667,2004,36,trash can,0.484171,201.48,145.29,224.42,180.25
29,0.966667,2006,0,person,0.594370,105.11,188.81,167.41,241.38
29,0.966667,1997,76,gloves,0.262846,226.23,90.44,235.28,108.65
30,1.000000,1993,0,person,0.769700,373.66,87.02,421.79,200.00
30,1.000000,1994,2,helmet,0.647832,237.77,209.57,264.80,237.78
30,1.000000,1995,0,person,0.570279,229.20,209.37,299.85,344.36
30,1.000000,1996,0,person,0.754339,190.37,40.44,249.18,158.68
30,1.000000,2000,2,helmet,0.613398,191.02,40.81,209.55,57.97
30,1.000000,2002,0,person,0.634129,602.14,149.34,638.57,262.40
30,1.000000,2004,36,trash can,0.463302,201.72,145.45,224.58,180.35
30,1.000000,2006,0,person,0.596685,105.16,188.69,167.60,241.38
30,1.000000,1997,76,gloves,0.255316,226.74,90.66,235.77,108.73
31,1.033333,1993,0,person,0.771419,374.78,83.47,423.09,196.28
31,1.033333,1994,2,helmet,0.663527,237.43,212.21,263.13,239.09
31,1.033333,1995,0,person,0.518242,229.55,211.81,299.28,345.47
31,1.033333,1996,0,person,0.766731,190.49,40.57,249.30,158.65
31,1.033333,2000,2,helmet,0.599107,191.14,40.95,209.61,58.09
31,1.033333,2002,0,person,0.559214,601.81,148.67,638.71,262.43
31,1.033333,2004,36,trash can,0.481413,201.82,145.53,224.62,180.38
31,1.033333,2006,0,person,0.569191,105.10,188.55,167.63,241.27
31,1.033333,1997,76,gloves,0.288983,226.81,90.56,235.92,108.63
32,1.066667,1993,0,person,0.773283,375.38,80.25,424.74,195.35
32,1.066667,1994,2,helmet,0.708382,235.84,215.01,261.52,241.93
32,1.066667,1995,0,person,0.558860,228.95,214.75,297.88,347.59
32,1.066667,1996,0,person,0.773566,190.44,40.61,249.26,158.63
32,1.066667,2000,2,helmet,0.590950,190.78,41.00,209.34,58.30
32,1.066667,2002,0,person,0.565629,600.08,147.30,637.96,262.50
32,1.066667,2004,36,trash can,0.474727,201.72,145.60,224.47,180.40
32,1.066667,2006,0,person,0.569903,104.81,188.65,167.34,241.32
32,1.066667,1997,76,gloves,0.326208,226.81,90.66,235.84,108.48
33,1.100000,1993,0,person,0.768569,375.71,79.85,425.20,194.94
33,1.100000,1994,2,helmet,0.705757,235.01,216.72,260.62,243.56
33,1.100000,1995,0,person,0.577702,227.49,216.47,295.38,348.76
33,1.100000,1996,0,person,0.772955,190.40,40.62,249.27,158.63
33,1.100000,2000,2,helmet,0.593135,190.67,41.01,209.22,58.37
33,1.100000,2002,0,person,0.579752,599.35,147.65,637.63,262.48
33,1.100000,2004,36,trash can,0.476693,201.69,145.62,224.40,180.42
33,1.100000,2006,0,person,0.576957,104.86,188.66,167.49,241.40
33,1.100000,1997,76,gloves,0.295273,226.76,90.68,235.81,108.45
34,1.133333,1993,0,person,0.792274,376.15,77.20,426.73,194.95
34,1.133333,1994,2,helmet,0.784418,234.57,219.16,258.82,244.13
34,1.133333,1995,0,person,0.658103,227.66,219.00,293.78,348.94
34,1.133333,1996,0,person,0.757568,190.24,40.76,249.20,158.70
34,1.133333,2000,2,helmet,0.619515,190.63,41.16,209.24,58.64
34,1.133333,2002,0,person,0.552000,599.00,145.87,638.20,262.55
34,1.133333,2004,36,trash can,0.369937,201.75,145.72,224.49,180.62
34,1.133333,2006,0,person,0.621510,105.07,188.54,167.88,241.51
35,1.166667,1993,0,person,0.854191,376.77,74.72,428.29,194.88
35,1.166667,1994,2,helmet,0.779401,233.27,221.41,257.64,246.24
35,1.166667,1995,0,person,0.590957,229.19,221.26,294.32,349.15
35,1.166667,1996,0,person,0.755887,190.34,40.98,249.29,158.69
35,1.166667,2000,2,helmet,0.457016,191.02,41.42,208.94,58.23
35,1.166667,2002,0,person,0.575835,598.51,145.49,638.22,262.58
35,1.166667,2004,36,trash can,0.411472,201.94,146.00,224.39,180.45
35,1.166667,2006,0,person,0.597647,105.09,188.52,167.72,241.37
35,1.166667,2039,74,bucket,0.349062,202.40,145.83,224.07,180.35
35,1.166667,1997,76,gloves,0.325748,227.40,91.00,236.28,108.46
36,1.200000,1993,0,person,0.843469,377.10,73.69,428.93,194.92
36,1.200000,1994,2,helmet,0.742895,231.16,223.24,255.51,247.43
36,1.200000,1995,0,person,0.619387,229.64,222.96,294.58,349.38
36,1.200000,1996,0,person,0.753553,190.35,41.05,249.37,158.70
36,1.200000,2000,2,helmet,0.465002,191.16,41.52,208.84,58.07
36,1.200000,2002,0,person,0.598398,600.34,145.74,639.79,262.55
36,1.200000,2004,36,trash can,0.413353,201.99,146.09,224.38,180.46
36,1.200000,2006,0,person,0.595104,105.58,188.53,168.12,241.43
36,1.200000,2039,74,bucket,0.343885,202.41,145.88,224.07,180.37
36,1.200000,1997,76,gloves,0.327749,227.53,91.08,236.37,108.47
37,1.233333,1993,0,person,0.843040,377.95,72.69,430.03,195.08
37,1.233333,1994,2,helmet,0.769830,229.52,224.63,253.50,247.69
37,1.233333,1995,0,person,0.678832,229.65,224.30,295.10,350.07
37,1.233333,1996,0,person,0.735691,190.36,41.29,249.48,158.92
37,1.233333,2000,2,helmet,0.589942,191.28,41.75,208.98,58.31
37,1.233333,2002,0,person,0.614505,601.41,146.16,640.00,262.55
37,1.233333,2004,36,trash can,0.404798,202.31,146.71,224.51,180.74
37,1.233333,2006,0,person,0.594444,105.66,188.49,168.37,241.66
37,1.233333,2039,74,bucket,0.359900,202.72,146.47,224.24,180.71
37,1.233333,1998,0,person,0.376305,321.74,0.42,347.96,31.65
38,1.266667,1993,0,person,0.841241,378.70,71.61,430.85,194.95
38,1.266667,1994,2,helmet,0.790693,228.40,226.23,252.65,248.92
38,1.266667,1995,0,person,0.597211,228.58,225.91,293.43,349.32
38,1.266667,1996,0,person,0.748167,190.67,41.54,249.78,159.08
38,1.266667,2000,2,helmet,0.572135,191.41,41.97,209.13,58.54
38,1.266667,2002,0,person,0.621253,601.87,147.02,640.00,262.65
38,1.266667,2004,36,trash can,0.377528,202.42,147.05,224.59,181.02
38,1.266667,2006,0,person,0.599794,105.99,188.79,168.28,241.68
38,1.266667,2039,74,bucket,0.402339,202.84,146.77,224.34,180.94
38,1.266667,1998,0,person,0.385901,322.30,0.28,348.44,33.03
39,1.300000,1993,0,person,0.843883,379.02,70.91,431.04,194.67
39,1.300000,1994,2,helmet,0.795070,227.47,227.05,252.03,249.49
39,1.300000,1995,0,person,0.502391,228.29,226.63,293.11,348.62
39,1.300000,1996,0,person,0.736537,190.63,41.68,249.79,159.20
39,1.300000,2000,2,helmet,0.518772,191.41,42.07,209.06,58.56
39,1.300000,2002,0,person,0.609609,601.96,148.46,640.00,263.06
39,1.300000,2004,36,trash can,0.419989,202.43,147.09,224.58,180.99
39,1.300000,2006,0,person,0.618212,105.71,188.52,168.17,241.65
39,1.300000,2039,74,bucket,0.419638,202.87,146.79,224.33,180.85
39,1.300000,1998,0,person,0.463572,322.02,0.33,347.93,33.76
40,1.333333,1993,0,person,0.860800,379.06,68.88,431.46,194.34
40,1.333333,1994,2,helmet,0.783226,226.84,227.71,251.68,249.82
40,1.333333,1995,0,person,0.597726,227.09,227.27,292.27,349.02
40,1.333333,1996,0,person,0.737157,190.42,41.50,249.68,159.07
40,1.333333,2000,2,helmet,0.431772,191.25,41.92,208.90,58.35
40,1.333333,2002,0,person,0.592125,602.04,150.50,639.82,263.11
40,1.333333,2004,36,trash can,0.448884,202.17,146.95,224.32,180.75
40,1.333333,2006,0,person,0.613558,103.98,186.67,168.19,241.47
40,1.333333,2039,74,bucket,0.404229,202.65,146.75,224.05,180.65
40,1.333333,1998,0,person,0.542910,321.29,0.20,347.92,35.30
40,1.333333,2042,0,person,0.495909,116.68,261.80,209.81,351.96
41,1.366667,1993,0,person,0.829142,379.40,67.19,431.73,193.20
41,1.366667,1994,2,helmet,0.787701,226.25,228.94,251.21,250.66
41,1.366667,1995,0,person,0.621881,227.90,228.47,294.00,350.12
41,1.366667,1996,0,person,0.752372,190.27,41.63,249.65,159.27
41,1.366667,2000,2,helmet,0.503106,191.20,42.01,208.84,58.36
41,1.366667,2002,0,person,0.580976,601.97,151.03,639.72,263.32
41,1.366667,2004,36,trash can,0.438295,202.05,147.11,224.21,180.86
41,1.366667,2006,0,person,0.618382,102.26,184.73,168.69,241.75
41,1.366667,2039,74,bucket,0.397803,202.54,146.97,223.95,180.78
41,1.366667,1998,0,person,0.387065,320.79,0.28,347.88,36.86
41,1.366667,2042,0,person,0.470398,112.25,260.26,206.48,351.99
42,1.400000,1993,0,person,0.798700,380.16,64.43,432.13,190.30
42,1.400000,1994,2,helmet,0.778149,225.61,230.28,250.89,251.89
42,1.400000,1995,0,person,0.631259,225.52,229.88,291.75,351.30
42,1.400000,1996,0,person,0.748848,190.15,41.67,249.57,159.34
42,1.400000,2000,2,helmet,0.502035,191.03,42.04,208.79,58.50
42,1.400000,2002,0,person,0.568163,600.87,151.16,638.93,263.43
42,1.400000,2004,36,trash can,0.453472,201.85,147.14,224.10,180.89
42,1.400000,2006,0,person,0.618906,101.69,183.88,168.77,241.75
42,1.400000,2039,74,bucket,0.384065,202.39,147.04,223.86,180.83
42,1.400000,1998,0,person,0.397715,320.76,0.19,348.31,38.49
42,1.400000,2042,0,person,0.540182,110.65,257.55,206.82,352.00
42,1.400000,1997,76,gloves,0.264992,227.62,91.77,236.35,108.88
43,1.433333,1993,0,person,0.797926,380.51,63.29,432.20,189.08
43,1.433333,1994,2,helmet,0.777789,225.28,230.71,250.92,252.28
43,1.433333,1995,0,person,0.620924,224.67,230.35,291.16,351.77
43,1.433333,1996,0,person,0.743472,190.07,41.68,249.54,159.36
43,1.433333,2000,2,helmet,0.501717,190.96,42.05,208.77,58.55
43,1.433333,2002,0,person,0.568440,601.06,151.33,639.19,263.43
43,1.433333,2004,36,trash can,0.454149,201.76,147.15,224.07,180.89
43,1.433333,2006,0,person,0.612490,101.72,183.80,168.61,241.76
43,1.433333,2039,74,bucket,0.384651,202.32,147.07,223.85,180.84
43,1.433333,1998,0,person,0.401714,320.95,0.15,348.28,39.12
43,1.433333,2042,0,person,0.541074,110.71,256.83,206.52,352.00
43,1.433333,2045,76,gloves,0.432455,280.69,298.63,290.19,316.23
43,1.433333,2046,76,gloves,0.305972,223.66,304.01,234.79,314.54
44,1.466667,1993,0,person,0.836808,382.51,62.58,431.12,180.48
44,1.466667,1994,2,helmet,0.769488,224.96,232.92,250.83,254.52
44,1.466667,1995,0,person,0.457018,224.72,232.53,290.40,351.81
44,1.466667,1996,0,person,0.777836,190.07,41.66,249.58,159.38
44,1.466667,2000,2,helmet,0.506972,191.02,42.05,208.70,58.38
44,1.466667,2002,0,person,0.574377,601.17,151.33,639.40,263.45
44,1.466667,2004,36,trash can,0.469981,201.70,147.20,224.05,180.89
44,1.466667,2006,0,person,0.634548,101.39,183.00,168.68,241.60
44,1.466667,2039,74,bucket,0.370646,202.25,147.11,223.83,180.83
44,1.466667,2042,0,person,0.470849,112.73,255.66,208.42,351.91
45,1.500000,1993,0,person,0.770559,383.90,62.66,430.19,173.91
45,1.500000,1994,2,helmet,0.750279,224.47,235.54,250.61,257.30
45,1.500000,1995,0,person,0.485951,224.30,235.23,289.25,351.89
45,1.500000,1996,0,person,0.780842,189.94,41.45,249.49,159.15
45,1.500000,2000,2,helmet,0.472725,190.84,41.89,208.64,58.30
45,1.500000,2002,0,person,0.588703,600.81,151.32,639.16,263.17
45,1.500000,2004,36,trash can,0.501275,201.61,146.89,224.10,180.72
45,1.500000,2006,0,person,0.615853,101.77,183.22,168.17,241.25
45,1.500000,2039,74,bucket,0.301861,202.15,146.77,223.86,180.58
45,1.500000,2042,0,person,0.460763,115.20,253.56,211.62,351.75
45,1.500000,2053,0,person,0.377610,331.19,9.70,363.59,46.42
45,1.500000,1998,0,person,0.401959,321.97,0.41,347.99,38.85
46,1.533333,1993,0,person,0.792491,384.09,62.75,430.02,172.29
46,1.533333,1994,2,helmet,0.645930,223.67,237.31,250.88,260.00
46,1.533333,1995,0,person,0.300389,223.25,237.13,287.04,351.19
46,1.533333,1996,0,person,0.789604,189.86,41.35,249.42,158.94
46,1.533333,2000,2,helmet,0.473139,190.71,41.82,208.62,58.31
46,1.533333,2002,0,person,0.614868,599.72,151.28,638.48,263.13
46,1.533333,2004,36,trash can,0.502510,201.59,146.85,224.11,180.64
46,1.533333,2006,0,person,0.622091,102.10,183.48,167.91,241.15
46,1.533333,2039,74,bucket,0.371618,202.13,146.76,223.89,180.55
46,1.533333,2042,0,person,0.427023,115.58,252.65,211.18,351.74
46,1.533333,2053,0,person,0.313849,330.75,9.43,363.42,46.44
46,1.533333,1998,0,person,0.411229,322.26,0.47,347.30,38.71
47,1.566667,1993,0,person,0.708165,385.54,64.42,430.65,171.45
47,1.566667,1994,2,helmet,0.684147,223.93,239.44,251.02,261.96
47,1.566667,1995,0,person,0.466155,222.21,239.12,285.54,351.60
47,1.566667,1996,0,person,0.783606,189.50,41.49,249.23,159.13
47,1.566667,2000,2,helmet,0.482164,190.72,41.95,208.63,58.41
47,1.566667,2002,0,person,0.610314,599.24,150.99,638.48,263.34
47,1.566667,2004,36,trash can,0.489534,201.59,147.09,224.10,180.78
47,1.566667,2006,0,person,0.629170,103.37,185.23,167.20,241.16
47,1.566667,2039,74,bucket,0.371780,202.12,147.02,223.89,180.73
47,1.566667,2042,0,person,0.519159,116.39,253.19,209.65,351.85
47,1.566667,1998,0,person,0.399441,322.74,0.49,347.02,38.61
47,1.566667,1997,76,gloves,0.256062,227.22,91.41,236.27,109.17
48,1.600000,1993,0,person,0.726935,385.95,63.05,431.45,170.73
48,1.600000,1994,2,helmet,0.598459,222.82,241.66,250.66,264.89
48,1.600000,1996,0,person,0.787343,189.45,41.63,249.20,159.15
48,1.600000,2000,2,helmet,0.460772,190.75,42.06,208.62,58.43
48,1.600000,2002,0,person,0.631221,599.11,151.06,638.58,263.28
48,1.600000,2004,36,trash can,0.479861,201.33,146.91,224.04,180.83
48,1.600000,2006,0,person,0.603373,102.54,184.26,167.42,241.31
48,1.600000,2039,74,bucket,0.359226,201.84,146.84,223.84,180.81
48,1.600000,2042,0,person,0.285900,120.12,252.79,212.62,351.84
48,1.600000,1998,0,person,0.324699,323.02,0.43,346.93,38.83
48,1.600000,2053,0,person,0.261640,330.63,9.69,363.27,46.59
49,1.633333,1993,0,person,0.745867,386.27,64.24,431.30,170.40
49,1.633333,1994,2,helmet,0.577223,222.18,242.45,250.18,265.87
49,1.633333,1996,0,person,0.791406,188.95,41.41,248.83,159.07
49,1.633333,2000,2,helmet,0.602039,190.53,41.93,208.37,58.23
49,1.633333,2002,0,person,0.647557,600.41,150.91,639.79,263.16
49,1.633333,2004,36,trash can,0.499050,200.98,146.66,223.85,180.79
49,1.633333,2006,0,person,0.703877,100.39,181.19,168.42,241.45
49,1.633333,2039,74,bucket,0.437159,201.41,146.71,223.57,180.82
49,1.633333,2042,0,person,0.307964,121.28,252.99,212.33,351.76
49,1.633333,1998,0,person,0.364843,323.02,0.45,346.34,38.59
50,1.666667,1993,0,person,0.666397,386.53,64.36,431.40,169.96
50,1.666667,1994,2,helmet,0.555957,220.63,244.57,249.61,269.02
50,1.666667,1996,0,person,0.796065,188.65,41.14,248.59,158.84
50,1.666667,2000,2,helmet,0.588865,190.12,41.67,208.00,58.00
50,1.666667,2002,0,person,0.632412,599.23,150.72,638.98,263.11
50,1.666667,2004,36,trash can,0.510110,200.81,146.49,223.67,180.49
50,1.666667,2006,0,person,0.699743,99.50,179.80,168.81,241.61
50,1.666667,2039,74,bucket,0.375527,201.20,146.62,223.26,180.43
50,1.666667,2042,0,person,0.311400,119.51,252.46,208.69,351.42
50,1.666667,1998,0,person,0.415817,321.91,0.36,345.57,39.59
50,1.666667,1997,76,gloves,0.360455,226.64,92.04,235.19,108.67
51,1.700000,1993,0,person,0.730552,386.74,60.02,433.17,169.85
51,1.700000,1994,2,helmet,0.650786,219.34,247.60,247.83,271.56
51,1.700000,1996,0,person,0.812260,188.63,41.05,248.58,158.75
51,1.700000,2000,2,helmet,0.610117,189.92,41.59,207.76,57.86
51,1.700000,2002,0,person,0.671436,600.19,150.93,639.74,262.90
51,1.700000,2004,36,trash can,0.501598,200.30,146.07,223.44,180.37
51,1.700000,2006,0,person,0.710527,99.37,179.35,168.58,241.48
51,1.700000,2042,0,person,0.446456,118.40,250.69,207.02,351.55
51,1.700000,1998,0,person,0.539407,320.82,0.37,344.49,40.08
51,1.700000,1997,76,gloves,0.421329,226.46,92.39,234.83,108.49
52,1.733333,1993,0,person,0.700589,386.71,59.27,433.42,169.93
52,1.733333,1994,2,helmet,0.368183,218.27,248.55,246.90,272.53
52,1.733333,1996,0,person,0.809558,188.58,41.02,248.58,158.73
52,1.733333,2000,2,helmet,0.600159,189.97,41.55,207.86,57.80
52,1.733333,2002,0,person,0.662757,600.66,151.04,640.00,262.90
52,1.733333,2004,36,trash can,0.488019,200.64,146.48,223.61,180.48
52,1.733333,2006,0,person,0.685821,99.75,179.27,168.41,241.20
52,1.733333,1998,0,person,0.538558,320.49,0.37,344.02,40.26
52,1.733333,1997,76,gloves,0.425528,226.36,92.48,234.73,108.43
53,1.766667,1993,0,person,0.727366,386.60,54.97,434.79,170.07
53,1.766667,1994,2,helmet,0.523476,217.36,250.97,245.97,274.82
53,1.766667,1996,0,person,0.802199,188.35,41.20,248.43,158.74
53,1.766667,2000,2,helmet,0.559921,190.40,41.73,208.00,57.67
53,1.766667,2002,0,person,0.649127,600.95,151.01,640.00,262.97
53,1.766667,2004,36,trash can,0.500693,200.77,146.55,223.80,180.54
53,1.766667,2006,0,person,0.667186,100.36,179.73,168.24,241.22
53,1.766667,1998,0,person,0.483592,321.12,0.36,343.78,39.46
53,1.766667,1997,76,gloves,0.449244,226.53,93.02,234.80,108.65
53,1.766667,2057,74,bucket,0.448532,200.89,146.73,223.76,180.54
53,1.766667,2042,0,person,0.338019,127.63,243.50,221.86,351.68
54,1.800000,1993,0,person,0.748849,387.38,52.45,436.06,169.63
54,1.800000,1994,2,helmet,0.273340,216.34,253.15,244.87,276.92
54,1.800000,1996,0,person,0.811758,188.45,41.27,248.59,158.74
54,1.800000,2000,2,helmet,0.552442,190.57,41.80,208.06,57.56
54,1.800000,2002,0,person,0.646108,601.03,151.01,640.00,263.01
54,1.800000,2004,36,trash can,0.501885,200.82,146.58,223.89,180.56
54,1.800000,2006,0,person,0.599158,99.88,179.62,168.80,242.49
54,1.800000,1998,0,person,0.481734,321.47,0.35,343.62,39.21
54,1.800000,1997,76,gloves,0.462371,226.58,93.21,234.85,108.73
54,1.800000,2057,74,bucket,0.442279,200.91,146.73,223.78,180.54
55,1.833333,1993,0,person,0.754637,387.79,51.38,436.52,169.49
55,1.833333,1994,2,helmet,0.280514,214.40,253.93,244.70,279.33
55,1.833333,1996,0,person,0.809371,188.11,40.80,248.53,158.65
55,1.833333,2000,2,helmet,0.549799,190.18,41.42,208.14,57.59
55,1.833333,2002,0,person,0.642684,601.05,151.09,640.00,262.94
55,1.833333,2004,36,trash can,0.485872,200.70,146.34,223.85,180.40
55,1.833333,2006,0,person,0.602282,99.78,179.46,169.16,243.10
55,1.833333,1998,0,person,0.524202,321.13,0.35,343.35,39.83
55,1.833333,1997,76,gloves,0.391900,226.35,92.75,234.81,108.55
55,1.833333,2057,74,bucket,0.409331,200.79,146.47,223.66,180.28
56,1.866667,1993,0,person,0.676957,389.32,52.42,437.21,168.97
56,1.866667,1994,2,helmet,0.342954,214.14,255.68,243.88,280.64
56,1.866667,1996,0,person,0.801339,187.98,40.90,248.50,158.78
56,1.866667,2000,2,helmet,0.557270,190.05,41.45,208.10,57.70
56,1.866667,2002,0,person,0.658110,601.04,151.05,640.00,262.99
56,1.866667,2004,36,trash can,0.477499,200.44,146.13,223.81,180.48
56,1.866667,2006,0,person,0.652664,100.26,179.43,169.39,243.07
56,1.866667,1998,0,person,0.518640,321.38,0.34,343.03,39.35
56,1.866667,1997,76,gloves,0.372185,225.52,92.92,234.23,109.16
56,1.866667,2057,74,bucket,0.386433,200.54,146.29,223.62,180.41
57,1.900000,1993,0,person,0.538594,390.58,52.73,437.86,167.62
57,1.900000,1996,0,person,0.806448,187.53,40.93,248.23,158.59
57,1.900000,2000,2,helmet,0.550128,190.13,41.46,208.04,57.56
57,1.900000,2002,0,person,0.652216,600.49,151.16,639.75,262.93
57,1.900000,2004,36,trash can,0.506187,200.67,146.23,223.98,180.49
57,1.900000,2006,0,person,0.588991,100.39,179.42,169.51,243.32
57,1.900000,1998,0,person,0.433828,320.71,0.42,342.69,40.43
57,1.900000,1997,76,gloves,0.477055,225.13,92.52,234.26,109.57
57,1.900000,2057,74,bucket,0.414757,200.83,146.31,223.95,180.48
58,1.933333,1993,0,person,0.469450,393.92,57.19,438.87,166.43
58,1.933333,1996,0,person,0.805152,187.63,41.19,248.39,158.46
58,1.933333,2000,2,helmet,0.504743,190.59,41.72,208.34,57.60
58,1.933333,2002,0,person,0.651368,600.51,151.06,639.85,262.99
58,1.933333,2004,74,bucket,0.385515,200.92,146.16,224.25,180.51
58,1.933333,2006,0,person,0.451182,101.49,179.81,168.79,242.08
58,1.933333,1998,0,person,0.386877,321.37,0.43,342.70,39.77
58,1.933333,1997,76,gloves,0.363870,225.33,92.42,234.35,109.23
58,1.933333,2057,36,trash can,0.515606,200.94,146.20,224.16,180.51
59,1.966667,1993,0,person,0.778570,395.12,49.94,442.18,165.34
59,1.966667,1996,0,person,0.749822,188.25,41.06,249.09,158.45
59,1.966667,2000,2,helmet,0.536021,190.66,41.59,208.51,57.50
59,1.966667,2002,0,person,0.660048,600.84,151.02,640.00,263.00
59,1.966667,2004,36,trash can,0.497906,200.93,146.14,224.28,180.50
59,1.966667,2006,0,person,0.521054,101.48,179.98,169.11,242.68
59,1.966667,1998,0,person,0.377874,320.64,0.40,341.88,40.28
59,1.966667,1997,76,gloves,0.305716,225.35,92.05,234.45,109.02
59,1.966667,2057,74,bucket,0.301656,201.06,146.02,224.33,180.43
59,1.966667,2063,37,shelf,0.311940,462.34,0.40,562.05,90.81
59,1.966667,2042,0,person,0.273487,136.57,240.11,230.58,351.61
59,1.966667,1994,2,helmet,0.378328,209.74,260.13,239.55,285.22
60,2.000000,1993,0,person,0.790243,397.13,45.92,444.10,161.42
60,2.000000,1996,0,person,0.782118,188.41,41.04,249.33,158.51
60,2.000000,2000,2,helmet,0.536089,190.64,41.54,208.61,57.53
60,2.000000,2002,0,person,0.661883,600.97,150.99,640.00,263.00
60,2.000000,2004,36,trash can,0.517120,200.95,146.16,224.27,180.47
60,2.000000,2006,0,person,0.655126,101.69,179.95,168.82,242.26
60,2.000000,1998,0,person,0.403479,320.63,0.42,341.54,40.30
60,2.000000,1997,76,gloves,0.311442,225.25,93.15,233.97,109.32
60,2.000000,2063,37,shelf,0.283966,462.31,0.41,562.03,90.82
60,2.000000,2042,0,person,0.490990,138.46,239.42,228.33,351.20
61,2.033333,1993,0,person,0.772610,398.28,44.33,444.84,158.90
61,2.033333,1996,0,person,0.782539,188.49,41.04,249.45,158.53
61,2.033333,2000,2,helmet,0.516573,190.61,41.53,208.67,57.55
61,2.033333,2002,0,person,0.658255,601.01,150.97,640.00,263.01
61,2.033333,2004,36,trash can,0.508594,200.95,146.18,224.27,180.47
61,2.033333,2006,0,person,0.634988,101.62,179.76,168.59,242.01
61,2.033333,1998,0,person,0.402602,320.72,0.42,341.34,40.30
61,2.033333,1997,76,gloves,0.313974,225.21,93.57,233.81,109.43
61,2.033333,2063,37,shelf,0.298419,462.28,0.41,562.07,90.87
61,2.033333,2042,0,person,0.418325,141.29,238.35,227.52,351.02
62,2.066667,1993,0,person,0.804689,399.53,41.97,445.77,155.74
62,2.066667,1996,0,person,0.781787,188.09,40.74,249.31,158.56
62,2.066667,2000,2,helmet,0.489947,190.41,41.17,208.90,57.60
62,2.066667,2002,0,person,0.661350,601.11,151.00,640.00,262.99
62,2.066667,2004,36,trash can,0.502316,200.93,146.14,224.27,180.46
62,2.066667,2006,0,person,0.651149,102.36,180.10,168.11,241.13
62,2.066667,1998,0,person,0.402768,320.85,0.42,341.18,40.29
62,2.066667,1997,76,gloves,0.397560,224.83,92.33,234.11,109.59
62,2.066667,2063,37,shelf,0.284625,462.41,0.43,562.01,90.70
62,2.066667,2042,0,person,0.504496,141.41,237.99,224.88,351.01
62,2.066667,2065,74,bucket,0.374825,201.23,146.08,224.22,180.45
63,2.100000,1993,0,person,0.816061,401.59,41.07,446.65,151.35
63,2.100000,1996,0,person,0.763535,188.42,40.78,249.68,158.63
63,2.100000,2000,2,helmet,0.481015,190.83,41.20,208.90,57.22
63,2.100000,2002,0,person,0.651243,600.45,151.07,639.69,262.97
63,2.100000,2004,36,trash can,0.501936,201.04,145.96,224.61,180.51
63,2.100000,2006,0,person,0.664567,102.36,180.05,167.89,240.88
63,2.100000,1998,0,person,0.414526,320.18,0.50,340.83,41.41
63,2.100000,1997,76,gloves,0.435428,224.95,92.74,234.08,109.86
63,2.100000,2063,37,shelf,0.274335,462.56,0.46,562.16,90.70
63,2.100000,2042,0,person,0.440291,145.85,237.68,226.30,350.77
64,2.133333,1993,0,person,0.762992,402.70,40.25,447.85,149.69
64,2.133333,1996,0,person,0.784982,189.43,41.36,250.46,159.01
64,2.133333,2000,2,helmet,0.404666,191.60,41.74,209.56,57.65
64,2.133333,2002,0,person,0.622839,600.20,151.35,639.51,263.11
64,2.133333,2004,36,trash can,0.428351,201.65,146.62,224.94,180.78
64,2.133333,2006,0,person,0.644775,104.62,182.63,167.74,240.92
64,2.133333,1998,0,person,0.379917,320.10,0.39,340.91,42.18
64,2.133333,1997,76,gloves,0.406557,225.60,93.29,234.51,110.07
64,2.133333,2042,0,person,0.525701,150.70,235.61,231.49,351.07
65,2.166667,1993,0,person,0.811309,403.97,38.49,449.69,149.75
65,2.166667,1996,0,person,0.744892,190.15,41.49,251.04,159.20
65,2.166667,2000,2,helmet,0.388030,192.21,41.93,210.14,57.78
65,2.166667,2002,0,person,0.617455,601.13,151.55,640.00,263.35
65,2.166667,2004,36,trash can,0.465413,202.15,146.92,225.28,180.84
65,2.166667,2006,0,person,0.654602,104.81,182.30,168.37,240.88
65,2.166667,1998,0,person,0.466759,320.83,0.38,341.66,42.39
65,2.166667,1997,76,gloves,0.397633,225.99,94.17,234.65,110.56
65,2.166667,2042,0,person,0.460760,152.41,235.07,232.32,351.16
65,2.166667,2066,74,bucket,0.383767,202.81,146.97,225.42,180.88
65,2.166667,2063,37,shelf,0.263093,462.89,0.56,562.93,91.18
66,2.200000,1993,0,person,0.820340,404.60,38.14,450.22,149.46
66,2.200000,1996,0,person,0.752995,190.13,41.11,251.12,159.28
66,2.200000,2000,2,helmet,0.476002,192.33,41.64,210.63,57.81
66,2.200000,2002,0,person,0.617358,601.53,151.50,640.00,263.43
66,2.200000,2004,36,trash can,0.438382,202.33,147.03,225.41,180.87
66,2.200000,2006,0,person,0.664185,104.72,182.05,168.66,240.89
66,2.200000,1998,0,person,0.438918,321.01,0.38,342.05,42.98
66,2.200000,1997,76,gloves,0.415593,226.14,94.54,234.67,110.74
66,2.200000,2042,0,person,0.259773,153.33,234.32,232.38,351.20
66,2.200000,2066,74,bucket,0.369526,202.89,147.00,225.48,180.85
67,2.233333,1993,0,person,0.809370,405.00,37.69,450.63,149.33
67,2.233333,1996,0,person,0.771257,190.20,40.77,251.15,159.14
67,2.233333,2000,2,helmet,0.432116,192.31,41.32,210.85,57.73
67,2.233333,2002,0,person,0.625651,601.36,151.45,640.00,263.36
67,2.233333,2004,36,trash can,0.480811,202.27,146.68,225.50,180.74
67,2.233333,2006,0,person,0.646691,104.49,181.74,168.74,240.82
67,2.233333,1998,0,person,0.439199,321.09,0.39,342.14,43.10
67,2.233333,1997,76,gloves,0.368684,226.16,94.46,234.72,110.80
67,2.233333,2066,74,bucket,0.387802,202.77,146.55,225.56,180.70
68,2.266667,1993,0,person,0.791657,405.36,36.45,451.16,149.02
68,2.266667,1996,0,person,0.769157,190.48,40.51,251.38,159.09
68,2.266667,2000,2,helmet,0.420286,192.61,41.06,211.13,57.41
68,2.266667,2002,0,person,0.616315,601.38,151.50,640.00,263.32
68,2.266667,2004,36,trash can,0.509081,202.36,146.56,225.63,180.67
68,2.266667,2006,0,person,0.651039,105.02,181.73,169.10,240.58
68,2.266667,1998,0,person,0.381788,321.31,0.35,342.37,43.16
68,2.266667,1997,76,gloves,0.328223,226.31,94.01,235.05,110.81
68,2.266667,2066,74,bucket,0.368451,202.88,146.42,225.73,180.64
68,2.266667,2067,2,helmet,0.502003,191.74,274.77,218.11,297.66
68,2.266667,2042,0,person,0.408949,155.27,233.74,232.53,351.14
69,2.300000,1993,0,person,0.787566,406.00,35.99,451.86,149.13
69,2.300000,1996,0,person,0.778350,190.83,40.54,251.72,159.31
69,2.300000,2000,2,helmet,0.495386,192.97,41.10,211.73,57.68
69,2.300000,2002,0,person,0.593330,601.14,151.47,640.00,263.31
69,2.300000,2004,36,trash can,0.491989,202.68,146.58,226.10,180.87
69,2.300000,2006,0,person,0.672253,105.04,181.25,169.77,240.76
69,2.300000,1998,0,person,0.353953,321.61,0.36,342.85,43.65
69,2.300000,1997,76,gloves,0.423598,226.71,93.90,235.51,110.93
69,2.300000,2066,74,bucket,0.379313,203.26,146.51,226.20,180.85
70,2.333333,1993,0,person,0.807288,407.00,35.78,452.89,149.27
70,2.333333,1996,0,person,0.777313,191.82,40.65,252.54,159.27
70,2.333333,2000,2,helmet,0.499486,193.38,41.20,212.40,58.06
70,2.333333,2002,0,person,0.569851,601.88,151.54,640.00,263.45
70,2.333333,2004,74,bucket,0.312642,203.80,146.95,226.98,180.88
70,2.333333,2006,0,person,0.681677,105.44,181.17,170.51,241.10
70,2.333333,1998,0,person,0.265084,322.33,0.40,343.59,43.84
70,2.333333,1997,76,gloves,0.449639,227.21,93.85,236.12,111.20
70,2.333333,2066,36,trash can,0.504492,204.09,147.08,226.74,180.91
71,2.366667,1993,0,person,0.814411,407.61,35.34,453.65,149.56
71,2.366667,1996,0,person,0.776468,192.58,40.63,253.25,159.32
71,2.366667,2000,2,helmet,0.473634,194.22,41.18,212.82,57.66
71,2.366667,2002,0,person,0.587172,602.23,151.65,640.00,263.58
71,2.366667,2004,36,trash can,0.416312,203.02,142.95,228.79,181.13
71,2.366667,2006,0,person,0.685553,105.80,181.16,171.16,241.46
71,2.366667,1998,0,person,0.304217,322.85,0.40,344.07,43.96
71,2.366667,1997,76,gloves,0.451802,227.74,94.34,236.48,111.39
72,2.400000,1993,0,person,0.811924,408.12,34.13,454.46,149.25
72,2.400000,1996,0,person,0.799448,193.08,40.23,253.70,159.18
72,2.400000,2002,0,person,0.545686,601.73,151.38,640.00,263.35
72,2.400000,2006,0,person,0.699477,105.85,180.63,171.30,241.05
72,2.400000,1998,0,person,0.330777,323.20,0.48,344.19,43.60
72,2.400000,1997,76,gloves,0.298223,227.81,93.89,236.61,111.15
72,2.400000,2066,36,trash can,0.555743,204.94,147.41,227.31,180.69
73,2.433333,1993,0,person,0.816619,408.48,33.34,454.91,148.88
73,2.433333,1996,0,person,0.793570,193.08,39.86,253.72,159.13
73,2.433333,2002,0,person,0.553593,602.31,151.38,640.00,263.17
73,2.433333,2006,0,person,0.670316,105.86,179.69,171.79,240.70
73,2.433333,1998,0,person,0.378419,323.56,0.59,344.31,43.14
73,2.433333,2066,36,trash can,0.550399,204.99,147.06,227.55,180.57
73,2.433333,2000,2,helmet,0.273147,194.22,40.56,213.85,58.08
74,2.466667,1993,0,person,0.788738,409.53,32.16,455.82,148.16
74,2.466667,1996,0,person,0.793383,193.42,39.68,253.84,159.01
74,2.466667,2002,0,person,0.542595,602.78,151.45,640.00,263.10
74,2.466667,2006,0,person,0.701938,105.92,179.21,172.46,241.03
74,2.466667,1998,0,person,0.288557,323.84,0.54,344.67,43.16
74,2.466667,2066,36,trash can,0.581997,204.94,146.49,227.93,180.59
74,2.466667,2042,0,person,0.485857,158.74,230.63,234.94,350.91
75,2.500000,1993,0,person,0.778822,411.01,30.71,456.56,145.27
75,2.500000,1996,0,person,0.822577,194.01,39.56,254.10,158.91
75,2.500000,2002,0,person,0.531010,602.92,151.34,640.00,263.34
75,2.500000,2006,0,person,0.678077,106.13,179.29,172.59,241.19
75,2.500000,2066,36,trash can,0.457444,205.28,147.06,227.91,180.53
75,2.500000,2042,0,person,0.445197,158.70,229.93,233.89,351.40
75,2.500000,2000,2,helmet,0.250258,195.28,40.22,215.23,58.26
76,2.533333,1993,0,person,0.794147,411.95,30.08,456.95,143.79
76,2.533333,1996,0,person,0.792255,194.61,39.74,254.33,159.01
76,2.533333,2002,0,person,0.560246,603.25,151.62,640.00,263.59
76,2.533333,2006,0,person,0.661768,106.43,179.45,172.85,241.48
76,2.533333,2066,74,bucket,0.289198,205.56,146.75,228.37,180.55
76,2.533333,2042,0,person,0.554944,158.59,229.89,232.74,351.72
76,2.533333,2004,36,trash can,0.501443,204.43,144.28,229.05,181.01
76,2.533333,1997,76,gloves,0.272501,228.57,95.20,236.86,111.40
76,2.533333,1998,0,person,0.322894,324.86,0.60,345.92,43.27
77,2.566667,1993,0,person,0.771088,412.31,28.36,457.08,141.92
77,2.566667,1996,0,person,0.782782,195.15,39.85,254.48,159.06
77,2.566667,2002,0,person,0.573887,602.77,151.81,640.00,263.69
77,2.566667,2006,0,person,0.652952,106.67,179.62,172.86,241.58
77,2.566667,2042,0,person,0.404668,158.14,229.90,231.52,351.80
77,2.566667,1997,76,gloves,0.258581,228.62,95.32,236.87,111.41
78,2.600000,1993,0,person,0.820060,413.14,26.32,455.89,134.09
78,2.600000,1996,0,person,0.801438,195.55,39.77,254.57,159.11
78,2.600000,2002,0,person,0.590161,603.02,151.94,640.00,263.90
78,2.600000,2006,0,person,0.631221,107.21,180.48,172.49,241.62
78,2.600000,2042,0,person,0.347168,163.16,229.85,234.24,351.90
78,2.600000,2070,74,bucket,0.314329,206.12,155.43,228.49,180.61
78,2.600000,2004,36,trash can,0.368978,203.86,141.52,229.80,180.85
79,2.633333,1993,0,person,0.814292,413.83,25.62,456.10,132.17
79,2.633333,1996,0,person,0.823577,195.89,39.82,254.45,159.07
79,2.633333,2002,0,person,0.622576,603.01,152.01,640.00,264.03
79,2.633333,2006,0,person,0.671348,107.64,180.70,172.56,241.53
79,2.633333,2042,0,person,0.646038,166.48,229.81,235.41,351.75
79,2.633333,2070,74,bucket,0.302627,206.14,155.31,228.58,180.59
79,2.633333,2004,36,trash can,0.362110,204.09,140.85,230.06,180.86
79,2.633333,2000,2,helmet,0.363539,197.70,40.36,217.28,58.30
79,2.633333,1997,76,gloves,0.352150,229.50,95.65,237.35,110.87
80,2.666667,1993,0,person,0.825652,414.46,24.51,456.48,129.86
80,2.666667,1996,0,person,0.810534,196.39,39.69,254.55,159.05
80,2.666667,2002,0,person,0.621213,601.67,151.79,639.46,263.87
80,2.666667,2006,0,person,0.667763,107.72,180.05,172.62,240.97
80,2.666667,2042,0,person,0.583335,168.01,229.59,235.30,351.66
80,2.666667,2070,36,trash can,0.475896,203.13,148.49,231.53,180.73
80,2.666667,2072,2,helmet,0.447041,154.46,273.34,184.30,297.79
80,2.666667,2000,2,helmet,0.398772,198.59,40.13,217.83,57.89
80,2.666667,1997,76,gloves,0.334992,229.59,94.20,238.15,110.94
80,2.666667,1998,0,person,0.329507,325.95,0.67,347.42,43.58
81,2.700000,1993,0,person,0.823765,415.04,22.74,457.27,128.57
81,2.700000,1996,0,person,0.804705,197.09,39.35,254.79,158.68
81,2.700000,2002,0,person,0.611852,600.91,151.25,639.04,263.61
81,2.700000,2006,0,person,0.637462,108.11,179.88,172.65,240.51
81,2.700000,2042,0,person,0.641337,169.29,229.30,235.22,351.56
81,2.700000,2070,74,bucket,0.277267,202.21,145.73,232.56,180.51
81,2.700000,2072,2,helmet,0.308599,152.37,273.17,182.53,297.90
81,2.700000,2000,2,helmet,0.376337,199.42,39.77,218.56,57.59
81,2.700000,1997,76,gloves,0.351106,230.05,93.70,238.74,110.83
81,2.700000,1998,0,person,0.278247,326.21,0.69,347.72,43.28
81,2.700000,2063,37,shelf,0.281367,466.76,0.51,566.61,90.98
81,2.700000,2004,36,trash can,0.582510,205.83,144.89,228.96,180.41
82,2.733333,1993,0,person,0.839712,415.46,21.96,457.85,128.14
82,2.733333,1996,0,person,0.798130,197.69,39.06,254.99,158.44
82,2.733333,2002,0,person,0.614813,600.32,150.94,638.77,263.41
82,2.733333,2006,0,person,0.620048,108.69,180.12,172.60,240.16
82,2.733333,2042,0,person,0.651951,169.81,229.07,234.72,351.67
82,2.733333,2070,74,bucket,0.444424,202.21,144.47,233.01,180.19
82,2.733333,2072,2,helmet,0.421059,149.09,272.59,179.69,297.74
82,2.733333,2000,2,helmet,0.292447,200.09,39.47,219.05,57.27
82,2.733333,1997,76,gloves,0.364113,230.51,93.78,239.03,110.62
82,2.733333,2004,36,trash can,0.561813,206.31,145.50,228.86,180.05
83,2.766667,1993,0,person,0.797921,416.03,20.67,458.78,127.82
83,2.766667,1996,0,person,0.818189,198.49,38.81,255.51,158.44
83,2.766667,2002,0,person,0.599656,600.26,150.67,639.04,263.61
83,2.766667,2006,0,person,0.636533,109.49,180.14,172.99,239.75
83,2.766667,2042,0,person,0.664451,170.46,228.94,234.42,351.69
83,2.766667,2070,74,bucket,0.533964,203.24,144.79,233.29,180.08
83,2.766667,2072,2,helmet,0.326010,148.58,272.82,178.75,297.68
83,2.766667,2004,36,trash can,0.596550,207.18,146.18,229.29,179.99
84,2.800000,1993,0,person,0.797882,417.18,20.11,459.92,127.39
84,2.800000,1996,0,person,0.799414,199.30,38.83,255.99,158.73
84,2.800000,2002,0,person,0.567245,602.47,150.41,640.00,263.73
84,2.800000,2006,0,person,0.657885,109.96,179.75,173.83,239.80
84,2.800000,2042,0,person,0.692403,172.47,229.37,235.49,351.88
84,2.800000,2070,74,bucket,0.460512,204.06,145.36,233.51,180.41
84,2.800000,2004,36,trash can,0.552266,207.72,146.81,229.74,180.36
84,2.800000,1998,0,person,0.351919,327.41,0.72,349.08,43.09
84,2.800000,2063,37,shelf,0.279770,468.10,0.56,568.09,91.12
85,2.833333,1993,0,person,0.802493,417.79,19.81,460.50,127.28
85,2.833333,1996,0,person,0.794263,200.11,39.01,256.39,158.89
85,2.833333,2002,0,person,0.583132,603.80,149.98,640.00,263.87
85,2.833333,2006,0,person,0.588149,110.47,180.20,173.96,239.90
85,2.833333,2042,0,person,0.773098,173.86,229.63,235.96,351.95
85,2.833333,2070,74,bucket,0.423952,204.75,145.72,233.58,180.49
85,2.833333,2004,36,trash can,0.478320,208.10,147.13,230.08,180.52
85,2.833333,1998,0,person,0.475089,327.84,0.74,349.65,42.73
86,2.866667,1993,0,person,0.808495,418.58,18.48,461.71,127.16
86,2.866667,1996,0,person,0.783322,200.76,38.89,256.70,158.84
86,2.866667,2002,0,person,0.551060,604.67,149.37,640.00,263.74
86,2.866667,2006,0,person,0.623345,110.14,179.44,174.39,239.95
86,2.866667,2042,0,person,0.713799,173.52,229.43,235.34,351.98
86,2.866667,2070,74,bucket,0.436515,205.23,145.62,233.64,180.38
86,2.866667,2004,36,trash can,0.523899,208.23,146.84,230.38,180.41
86,2.866667,1998,0,person,0.295700,328.08,0.68,350.13,42.66
87,2.900000,1993,0,person,0.804930,419.37,17.88,462.75,127.39
87,2.900000,1996,0,person,0.771174,201.29,38.82,256.93,158.90
87,2.900000,2002,0,person,0.581885,605.57,149.26,640.00,263.56
87,2.900000,2006,0,person,0.619863,110.45,179.24,174.80,239.92
87,2.900000,2042,0,person,0.759537,175.28,229.38,236.58,351.99
87,2.900000,2070,74,bucket,0.432501,205.66,145.73,233.60,180.38
87,2.900000,2004,36,trash can,0.524445,208.46,146.87,230.63,180.39
87,2.900000,1998,0,person,0.339533,328.22,0.63,350.50,42.63
88,2.933333,1993,0,person,0.800738,419.91,17.67,463.30,127.38
88,2.933333,1996,0,person,0.770464,201.69,38.79,257.01,158.92
88,2.933333,2002,0,person,0.539474,605.42,149.89,640.00,263.75
88,2.933333,2006,0,person,0.615496,110.76,179.28,174.97,239.83
88,2.933333,2042,0,person,0.727914,175.96,229.32,236.70,351.99
88,2.933333,2070,74,bucket,0.457349,206.19,145.89,233.59,180.32
88,2.933333,2004,36,trash can,0.545473,208.71,146.94,230.85,180.38
88,2.933333,1998,0,person,0.321877,328.69,0.67,350.77,41.72
89,2.966667,1993,0,person,0.812302,420.58,16.83,464.11,127.13
89,2.966667,1996,0,person,0.766038,201.87,38.42,256.92,158.70
89,2.966667,2002,0,person,0.540940,605.28,150.24,640.00,263.75
89,2.966667,2006,0,person,0.545884,114.87,184.27,173.69,239.32
89,2.966667,2042,0,person,0.738899,176.40,229.28,236.59,352.00
89,2.966667,2070,74,bucket,0.443272,206.48,145.91,233.36,180.12
89,2.966667,2004,36,trash can,0.537238,208.80,146.82,230.92,180.17
89,2.966667,1998,0,person,0.328928,328.76,0.70,350.94,41.45
90,3.000000,1993,0,person,0.768864,421.15,15.88,464.60,126.38
90,3.000000,1996,0,person,0.773357,202.38,38.17,257.13,158.36
90,3.000000,2002,0,person,0.523216,605.04,149.85,640.00,263.58
90,3.000000,2006,0,person,0.597368,114.24,183.96,173.70,239.26
90,3.000000,2042,0,person,0.684550,176.59,228.93,236.53,351.92
90,3.000000,2070,74,bucket,0.513330,206.96,145.96,233.14,179.61
90,3.000000,2004,36,trash can,0.519466,209.00,146.83,230.86,179.58
90,3.000000,1998,0,person,0.350113,328.64,0.66,351.09,41.59
91,3.033333,1993,0,person,0.780167,421.64,15.56,465.14,126.36
91,3.033333,1996,0,person,0.782005,202.89,38.16,257.28,158.10
91,3.033333,2002,0,person,0.532304,605.67,149.90,640.00,263.69
91,3.033333,2006,0,person,0.630534,114.66,184.07,174.23,239.18
91,3.033333,2042,0,person,0.708206,176.80,229.06,236.58,351.96
91,3.033333,2070,74,bucket,0.449492,207.70,146.06,233.40,179.43
91,3.033333,2004,36,trash can,0.574247,209.46,146.62,231.47,179.49
92,3.066667,1993,0,person,0.690579,425.41,14.62,466.34,119.58
92,3.066667,1996,0,person,0.783292,203.53,38.29,257.57,158.01
92,3.066667,2002,0,person,0.525713,605.12,147.34,640.00,263.81
92,3.066667,2006,0,person,0.642208,113.71,181.77,175.61,239.09
92,3.066667,2042,0,person,0.709416,177.61,229.19,237.19,351.97
92,3.066667,2070,74,bucket,0.396118,208.32,146.20,233.61,179.34
92,3.066667,2004,36,trash can,0.518239,209.91,146.83,231.80,179.39
93,3.100000,1993,0,person,0.769749,428.23,12.95,467.96,114.58
93,3.100000,1996,0,person,0.787976,203.93,38.21,257.77,158.00
93,3.100000,2002,0,person,0.527057,606.51,149.74,640.00,263.41
93,3.100000,2006,0,person,0.632647,113.76,181.57,175.80,238.97
93,3.100000,2042,0,person,0.689839,177.23,229.18,236.83,351.97
93,3.100000,2070,36,trash can,0.535543,208.66,146.18,233.79,179.39
93,3.100000,2004,74,bucket,0.403407,210.30,147.02,232.11,179.36
94,3.133333,1993,0,person,0.781138,428.31,12.00,469.23,117.46
94,3.133333,1996,0,person,0.791088,204.23,38.04,257.81,157.82
94,3.133333,2002,0,person,0.503127,607.13,150.44,640.00,263.01
94,3.133333,2006,0,person,0.629053,114.52,182.40,175.63,238.76
94,3.133333,2042,0,person,0.686734,177.43,229.00,237.02,351.98
94,3.133333,2070,36,trash can,0.469985,209.02,146.50,233.60,179.19
94,3.133333,2004,74,bucket,0.388234,210.59,147.03,232.29,179.12
95,3.166667,1993,0,person,0.809754,428.36,10.49,469.87,118.13
95,3.166667,1996,0,person,0.801700,204.53,37.84,257.96,157.82
95,3.166667,2002,0,person,0.506987,607.55,150.77,640.00,262.84
95,3.166667,2006,0,person,0.626807,114.23,181.54,176.00,238.47
95,3.166667,2042,0,person,0.701414,177.34,228.97,236.85,351.99
95,3.166667,2070,36,trash can,0.465931,209.18,146.57,233.51,179.15
95,3.166667,2004,74,bucket,0.383631,210.73,147.26,232.32,179.07
96,3.200000,1993,0,person,0.788570,430.54,9.00,470.89,113.88
96,3.200000,1996,0,person,0.803469,204.59,37.57,257.73,157.32
96,3.200000,2002,0,person,0.474274,608.34,149.17,640.00,262.73
96,3.200000,2006,0,person,0.602845,114.11,181.68,175.84,238.45
96,3.200000,2042,0,person,0.730600,177.02,229.00,236.53,352.00
96,3.200000,2070,74,bucket,0.338444,209.35,146.46,233.36,178.77
96,3.200000,2004,36,trash can,0.408012,210.59,146.92,232.27,178.72
96,3.200000,1998,0,person,0.289728,329.64,0.39,352.14,41.13
97,3.233333,1993,0,person,0.808297,431.38,8.32,471.19,111.99
97,3.233333,1996,0,person,0.795799,204.65,37.44,257.61,157.19
97,3.233333,2002,0,person,0.516500,607.78,149.28,640.00,262.55
97,3.233333,2006,0,person,0.611077,113.30,180.84,176.06,238.56
97,3.233333,2042,0,person,0.707247,176.80,229.04,236.33,352.00
97,3.233333,2070,36,trash can,0.447826,209.45,146.51,233.27,178.72
97,3.233333,2004,74,bucket,0.373281,210.83,147.49,232.19,178.67
97,3.233333,2081,2,helmet,0.343292,187.75,229.45,206.63,248.14
97,3.233333,1998,0,person,0.310479,329.56,0.39,352.22,41.21
98,3.266667,1993,0,person,0.806512,432.69,6.77,472.62,110.67
98,3.266667,1996,0,person,0.801647,204.60,37.42,257.41,157.07
98,3.266667,2002,0,person,0.481513,608.17,149.46,640.00,262.53
98,3.266667,2006,0,person,0.623815,113.01,180.39,176.21,238.57
98,3.266667,2042,0,person,0.755035,176.53,229.05,236.09,352.00
98,3.266667,2070,36,trash can,0.397206,209.44,146.50,233.25,178.86
98,3.266667,2004,74,bucket,0.332487,211.08,148.52,231.98,178.77
98,3.266667,2081,2,helmet,0.396283,187.67,229.44,206.60,248.18
98,3.266667,1998,0,person,0.279911,329.54,0.37,352.28,41.15
98,3.266667,2063,37,shelf,0.255471,471.65,0.55,570.36,89.01
99,3.300000,1993,0,person,0.791536,433.61,5.64,473.57,109.40
99,3.300000,1996,0,person,0.764778,204.46,37.07,257.24,156.83
99,3.300000,2002,0,person,0.493605,608.71,148.46,640.00,262.53
99,3.300000,2006,0,person,0.632658,114.29,182.80,175.13,238.51
99,3.300000,2042,0,person,0.777318,175.98,229.02,235.53,352.00
99,3.300000,2070,36,trash can,0.383490,209.49,146.13,233.22,178.54
99,3.300000,2004,74,bucket,0.319627,211.56,149.88,231.54,178.41
99,3.300000,2081,2,helmet,0.350365,187.40,229.43,206.36,248.17
99,3.300000,1998,0,person,0.309687,331.20,0.24,352.93,39.58
99,3.300000,2063,37,shelf,0.268924,471.96,0.55,570.78,88.47
100,3.333333,1993,0,person,0.794160,433.71,4.38,473.88,108.77
100,3.333333,1996,0,person,0.780044,204.73,36.80,257.41,156.65
100,3.333333,2002,0,person,0.495688,608.92,148.11,640.00,262.42
100,3.333333,2006,0,person,0.646708,115.06,184.37,174.52,238.52
100,3.333333,2042,0,person,0.761069,175.68,228.85,235.31,352.00
100,3.333333,2070,36,trash can,0.393836,209.49,145.90,233.19,178.42
100,3.333333,2004,74,bucket,0.309838,212.28,152.30,230.88,178.24
100,3.333333,2081,2,helmet,0.357238,186.89,229.31,205.91,248.11
100,3.333333,1998,0,person,0.326519,331.77,0.22,353.04,38.97
101,3.366667,1993,0,person,0.797279,433.82,3.56,473.52,107.09
101,3.366667,1996,0,person,0.782207,204.87,36.70,257.46,156.62
101,3.366667,2002,0,person,0.502845,609.22,147.97,640.00,262.41
101,3.366667,2006,0,person,0.645251,115.15,184.84,174.37,238.52
101,3.366667,2042,0,person,0.774460,175.73,228.80,235.47,352.00
101,3.366667,2070,36,trash can,0.400601,209.52,145.81,233.16,178.39
101,3.366667,2004,74,bucket,0.310290,212.47,153.33,230.71,178.20
101,3.366667,2081,2,helmet,0.364300,186.74,229.27,205.76,248.06
101,3.366667,1998,0,person,0.321657,332.37,0.25,353.15,38.28
102,3.400000,1993,0,person,0.789957,434.12,2.80,474.06,107.46
102,3.400000,1996,0,person,0.773554,204.75,36.73,257.21,156.61
102,3.400000,2002,0,person,0.504174,608.87,146.65,640.00,262.62
102,3.400000,2006,0,person,0.639355,114.89,184.86,174.27,238.43
102,3.400000,2042,0,person,0.778273,175.75,228.53,235.65,352.00
102,3.400000,2070,36,trash can,0.364196,209.48,145.69,233.04,178.24
102,3.400000,2004,74,bucket,0.375826,212.36,153.70,230.61,178.04
102,3.400000,1998,0,person,0.313562,332.51,0.26,353.10,38.12
102,3.400000,2063,37,shelf,0.280318,472.09,0.56,571.15,88.24
103,3.433333,1993,0,person,0.786875,433.97,2.54,473.84,107.62
103,3.433333,1996,0,person,0.778812,205.01,36.45,257.32,156.37
103,3.433333,2002,0,person,0.533217,608.71,146.15,640.00,262.63
103,3.433333,2006,0,person,0.639193,114.07,183.71,174.72,238.32
103,3.433333,2042,0,person,0.764303,175.35,228.30,235.45,352.00
103,3.433333,2070,36,trash can,0.577336,208.93,144.41,233.14,178.10
103,3.433333,2004,74,bucket,0.382959,210.08,147.80,232.44,177.90
103,3.433333,1998,0,person,0.361793,330.90,0.29,352.35,39.45
103,3.433333,2081,2,helmet,0.269506,186.03,228.76,205.08,247.56
104,3.466667,1993,0,person,0.786891,434.18,1.76,473.91,106.96
104,3.466667,1996,0,person,0.770448,205.00,36.16,257.34,156.44
104,3.466667,2002,0,person,0.531089,608.71,145.80,640.00,262.46
104,3.466667,2006,0,person,0.632155,113.14,181.85,175.39,237.96
104,3.466667,2042,0,person,0.737266,175.21,227.98,235.52,352.00
104,3.466667,2070,36,trash can,0.532252,208.73,143.82,233.16,178.04
104,3.466667,2004,74,bucket,0.273595,209.94,147.41,232.48,177.82
104,3.466667,1998,0,person,0.391100,330.47,0.30,352.21,39.66
104,3.466667,2081,2,helmet,0.262462,185.81,228.47,204.95,247.34
105,3.500000,1993,0,person,0.780457,434.30,1.02,474.25,107.43
105,3.500000,1996,0,person,0.773814,205.14,36.05,257.35,156.33
105,3.500000,2002,0,person,0.535848,608.78,145.67,640.00,262.40
105,3.500000,2006,0,person,0.639738,113.24,182.16,175.17,237.89
105,3.500000,2042,0,person,0.754777,175.25,227.88,235.63,352.00
105,3.500000,2070,36,trash can,0.534993,208.73,143.77,233.07,178.04
105,3.500000,2004,74,bucket,0.327453,209.55,146.26,232.79,177.81
105,3.500000,1998,0,person,0.384480,330.27,0.30,352.21,39.73
105,3.500000,2081,2,helmet,0.332348,185.80,228.40,204.87,247.18
106,3.533333,1993,0,person,0.773158,434.37,0.77,474.32,107.72
106,3.533333,1996,0,person,0.772912,205.21,36.17,257.29,156.44
106,3.533333,2002,0,person,0.533284,608.81,145.27,640.00,262.41
106,3.533333,2006,0,person,0.627342,113.37,182.56,175.08,238.01
106,3.533333,2042,0,person,0.754139,175.29,227.87,235.70,352.00
106,3.533333,2070,36,trash can,0.555125,208.78,143.71,233.02,178.04
106,3.533333,2004,74,bucket,0.371106,209.26,145.29,233.05,177.82
106,3.533333,1998,0,person,0.377470,330.16,0.30,352.25,39.74
106,3.533333,2081,2,helmet,0.333202,185.80,228.38,204.85,247.12
107,3.566667,1993,0,person,0.798463,434.47,0.34,474.28,107.54
107,3.566667,1996,0,person,0.784540,205.27,36.09,257.24,156.33
107,3.566667,2002,0,person,0.505733,610.06,145.58,640.00,262.07
107,3.566667,2006,0,person,0.614147,112.49,180.93,175.78,237.97
107,3.566667,2042,0,person,0.737372,175.24,227.84,235.65,352.00
107,3.566667,2070,36,trash can,0.574763,208.97,143.72,232.97,177.87
107,3.566667,2004,74,bucket,0.382148,209.31,145.01,233.04,177.66
107,3.566667,1998,0,person,0.350264,329.99,0.31,352.17,39.69
107,3.566667,2081,2,helmet,0.342732,185.79,228.36,204.86,247.10
107,3.566667,2083,2,helmet,0.377816,80.73,283.95,109.52,310.26
107,3.566667,2063,37,shelf,0.265562,472.13,0.44,571.27,87.86
108,3.600000,1993,0,person,0.776767,435.18,0.04,473.57,103.53
108,3.600000,1996,0,person,0.800953,205.28,35.79,257.05,156.13
108,3.600000,2002,0,person,0.486680,611.14,145.66,640.00,261.58
108,3.600000,2006,0,person,0.686584,110.43,177.57,177.12,238.13
108,3.600000,2042,0,person,0.737699,175.23,227.44,235.90,352.00
108,3.600000,2070,36,trash can,0.503411,209.10,143.67,232.89,177.67
108,3.600000,2004,74,bucket,0.322487,209.19,144.38,233.11,177.49
108,3.600000,1998,0,person,0.260212,331.37,0.20,352.83,38.49
108,3.600000,2081,2,helmet,0.390013,185.90,227.95,204.81,246.52
108,3.600000,2083,2,helmet,0.422721,79.50,283.81,107.84,309.71
108,3.600000,2063,37,shelf,0.329949,472.36,0.41,571.47,87.52
109,3.633333,1993,0,person,0.769636,436.37,0.00,472.94,98.07
109,3.633333,1996,0,person,0.807946,205.60,35.40,257.30,155.94
109,3.633333,2002,0,person,0.517971,611.33,145.96,640.00,261.51
109,3.633333,2006,0,person,0.665730,109.96,176.39,177.32,237.99
109,3.633333,2042,0,person,0.752382,175.30,227.39,236.07,352.00
109,3.633333,1998,0,person,0.288339,330.47,0.21,352.27,38.88
109,3.633333,2081,2,helmet,0.372017,185.66,227.84,204.79,246.61
109,3.633333,2063,37,shelf,0.340437,472.66,0.40,571.75,87.21
110,3.666667,1993,0,person,0.765676,436.91,0.00,472.18,94.12
110,3.666667,1996,0,person,0.810937,205.75,35.25,257.35,155.88
110,3.666667,2002,0,person,0.494564,611.23,145.71,640.00,261.56
110,3.666667,2006,0,person,0.698745,110.02,175.76,177.43,237.76
110,3.666667,2042,0,person,0.742120,175.33,227.00,236.32,352.00
110,3.666667,1998,0,person,0.253999,330.10,0.22,352.10,39.04
110,3.666667,2081,2,helmet,0.339536,185.38,227.49,204.75,246.46
110,3.666667,2063,37,shelf,0.322188,472.56,0.38,571.82,87.10
110,3.666667,2004,36,trash can,0.554332,209.19,143.61,233.33,177.27
111,3.700000,1993,0,person,0.766495,437.13,0.03,471.75,91.97
111,3.700000,1996,0,person,0.813109,206.04,35.45,257.42,155.82
111,3.700000,2002,0,person,0.523620,611.29,146.37,640.00,261.51
111,3.700000,2006,0,person,0.687368,110.41,175.58,177.07,237.15
111,3.700000,2042,0,person,0.740567,175.60,226.97,236.62,352.00
111,3.700000,1998,0,person,0.264955,332.05,0.21,353.07,37.55
111,3.700000,2081,2,helmet,0.352896,185.28,227.39,204.70,246.41
111,3.700000,2063,37,shelf,0.310848,472.69,0.36,572.05,87.03
111,3.700000,2004,36,trash can,0.504172,209.47,143.49,233.47,177.20
112,3.733333,1993,0,person,0.756510,437.16,0.03,471.72,91.35
112,3.733333,1996,0,person,0.814084,206.14,35.54,257.38,155.82
112,3.733333,2002,0,person,0.505511,611.11,146.33,640.00,261.48
112,3.733333,2006,0,person,0.698147,110.37,175.51,176.89,237.25
112,3.733333,2042,0,person,0.750582,175.55,226.89,236.58,352.00
112,3.733333,1998,0,person,0.262754,332.80,0.21,353.41,37.06
112,3.733333,2081,2,helmet,0.335481,185.03,227.29,204.55,246.43
112,3.733333,2063,37,shelf,0.270261,472.78,0.62,571.94,86.87
112,3.733333,2004,36,trash can,0.572825,209.43,143.50,233.29,177.20
113,3.766667,1993,0,person,0.772741,436.96,0.04,471.75,91.54
113,3.766667,1996,0,person,0.805145,205.86,35.34,256.96,155.67
113,3.766667,2002,0,person,0.507442,611.06,146.05,640.00,261.38
113,3.766667,2006,0,person,0.698680,110.72,175.55,176.95,237.23
113,3.766667,2042,0,person,0.757165,175.54,226.84,236.58,352.00
113,3.766667,1998,0,person,0.285899,331.18,0.24,352.59,38.29
113,3.766667,2081,2,helmet,0.392822,185.02,227.27,204.44,246.30
113,3.766667,2063,37,shelf,0.338451,472.61,0.45,572.02,86.83
113,3.766667,2004,36,trash can,0.347464,209.63,144.03,233.04,177.15
114,3.800000,1993,0,person,0.811886,437.10,0.17,471.97,91.38
114,3.800000,1996,0,person,0.801071,205.92,34.92,257.03,155.36
114,3.800000,2002,0,person,0.536233,612.02,147.31,640.00,261.13
114,3.800000,2006,0,person,0.674382,111.09,175.84,176.83,237.25
114,3.800000,2042,0,person,0.738608,175.48,226.75,236.58,352.00
114,3.800000,1998,0,person,0.303912,330.57,0.25,352.26,38.57
114,3.800000,2063,37,shelf,0.307871,472.53,0.64,572.13,86.99
114,3.800000,2004,36,trash can,0.400128,209.81,144.00,233.22,177.24
114,3.800000,2092,74,bucket,0.378245,210.73,151.80,232.76,177.25
115,3.833333,1993,0,person,0.765237,437.66,0.15,472.39,90.70
115,3.833333,1996,0,person,0.789160,206.02,34.74,257.12,155.29
115,3.833333,2002,0,person,0.530763,612.70,147.76,640.00,261.02
115,3.833333,2006,0,person,0.661099,111.15,176.08,176.56,237.36
115,3.833333,2042,0,person,0.726836,175.49,226.39,236.73,352.00
115,3.833333,1998,0,person,0.363874,330.46,0.29,352.36,38.78
115,3.833333,2063,37,shelf,0.350894,472.79,0.68,572.24,86.79
115,3.833333,2004,36,trash can,0.371109,210.04,144.23,233.16,177.09
115,3.833333,2092,74,bucket,0.397413,210.88,151.78,232.73,177.01
115,3.833333,2081,2,helmet,0.365282,184.84,226.67,204.32,245.78
116,3.866667,1993,0,person,0.812619,437.25,0.14,472.08,90.45
116,3.866667,1996,0,person,0.799182,206.06,34.49,257.13,155.09
116,3.866667,2002,0,person,0.552146,612.53,147.09,640.00,260.84
116,3.866667,2006,0,person,0.603547,113.39,179.58,174.95,236.96
116,3.866667,2042,0,person,0.737149,175.57,226.24,236.83,352.00
116,3.866667,1998,0,person,0.316823,330.34,0.28,352.25,38.63
116,3.866667,2063,37,shelf,0.349120,472.85,0.71,572.37,86.76
116,3.866667,2004,36,trash can,0.346462,210.35,144.60,233.13,177.06
116,3.866667,2092,74,bucket,0.411248,210.97,151.70,232.84,176.95
116,3.866667,2081,2,helmet,0.316184,184.65,226.54,204.20,245.78
117,3.900000,1993,0,person,0.804939,437.01,0.15,471.81,89.50
117,3.900000,1996,0,person,0.792331,206.10,34.35,257.11,154.98
117,3.900000,2002,0,person,0.542252,612.58,147.34,640.00,260.75
117,3.900000,2006,0,person,0.618562,113.77,180.65,174.55,237.10
117,3.900000,2042,0,person,0.731832,175.16,225.97,236.39,352.00
117,3.900000,1998,0,person,0.323220,330.35,0.27,352.24,38.40
117,3.900000,2063,37,shelf,0.351465,472.87,0.72,572.39,86.65
117,3.900000,2004,36,trash can,0.364800,210.38,144.62,233.00,176.85
117,3.900000,2092,74,bucket,0.354415,210.93,151.45,232.77,176.67
117,3.900000,2081,2,helmet,0.346541,184.63,226.31,204.12,245.55
118,3.933333,1993,0,person,0.805279,436.82,0.17,471.81,89.19
118,3.933333,1996,0,person,0.792404,206.13,34.30,257.08,154.94
118,3.933333,2002,0,person,0.540766,613.08,146.86,640.00,260.79
118,3.933333,2006,0,person,0.619330,113.85,181.05,174.46,237.16
118,3.933333,2042,0,person,0.732305,175.06,225.87,236.18,352.00
118,3.933333,1998,0,person,0.317302,330.32,0.26,352.26,38.31
118,3.933333,2063,37,shelf,0.348072,472.80,0.41,572.56,86.52
118,3.933333,2004,36,trash can,0.364678,210.39,144.63,232.95,176.78
118,3.933333,2092,74,bucket,0.354515,210.91,151.37,232.74,176.59
118,3.933333,2081,2,helmet,0.346638,184.65,226.23,204.07,245.47
118,3.933333,2099,37,shelf,0.300416,331.27,4.12,440.70,103.21
119,3.966667,1993,0,person,0.809227,436.72,0.17,471.85,88.78
119,3.966667,1996,0,person,0.799004,206.03,34.15,256.95,154.79
119,3.966667,2002,0,person,0.549231,613.38,146.89,640.00,260.85
119,3.966667,2006,0,person,0.628698,113.65,180.89,174.63,237.21
119,3.966667,2042,0,person,0.749547,175.31,225.83,236.37,352.00
119,3.966667,1998,0,person,0.260758,330.38,0.26,352.30,38.13
119,3.966667,2063,37,shelf,0.380292,472.66,0.32,572.57,86.51
119,3.966667,2004,36,trash can,0.366937,210.52,144.65,232.99,176.64
119,3.966667,2092,74,bucket,0.341382,211.05,151.32,232.81,176.43
119,3.966667,2081,2,helmet,0.375571,184.67,226.21,204.05,245.45
119,3.966667,2099,37,shelf,0.321533,331.43,4.12,440.87,103.22
120,4.000000,1993,0,person,0.806836,436.43,0.21,471.81,88.60
120,4.000000,1996,0,person,0.789116,206.16,34.08,257.06,154.78
120,4.000000,2002,0,person,0.604259,614.28,147.81,640.00,261.38
120,4.000000,2006,0,person,0.737470,111.61,176.25,176.78,236.87
120,4.000000,2042,0,person,0.784343,175.47,225.44,236.63,352.00
120,4.000000,1998,0,person,0.257825,330.44,0.25,352.40,38.01
120,4.000000,2063,37,shelf,0.378842,473.01,0.29,572.59,86.08
120,4.000000,2004,36,trash can,0.439054,210.56,144.31,233.30,176.70
120,4.000000,2092,74,bucket,0.286478,209.01,146.20,235.04,176.61
121,4.033333,1993,0,person,0.773524,436.29,0.21,472.00,88.64
121,4.033333,1996,0,person,0.800496,206.23,33.94,257.09,154.64
121,4.033333,2002,0,person,0.618296,614.69,149.43,640.00,261.69
121,4.033333,2006,0,person,0.745902,111.07,174.06,177.55,236.34
121,4.033333,2042,0,person,0.782122,175.43,225.17,236.56,352.00
121,4.033333,2063,37,shelf,0.388348,473.41,0.61,572.58,85.79
121,4.033333,2004,36,trash can,0.419576,210.67,144.22,233.36,176.54
121,4.033333,2092,74,bucket,0.299965,208.52,144.42,235.62,176.48
122,4.066667,1993,0,person,0.775994,436.09,0.20,472.08,88.66
122,4.066667,1996,0,person,0.803754,206.30,33.82,257.15,154.58
122,4.066667,2002,0,person,0.604451,615.00,150.15,640.00,261.85
122,4.066667,2006,0,person,0.745452,110.84,172.91,177.54,235.80
122,4.066667,2042,0,person,0.776455,175.28,224.95,236.33,352.00
122,4.066667,2063,37,shelf,0.378515,473.36,0.45,572.70,85.63
122,4.066667,2004,36,trash can,0.408842,210.71,144.19,233.38,176.49
122,4.066667,2092,74,bucket,0.304106,208.45,143.75,235.72,176.44
123,4.100000,1993,0,person,0.765365,435.99,0.18,472.24,88.65
123,4.100000,1996,0,person,0.788536,206.38,33.76,257.20,154.57
123,4.100000,2002,0,person,0.619189,615.15,150.16,640.00,262.00
123,4.100000,2006,0,person,0.745437,110.87,172.47,177.42,235.63
123,4.100000,2042,0,person,0.771567,175.05,224.88,235.89,352.00
123,4.100000,2063,37,shelf,0.384001,473.15,0.41,572.64,85.62
123,4.100000,2004,36,trash can,0.426762,210.73,144.21,233.38,176.47
123,4.100000,2092,74,bucket,0.304277,208.55,143.55,235.63,176.42
123,4.100000,2103,2,helmet,0.664718,46.94,271.05,73.73,295.51
124,4.133333,1993,0,person,0.764531,436.05,0.21,472.50,88.51
124,4.133333,1996,0,person,0.785625,206.49,33.74,257.25,154.55
124,4.133333,2002,0,person,0.616013,615.23,149.23,640.00,261.89
124,4.133333,2006,0,person,0.724170,111.13,172.57,177.17,235.57
124,4.133333,2042,0,person,0.750162,174.94,224.83,235.52,352.00
124,4.133333,2063,37,shelf,0.387284,473.20,0.40,572.74,85.50
124,4.133333,2004,36,trash can,0.434157,210.54,143.71,233.50,176.47
124,4.133333,2092,74,bucket,0.309000,208.67,143.43,235.50,176.42
124,4.133333,2103,2,helmet,0.575221,43.77,270.68,69.83,294.44
125,4.166667,1993,0,person,0.748730,436.09,0.23,472.72,88.40
125,4.166667,1996,0,person,0.791340,206.80,33.77,257.47,154.40
125,4.166667,2002,0,person,0.607042,615.38,148.31,640.00,261.93
125,4.166667,2006,0,person,0.732654,111.35,172.48,177.14,235.55
125,4.166667,2042,0,person,0.765001,175.22,224.92,235.50,352.00
125,4.166667,2063,37,shelf,0.380956,473.29,0.41,572.87,85.45
125,4.166667,2004,36,trash can,0.418155,210.78,144.23,233.31,176.30
125,4.166667,2092,74,bucket,0.302744,208.96,143.60,235.21,176.24
125,4.166667,2103,2,helmet,0.328523,39.84,270.43,65.14,293.46
126,4.200000,1993,0,person,0.769052,436.41,0.26,473.14,88.21
126,4.200000,1996,0,person,0.788810,207.01,33.44,257.72,154.25
126,4.200000,2002,0,person,0.605134,615.70,148.69,640.00,261.67
126,4.200000,2006,0,person,0.697967,111.82,172.55,177.07,235.30
126,4.200000,2042,0,person,0.774655,175.16,224.71,235.15,352.00
126,4.200000,2063,37,shelf,0.366712,473.50,0.39,573.06,85.31
126,4.200000,2004,74,bucket,0.354892,210.77,143.88,233.44,176.17
126,4.200000,2092,36,trash can,0.489109,208.93,143.18,235.21,176.21
127,4.233333,1993,0,person,0.747708,437.68,0.27,474.32,88.04
127,4.233333,1996,0,person,0.754643,207.38,33.23,258.10,154.19
127,4.233333,2002,0,person,0.602914,615.89,148.03,640.00,261.02
127,4.233333,2006,0,person,0.700236,111.98,172.63,176.98,235.32
127,4.233333,2042,0,person,0.784400,175.36,224.80,234.97,352.00
127,4.233333,2063,37,shelf,0.369921,474.07,0.70,573.13,84.96
127,4.233333,2004,36,trash can,0.479186,210.81,143.73,233.42,175.88
127,4.233333,2092,74,bucket,0.357949,209.18,143.06,235.00,175.83
128,4.266667,1993,0,person,0.768739,438.24,0.26,474.92,87.91
128,4.266667,1996,0,person,0.785501,207.66,33.14,258.27,154.13
128,4.266667,2002,0,person,0.613225,615.93,147.70,640.00,261.33
128,4.266667,2006,0,person,0.710702,112.00,172.71,176.80,235.33
128,4.266667,2042,0,person,0.803330,175.25,224.59,234.61,352.00
128,4.266667,2063,37,shelf,0.341695,474.27,0.82,573.17,84.74
128,4.266667,2004,36,trash can,0.505283,210.67,143.53,233.41,175.87
128,4.266667,2092,74,bucket,0.360278,209.86,144.46,234.32,175.65
129,4.300000,1993,0,person,0.743059,438.86,0.26,475.63,88.04
129,4.300000,1996,0,person,0.755297,207.74,33.06,258.30,154.14
129,4.300000,2002,0,person,0.612329,616.02,147.67,640.00,261.43
129,4.300000,2006,0,person,0.672460,114.73,177.59,174.93,235.23
129,4.300000,2042,0,person,0.791924,175.16,224.57,234.26,352.00
129,4.300000,2063,37,shelf,0.420681,474.17,0.86,573.26,84.74
129,4.300000,2004,36,trash can,0.485832,210.78,143.81,233.30,175.79
129,4.300000,2092,74,bucket,0.347369,209.67,143.77,234.43,175.64
129,4.300000,2081,2,helmet,0.250522,183.44,225.07,202.96,244.53
130,4.333333,1993,0,person,0.751382,439.24,0.28,475.87,87.55
130,4.333333,1996,0,person,0.804352,208.29,33.20,258.57,154.11
130,4.333333,2002,0,person,0.627844,616.17,147.91,640.00,261.19
130,4.333333,2006,0,person,0.677173,114.87,178.34,174.51,235.12
130,4.333333,2042,0,person,0.799688,175.05,224.54,233.91,352.00
130,4.333333,2063,37,shelf,0.407943,474.04,0.87,573.29,84.75
130,4.333333,2004,74,bucket,0.363003,210.71,143.56,233.32,175.69
130,4.333333,2092,36,trash can,0.505075,209.51,143.37,234.50,175.80
131,4.366667,1993,0,person,0.758777,439.31,0.29,475.57,86.30
131,4.366667,1996,0,person,0.792544,208.18,32.95,258.35,154.14
131,4.366667,2002,0,person,0.649923,615.81,147.71,640.00,261.25
131,4.366667,2006,0,person,0.658939,116.22,181.60,173.04,234.99
131,4.366667,2042,0,person,0.811679,174.84,224.27,233.55,352.00
131,4.366667,2063,37,shelf,0.392751,473.39,0.55,573.20,84.89
131,4.366667,2004,74,bucket,0.495434,210.13,142.94,233.00,175.53
131,4.366667,2092,36,trash can,0.627149,208.92,142.68,234.07,175.64
132,4.400000,1993,0,person,0.748941,439.47,0.28,475.60,85.61
132,4.400000,1996,0,person,0.795652,208.17,32.82,258.14,154.16
132,4.400000,2002,0,person,0.647268,615.66,147.67,640.00,261.23
132,4.400000,2006,0,person,0.668556,113.57,177.62,174.73,235.10
132,4.400000,2042,0,person,0.788372,174.73,224.33,233.18,352.00
132,4.400000,2063,37,shelf,0.424862,473.33,0.75,573.04,84.89
132,4.400000,2004,74,bucket,0.444395,209.88,143.02,232.62,175.47
132,4.400000,2092,36,trash can,0.630892,208.62,142.50,233.64,175.59
133,4.433333,1993,0,person,0.729771,440.41,0.32,475.45,82.59
133,4.433333,1996,0,person,0.804491,208.35,32.93,258.16,154.40
133,4.433333,2002,0,person,0.657204,615.64,147.65,640.00,261.32
133,4.433333,2006,0,person,0.654665,115.83,181.09,173.74,234.99
133,4.433333,2042,0,person,0.798159,174.91,224.46,233.13,352.00
133,4.433333,2063,37,shelf,0.399931,473.30,0.80,573.00,84.86
133,4.433333,2004,36,trash can,0.629527,209.68,142.95,232.60,175.67
133,4.433333,2092,74,bucket,0.348628,209.11,143.53,233.27,175.64
133,4.433333,2111,2,helmet,0.499731,212.69,33.36,232.43,51.48
134,4.466667,1993,0,person,0.757817,440.96,0.26,475.62,80.98
134,4.466667,1996,0,person,0.816281,209.07,32.86,258.52,154.28
134,4.466667,2002,0,person,0.658231,615.63,147.67,640.00,261.33
134,4.466667,2006,0,person,0.647622,116.15,181.88,173.73,234.97
134,4.466667,2042,0,person,0.797697,174.89,224.36,232.98,352.00
134,4.466667,2063,37,shelf,0.393566,473.03,0.49,573.20,84.98
134,4.466667,2004,36,trash can,0.656199,209.55,142.83,232.60,175.76
134,4.466667,2092,74,bucket,0.478935,208.99,143.06,233.35,175.67
134,4.466667,2111,2,helmet,0.374311,212.20,33.28,232.38,51.80
134,4.466667,2081,2,helmet,0.272703,182.40,224.73,201.81,244.18
135,4.500000,1993,0,person,0.723562,441.26,0.22,475.98,80.46
135,4.500000,1996,0,person,0.820459,209.40,32.90,258.61,154.48
135,4.500000,2002,0,person,0.657048,615.64,147.63,640.00,261.34
135,4.500000,2006,0,person,0.659103,116.46,182.63,173.72,235.01
135,4.500000,2042,0,person,0.802623,174.73,224.43,232.67,352.00
135,4.500000,2063,37,shelf,0.418234,472.96,0.44,573.22,85.00
135,4.500000,2004,36,trash can,0.627705,209.47,142.67,232.64,175.80
135,4.500000,2092,74,bucket,0.442198,209.02,142.90,233.33,175.69
135,4.500000,2111,2,helmet,0.489868,211.61,33.27,232.30,52.24
136,4.533333,1993,0,person,0.576245,442.07,0.14,475.93,77.77
136,4.533333,1996,0,person,0.815996,209.90,33.01,258.66,154.30
136,4.533333,2002,0,person,0.668565,615.86,147.53,640.00,260.82
136,4.533333,2006,0,person,0.670940,116.76,182.87,173.94,234.82
136,4.533333,2042,0,person,0.799919,174.71,224.25,232.59,352.00
136,4.533333,2063,37,shelf,0.421447,472.98,0.43,573.06,84.81
136,4.533333,2004,36,trash can,0.636122,209.44,142.46,232.62,175.65
136,4.533333,2092,74,bucket,0.516259,208.91,142.34,233.36,175.54
136,4.533333,2111,2,helmet,0.388030,212.30,33.53,232.49,52.00
137,4.566667,1993,0,person,0.653682,442.22,0.11,476.05,77.22
137,4.566667,1996,0,person,0.813977,210.13,33.05,258.55,154.23
137,4.566667,2002,0,person,0.665839,615.93,147.38,640.00,260.83
137,4.566667,2006,0,person,0.650145,116.75,182.66,174.20,234.55
137,4.566667,2042,0,person,0.803614,174.81,224.22,232.57,352.00
137,4.566667,2063,37,shelf,0.432155,472.99,0.44,572.94,84.66
137,4.566667,2004,36,trash can,0.635533,209.44,142.40,232.61,175.59
137,4.566667,2092,74,bucket,0.512928,208.93,142.14,233.32,175.49
137,4.566667,2111,2,helmet,0.365405,212.48,33.63,232.50,51.89
137,4.566667,2081,2,helmet,0.289454,182.38,224.62,201.63,243.94
138,4.600000,1993,0,person,0.612797,442.40,0.09,476.32,77.16
138,4.600000,1996,0,person,0.799690,210.33,33.23,258.35,154.19
138,4.600000,2002,0,person,0.661931,615.97,147.37,640.00,260.93
138,4.600000,2006,0,person,0.642842,116.82,182.51,174.65,234.56
138,4.600000,2042,0,person,0.793336,174.98,224.22,232.64,352.00
138,4.600000,2063,37,shelf,0.416800,472.94,0.46,572.96,84.73
138,4.600000,2004,36,trash can,0.635396,209.45,142.36,232.61,175.57
138,4.600000,2092,74,bucket,0.513519,208.98,142.05,233.28,175.46
138,4.600000,2111,2,helmet,0.393329,212.91,33.91,232.34,51.58
138,4.600000,2081,2,helmet,0.282197,182.42,224.62,201.61,243.93
139,4.633333,1993,0,person,0.591795,442.76,0.12,476.20,75.59
139,4.633333,1996,0,person,0.785066,210.71,33.39,258.33,154.08
139,4.633333,2002,0,person,0.662317,615.96,147.33,640.00,261.02
139,4.633333,2006,0,person,0.697114,116.57,182.37,174.78,234.57
139,4.633333,2042,0,person,0.788708,175.13,224.33,232.63,352.00
139,4.633333,2063,37,shelf,0.421325,472.98,0.42,573.04,84.70
139,4.633333,2004,36,trash can,0.648439,209.39,142.42,232.42,175.39
139,4.633333,2092,74,bucket,0.512786,209.01,142.23,232.97,175.29
139,4.633333,2111,2,helmet,0.274447,214.33,34.18,233.32,51.24
140,4.666667,1993,0,person,0.375250,443.72,0.10,476.94,74.77
140,4.666667,1996,0,person,0.798249,211.01,33.39,258.31,153.92
140,4.666667,2002,0,person,0.658470,615.77,147.15,640.00,260.99
140,4.666667,2006,0,person,0.636659,113.20,176.46,177.23,234.31
140,4.666667,2042,0,person,0.778666,175.10,223.93,232.61,352.00
140,4.666667,2063,37,shelf,0.404546,473.09,0.41,573.03,84.53
140,4.666667,2004,74,bucket,0.457321,209.47,142.34,232.42,175.16
140,4.666667,2092,36,trash can,0.608945,209.09,142.34,232.86,175.19
140,4.666667,2111,2,helmet,0.307740,214.06,34.25,233.20,51.36
140,4.666667,2099,37,shelf,0.261028,330.78,2.67,440.20,101.86
140,4.666667,1998,0,person,0.261655,330.34,0.28,351.61,35.88
141,4.700000,1993,0,person,0.547700,443.52,0.09,476.39,74.05
141,4.700000,1996,0,person,0.785747,210.95,33.34,258.03,153.86
141,4.700000,2002,0,person,0.627957,615.57,147.05,639.94,260.91
141,4.700000,2006,0,person,0.681098,114.98,179.10,176.32,234.44
141,4.700000,2042,0,person,0.775451,174.94,223.69,232.41,352.00
141,4.700000,2063,37,shelf,0.431735,473.03,0.43,572.90,84.44
141,4.700000,2004,36,trash can,0.617839,209.40,142.44,232.29,175.14
141,4.700000,2092,74,bucket,0.480720,209.02,142.30,232.71,175.11
141,4.700000,2111,2,helmet,0.325311,213.38,34.14,232.60,51.29
141,4.700000,1998,0,person,0.259588,330.02,0.30,351.64,35.87
142,4.733333,1993,0,person,0.498157,443.50,0.07,475.85,72.92
142,4.733333,1996,0,person,0.755878,211.29,33.63,258.03,153.90
142,4.733333,2002,0,person,0.638443,615.17,146.95,639.61,260.58
142,4.733333,2006,0,person,0.615614,112.61,175.22,177.54,234.21
142,4.733333,2042,0,person,0.778144,174.86,223.61,232.26,352.00
142,4.733333,2063,37,shelf,0.421722,473.03,0.45,572.86,84.39
142,4.733333,2004,74,bucket,0.483937,209.45,142.45,232.23,174.98
142,4.733333,2092,36,trash can,0.626802,209.02,142.40,232.60,175.12
142,4.733333,2111,2,helmet,0.280779,213.44,34.21,232.71,51.42
142,4.733333,1998,0,person,0.259882,329.85,0.31,351.72,35.86
143,4.766667,1993,0,person,0.508636,443.54,0.08,475.75,72.69
143,4.766667,1996,0,person,0.780125,211.40,33.64,257.91,153.99
143,4.766667,2002,0,person,0.632974,615.66,146.58,640.00,260.72
143,4.766667,2006,0,person,0.694211,111.96,172.94,178.47,233.87
143,4.766667,2042,0,person,0.780052,174.88,224.38,231.94,352.00
143,4.766667,2063,37,shelf,0.420159,473.19,0.41,573.09,84.39
143,4.766667,2004,74,bucket,0.507560,209.34,142.08,232.46,175.13
143,4.766667,2092,36,trash can,0.650472,208.91,142.11,232.75,175.28
144,4.800000,1993,0,person,0.593949,443.25,0.09,475.78,73.50
144,4.800000,1996,0,person,0.788761,212.05,34.26,258.14,154.14
144,4.800000,2002,0,person,0.629841,615.82,146.46,640.00,261.28
144,4.800000,2006,0,person,0.744227,112.35,172.10,179.32,234.02
144,4.800000,2042,0,person,0.771640,175.07,224.66,232.06,352.00
144,4.800000,2063,37,shelf,0.423119,473.24,0.55,573.24,84.62
144,4.800000,2004,36,trash can,0.608863,209.68,142.22,232.87,175.39
144,4.800000,2092,74,bucket,0.444916,209.56,142.43,233.17,175.38
144,4.800000,2114,76,gloves,0.520357,175.66,295.29,189.03,311.72
144,4.800000,2099,37,shelf,0.263462,331.40,3.12,440.64,102.03
144,4.800000,1998,0,person,0.279140,330.03,0.27,352.21,36.04
145,4.833333,1993,0,person,0.568895,443.53,0.09,475.17,71.23
145,4.833333,1996,0,person,0.779513,212.56,34.59,258.30,154.20
145,4.833333,2002,0,person,0.619228,616.07,146.44,640.00,261.10
145,4.833333,2006,0,person,0.747057,112.73,171.73,179.64,234.15
145,4.833333,2042,0,person,0.777783,175.14,224.37,232.18,352.00
145,4.833333,2063,37,shelf,0.397368,473.23,0.46,573.53,84.77
145,4.833333,2004,36,trash can,0.614806,209.81,142.30,233.03,175.51
145,4.833333,2092,74,bucket,0.470290,209.80,142.48,233.34,175.44
145,4.833333,2099,37,shelf,0.265005,331.13,3.59,439.96,102.17
145,4.833333,1998,0,person,0.264214,330.09,0.25,352.49,36.20
145,4.833333,2111,2,helmet,0.276253,214.50,35.25,233.15,51.92
146,4.866667,1993,0,person,0.498496,441.26,0.15,471.69,70.24
146,4.866667,1996,0,person,0.788311,212.92,34.92,258.32,154.23
146,4.866667,2002,0,person,0.610209,616.06,146.38,640.00,261.03
146,4.866667,2006,0,person,0.752566,113.01,171.78,179.53,234.34
146,4.866667,2042,0,person,0.772583,175.46,224.77,232.25,352.00
146,4.866667,2063,37,shelf,0.395088,473.18,0.43,573.63,84.85
146,4.866667,2004,36,trash can,0.613000,209.87,142.33,233.08,175.55
146,4.866667,2092,74,bucket,0.463911,209.92,142.52,233.38,175.46
146,4.866667,2099,37,shelf,0.296948,331.00,3.54,439.76,102.18
146,4.866667,1998,0,person,0.251231,330.10,0.24,352.59,36.25
146,4.866667,2111,2,helmet,0.309685,214.77,35.65,233.22,52.13
147,4.900000,1993,0,person,0.395130,442.93,0.14,473.04,69.10
147,4.900000,1996,0,person,0.753846,213.10,35.03,258.27,154.24
147,4.900000,2002,0,person,0.614458,616.18,146.30,640.00,261.00
147,4.900000,2006,0,person,0.748335,113.26,171.82,179.34,234.41
147,4.900000,2042,0,person,0.771173,175.59,224.86,232.27,352.00
147,4.900000,2063,37,shelf,0.373379,473.24,0.43,573.70,84.86
147,4.900000,2004,36,trash can,0.622890,209.88,142.32,233.10,175.57
147,4.900000,2092,74,bucket,0.449275,209.98,142.56,233.37,175.47
147,4.900000,2099,37,shelf,0.299881,331.02,3.57,439.84,102.33
147,4.900000,2111,2,helmet,0.290228,214.92,35.83,233.26,52.20
148,4.933333,1993,0,person,0.334468,441.50,0.07,469.76,65.97
148,4.933333,1996,0,person,0.752701,213.21,35.09,258.17,154.22
148,4.933333,2002,0,person,0.618809,616.22,146.34,640.00,261.13
148,4.933333,2006,0,person,0.743470,113.54,171.73,179.15,234.32
148,4.933333,2042,0,person,0.774161,175.46,224.68,232.10,352.00
148,4.933333,2063,37,shelf,0.357692,473.22,0.38,573.74,84.87
148,4.933333,2004,36,trash can,0.627326,209.89,142.34,233.10,175.57
148,4.933333,2092,74,bucket,0.457102,210.01,142.56,233.35,175.47
148,4.933333,2099,37,shelf,0.295005,331.02,3.57,439.64,102.23
148,4.933333,2111,2,helmet,0.264594,214.90,35.83,233.26,52.21
148,4.933333,1998,0,person,0.258593,330.08,0.25,352.64,36.26
149,4.966667,1993,0,person,0.297711,441.15,0.04,468.41,64.60
149,4.966667,1996,0,person,0.744943,213.29,35.11,258.07,154.24
149,4.966667,2002,0,person,0.616685,616.24,146.35,640.00,261.18
149,4.966667,2006,0,person,0.751331,113.91,171.77,178.95,234.19
149,4.966667,2042,0,person,0.778624,175.39,224.63,231.99,352.00
149,4.966667,2063,37,shelf,0.395108,473.22,0.52,573.56,84.90
149,4.966667,2004,36,trash can,0.615244,209.91,142.35,233.10,175.57
149,4.966667,2092,74,bucket,0.437072,210.10,142.72,233.29,175.46
149,4.966667,2099,37,shelf,0.271207,331.04,3.78,439.42,102.23
150,5.000000,1993,0,person,0.350172,443.11,0.14,471.66,67.40
150,5.000000,1996,0,person,0.763788,213.58,35.11,258.19,154.21
150,5.000000,2002,0,person,0.600589,615.57,146.18,639.73,260.67
150,5.000000,2006,0,person,0.747705,114.14,171.85,178.93,234.37
150,5.000000,2042,0,person,0.772624,175.63,224.81,232.10,352.00
150,5.000000,2063,37,shelf,0.375817,473.27,0.45,573.59,84.79
150,5.000000,2004,74,bucket,0.254663,211.00,144.45,232.85,175.50
150,5.000000,2092,36,trash can,0.598184,210.26,142.65,233.51,175.54
150,5.000000,2099,37,shelf,0.251609,330.99,3.84,439.43,102.38
150,5.000000,2111,2,helmet,0.326961,215.04,35.87,233.29,52.16
151,5.033333,1993,0,person,0.658556,444.12,0.16,473.18,68.39
151,5.033333,1996,0,person,0.736300,213.67,35.24,258.17,154.25
151,5.033333,2002,0,person,0.583573,615.53,146.38,639.65,260.30
151,5.033333,2006,0,person,0.738492,114.56,171.99,178.81,234.28
151,5.033333,2042,0,person,0.770352,175.78,225.40,231.99,351.99
151,5.033333,2063,37,shelf,0.411088,473.75,0.71,573.86,84.74
151,5.033333,2004,74,bucket,0.344500,210.79,143.21,233.53,175.60
151,5.033333,2092,36,trash can,0.520815,210.51,142.94,233.69,175.70
151,5.033333,2099,37,shelf,0.266774,331.28,4.04,439.57,102.49
151,5.033333,2111,2,helmet,0.344271,215.31,35.94,233.56,52.24
151,5.033333,1998,0,person,0.265228,330.56,0.31,353.46,36.76
152,5.066667,1993,0,person,0.635787,444.34,0.16,473.62,68.71
152,5.066667,1996,0,person,0.726825,213.86,35.28,258.23,154.23
152,5.066667,2002,0,person,0.596401,615.64,146.49,639.75,260.22
152,5.066667,2006,0,person,0.718116,114.85,171.97,178.63,234.06
152,5.066667,2042,0,person,0.781173,175.81,225.57,232.04,352.00
152,5.066667,2063,37,shelf,0.417965,473.92,0.78,573.88,84.56
152,5.066667,2111,2,helmet,0.402475,215.48,36.00,233.58,52.14
152,5.066667,2120,2,helmet,0.411052,191.26,61.19,208.31,77.31
152,5.066667,2121,2,helmet,0.317415,117.34,171.97,135.86,189.49
152,5.066667,1998,0,person,0.256991,330.66,0.33,353.69,36.84
153,5.100000,1993,0,person,0.714297,444.91,0.17,473.09,64.97
153,5.100000,1996,0,person,0.727326,213.77,35.13,258.14,154.06
153,5.100000,2002,0,person,0.603753,616.30,146.39,640.00,261.23
153,5.100000,2006,0,person,0.735678,114.74,171.64,178.31,233.82
153,5.100000,2042,0,person,0.788839,175.43,225.51,231.76,352.00
153,5.100000,2063,37,shelf,0.394641,474.00,0.72,573.92,84.35
153,5.100000,2111,2,helmet,0.332955,215.31,35.81,233.50,52.00
153,5.100000,2120,2,helmet,0.431643,190.97,60.33,208.67,77.08
153,5.100000,2121,2,helmet,0.269156,117.50,171.75,136.23,189.48
153,5.100000,1998,0,person,0.317901,330.58,0.24,353.65,36.62
153,5.100000,2004,36,trash can,0.612035,210.66,142.63,233.81,175.57
154,5.133333,1993,0,person,0.716281,444.39,0.18,472.94,65.06
154,5.133333,1996,0,person,0.732486,213.25,34.45,257.81,153.88
154,5.133333,2002,0,person,0.600825,616.11,146.34,640.00,261.85
154,5.133333,2006,0,person,0.747536,114.26,171.37,177.94,233.85
154,5.133333,2042,0,person,0.782017,174.87,225.37,231.43,352.00
154,5.133333,2063,37,shelf,0.388395,473.69,0.71,573.67,84.26
154,5.133333,2111,2,helmet,0.284417,214.51,35.28,233.07,51.81
154,5.133333,2120,2,helmet,0.435206,190.67,59.76,208.87,77.00
154,5.133333,1998,0,person,0.366544,330.38,0.20,353.51,36.45
154,5.133333,2004,36,trash can,0.660498,210.18,142.02,233.57,175.34
154,5.133333,2099,37,shelf,0.295137,331.25,3.59,439.55,102.12
155,5.166667,1993,0,person,0.718560,444.17,0.16,473.16,65.41
155,5.166667,1996,0,person,0.729692,213.04,34.21,257.68,153.82
155,5.166667,2002,0,person,0.593900,616.08,146.58,640.00,261.98
155,5.166667,2006,0,person,0.734210,113.75,171.25,178.07,234.66
155,5.166667,2042,0,person,0.780595,174.65,225.68,231.24,352.00
155,5.166667,2063,37,shelf,0.374710,473.50,0.70,573.61,84.22
155,5.166667,2120,2,helmet,0.406613,190.59,59.60,208.94,77.01
155,5.166667,1998,0,person,0.363291,330.26,0.18,353.48,36.38
155,5.166667,2004,36,trash can,0.666962,210.01,141.79,233.49,175.25
155,5.166667,2125,74,bucket,0.488207,210.13,141.65,233.44,175.12
155,5.166667,2099,37,shelf,0.272637,331.20,3.53,439.47,102.10
156,5.200000,1993,0,person,0.629804,444.01,0.18,472.30,63.21
156,5.200000,1996,0,person,0.783607,212.78,34.19,257.47,153.81
156,5.200000,2002,0,person,0.603858,615.98,146.69,640.00,262.57
156,5.200000,2006,0,person,0.750234,113.73,171.22,177.92,234.80
156,5.200000,2042,0,person,0.808723,174.19,225.79,230.95,352.00
156,5.200000,2063,37,shelf,0.394421,472.96,0.51,573.70,84.50
156,5.200000,2120,2,helmet,0.470698,190.39,59.52,209.25,77.45
156,5.200000,1998,0,person,0.323561,330.13,0.19,353.49,36.42
156,5.200000,2004,36,trash can,0.665237,209.99,141.99,233.40,175.30
156,5.200000,2125,74,bucket,0.528597,210.03,141.62,233.38,175.13
156,5.200000,2114,76,gloves,0.513228,174.35,296.53,187.56,312.60
156,5.200000,2111,2,helmet,0.571984,213.98,35.04,232.47,51.45
157,5.233333,1993,0,person,0.665817,443.86,0.21,471.86,61.77
157,5.233333,1996,0,person,0.748610,212.48,34.23,257.23,153.79
157,5.233333,2002,0,person,0.609063,615.94,146.89,640.00,263.01
157,5.233333,2006,0,person,0.723549,113.49,171.26,177.52,234.91
157,5.233333,2042,0,person,0.796244,173.91,226.13,230.79,352.00
157,5.233333,2063,37,shelf,0.363700,472.74,0.62,573.33,84.40
157,5.233333,2120,2,helmet,0.314275,189.74,59.48,209.71,78.58
157,5.233333,1998,0,person,0.283330,329.67,0.26,352.95,36.33
157,5.233333,2004,36,trash can,0.661798,209.78,142.09,233.18,175.33
157,5.233333,2125,74,bucket,0.533121,209.80,141.63,233.14,175.13
157,5.233333,2114,76,gloves,0.443036,174.13,297.60,186.78,312.68
157,5.233333,2111,2,helmet,0.475309,213.66,34.99,232.05,51.30
157,5.233333,2099,37,shelf,0.282544,330.66,3.15,439.43,102.25
158,5.266667,1993,0,person,0.580993,443.96,0.20,471.81,60.52
158,5.266667,1996,0,person,0.761978,212.02,34.27,256.88,153.80
158,5.266667,2002,0,person,0.616545,615.58,147.07,639.81,262.71
158,5.266667,2006,0,person,0.711328,113.07,171.24,177.26,235.27
158,5.266667,2042,0,person,0.781573,173.43,226.37,230.54,352.00
158,5.266667,2063,37,shelf,0.373850,472.33,0.49,573.43,84.70
158,5.266667,2120,2,helmet,0.374398,189.58,59.48,209.57,78.69
158,5.266667,1998,0,person,0.289144,329.49,0.28,352.77,36.31
158,5.266667,2004,36,trash can,0.675747,209.53,142.16,232.93,175.33
158,5.266667,2125,74,bucket,0.531804,209.52,141.72,232.81,175.12
158,5.266667,2114,76,gloves,0.504432,173.47,298.01,186.02,312.71
158,5.266667,2111,2,helmet,0.449937,213.13,35.04,231.54,51.35
158,5.266667,2099,37,shelf,0.297898,330.65,3.29,439.35,102.36
159,5.300000,1993,0,person,0.478770,443.64,0.18,471.61,60.09
159,5.300000,1996,0,person,0.768359,211.48,34.39,256.45,153.81
159,5.300000,2002,0,person,0.592588,615.57,147.86,639.58,261.90
159,5.300000,2006,0,person,0.715166,112.85,171.30,177.04,235.53
159,5.300000,2042,0,person,0.781255,172.94,226.62,230.20,352.00
159,5.300000,2063,37,shelf,0.390889,472.16,0.64,573.11,84.66
159,5.300000,2120,2,helmet,0.357149,189.37,59.52,209.03,78.47
159,5.300000,1998,0,person,0.306953,329.57,0.23,352.97,36.28
159,5.300000,2004,36,trash can,0.660436,209.25,142.19,232.66,175.35
159,5.300000,2114,76,gloves,0.476613,173.05,298.26,185.71,312.85
159,5.300000,2111,2,helmet,0.386629,212.67,35.11,231.10,51.39
159,5.300000,2099,37,shelf,0.291891,330.39,3.08,439.19,102.36
160,5.333333,1993,0,person,0.624131,443.22,0.17,471.43,59.99
160,5.333333,1996,0,person,0.786938,209.09,34.89,254.68,154.26
160,5.333333,2002,0,person,0.581322,614.94,147.87,638.93,260.30
160,5.333333,2006,0,person,0.710274,112.75,171.15,177.76,236.48
160,5.333333,2042,0,person,0.787703,172.29,227.04,229.62,352.00
160,5.333333,2063,37,shelf,0.379635,472.40,0.81,573.00,84.53
160,5.333333,2120,2,helmet,0.659852,189.80,59.73,209.12,78.55
160,5.333333,1998,0,person,0.298315,331.01,0.28,353.20,35.18
160,5.333333,2004,36,trash can,0.715469,209.26,143.03,232.21,175.53
160,5.333333,2114,76,gloves,0.622914,171.55,297.90,185.91,314.63
160,5.333333,2111,2,helmet,0.776447,212.21,35.31,230.72,51.55
160,5.333333,2099,37,shelf,0.325209,330.42,3.05,439.36,102.53
160,5.333333,2121,2,helmet,0.463162,116.66,171.21,135.37,188.97
161,5.366667,1993,0,person,0.673061,442.99,0.19,471.54,60.02
161,5.366667,1996,0,person,0.766308,208.79,35.07,254.79,154.40
161,5.366667,2002,0,person,0.584948,614.87,148.00,638.91,259.65
161,5.366667,2006,0,person,0.723308,112.97,171.08,178.02,236.65
161,5.366667,2042,0,person,0.775087,171.90,227.19,229.52,352.00
161,5.366667,2063,37,shelf,0.389794,472.54,0.89,573.05,84.54
161,5.366667,2120,2,helmet,0.661221,190.12,59.84,209.26,78.69
161,5.366667,1998,0,person,0.286125,331.60,0.29,353.25,34.97
161,5.366667,2004,36,trash can,0.724560,209.43,143.37,232.16,175.54
161,5.366667,2114,76,gloves,0.642159,170.76,297.76,185.43,314.93
161,5.366667,2111,2,helmet,0.764460,211.90,35.36,230.54,51.59
161,5.366667,2099,37,shelf,0.331950,330.47,3.20,439.44,102.74
161,5.366667,2130,76,gloves,0.636415,232.99,96.51,241.71,111.29
161,5.366667,2121,2,helmet,0.412792,116.72,171.18,135.41,188.95
162,5.400000,1993,0,person,0.669285,443.03,0.23,471.94,59.89
162,5.400000,1996,0,person,0.778710,208.96,34.95,255.27,154.37
162,5.400000,2002,0,person,0.562679,615.05,147.85,639.14,259.07
162,5.400000,2006,0,person,0.747175,113.24,170.91,178.17,236.58
162,5.400000,2042,0,person,0.764176,172.07,227.23,230.08,352.00
162,5.400000,2063,37,shelf,0.401324,472.74,0.83,573.08,84.30
162,5.400000,2120,2,helmet,0.660901,190.11,59.66,209.39,78.87
162,5.400000,1998,0,person,0.264251,331.65,0.29,353.07,34.97
162,5.400000,2004,36,trash can,0.718974,209.45,143.27,232.19,175.43
162,5.400000,2114,76,gloves,0.657940,170.73,297.71,185.48,315.08
162,5.400000,2111,2,helmet,0.779612,211.72,35.22,230.57,51.53
162,5.400000,2099,37,shelf,0.335589,330.72,3.48,439.20,102.52
162,5.400000,2130,76,gloves,0.668232,233.03,96.33,241.73,111.06
162,5.400000,2121,2,helmet,0.356009,116.68,171.03,135.44,188.94
163,5.433333,1993,0,person,0.627035,443.29,0.23,472.59,59.97
163,5.433333,1996,0,person,0.805688,209.74,35.04,256.20,154.45
163,5.433333,2002,0,person,0.547387,615.58,147.99,639.55,258.43
163,5.433333,2006,0,person,0.734178,113.90,170.92,178.72,236.69
163,5.433333,2042,0,person,0.787199,172.07,227.59,230.29,352.00
163,5.433333,2063,37,shelf,0.370489,473.14,0.85,573.47,84.27
163,5.433333,2120,2,helmet,0.585840,191.13,59.76,209.31,77.95
163,5.433333,1998,0,person,0.284984,331.32,0.28,352.97,35.39
163,5.433333,2004,36,trash can,0.699765,209.94,143.56,232.50,175.43
163,5.433333,2114,76,gloves,0.690198,170.64,297.77,185.38,315.26
163,5.433333,2111,2,helmet,0.696588,210.96,35.39,229.76,51.62
163,5.433333,2099,37,shelf,0.341228,331.08,3.44,439.69,102.59
163,5.433333,2130,76,gloves,0.455270,233.63,96.67,241.79,110.48
163,5.433333,2121,2,helmet,0.382849,117.05,171.06,135.74,188.94
164,5.466667,1993,0,person,0.556834,442.49,0.26,471.66,59.92
164,5.466667,1996,0,person,0.815551,210.11,35.12,256.80,154.68
164,5.466667,2002,0,person,0.579597,614.94,148.06,639.14,258.50
164,5.466667,2006,0,person,0.733110,114.31,171.20,178.74,236.64
164,5.466667,2042,0,person,0.790853,171.81,228.12,230.14,352.00
164,5.466667,2063,37,shelf,0.383582,473.51,0.87,573.80,84.22
164,5.466667,2120,2,helmet,0.625571,191.67,59.80,209.80,78.09
164,5.466667,1998,0,person,0.285884,332.47,0.27,353.65,35.00
164,5.466667,2004,36,trash can,0.683450,210.45,143.65,233.06,175.59
164,5.466667,2114,76,gloves,0.614007,170.43,298.15,184.91,315.32
164,5.466667,2111,2,helmet,0.690555,210.55,35.45,229.40,51.73
164,5.466667,2099,37,shelf,0.320334,331.23,3.31,440.01,102.71
164,5.466667,2130,76,gloves,0.633106,233.96,96.18,242.23,110.13
164,5.466667,2121,2,helmet,0.477508,117.37,171.18,136.25,189.34
165,5.500000,1993,0,person,0.575646,442.39,0.27,471.56,60.07
165,5.500000,1996,0,person,0.831006,210.09,35.55,256.92,154.91
165,5.500000,2002,0,person,0.578293,614.93,148.24,639.31,258.96
165,5.500000,2006,0,person,0.744995,114.59,171.35,178.82,236.72
165,5.500000,2042,0,person,0.820587,171.24,228.32,229.83,352.00
165,5.500000,2063,37,shelf,0.364178,473.45,0.87,574.08,84.49
165,5.500000,2120,2,helmet,0.529123,191.88,60.01,209.94,78.33
165,5.500000,1998,0,person,0.266697,332.82,0.26,353.88,35.14
165,5.500000,2004,36,trash can,0.656488,210.71,143.85,233.25,175.70
165,5.500000,2114,76,gloves,0.655281,169.97,298.51,184.73,315.97
165,5.500000,2111,2,helmet,0.689843,209.89,35.71,228.85,52.14
165,5.500000,2099,37,shelf,0.311149,331.31,3.37,440.13,102.90
165,5.500000,2130,76,gloves,0.614181,234.01,96.42,242.22,110.26
165,5.500000,2121,2,helmet,0.495376,117.38,171.23,136.30,189.50
166,5.533333,1993,0,person,0.518951,442.45,0.28,471.60,60.02
166,5.533333,1996,0,person,0.800174,209.71,35.77,256.79,155.07
166,5.533333,2002,0,person,0.578801,614.90,148.60,639.37,259.17
166,5.533333,2006,0,person,0.719412,114.41,171.65,178.57,236.94
166,5.533333,2042,0,person,0.816828,170.73,228.47,229.66,352.00
166,5.533333,2063,37,shelf,0.361634,473.00,0.50,574.24,84.75
166,5.533333,2120,2,helmet,0.649554,191.88,60.24,209.88,78.62
166,5.533333,1998,0,person,0.272806,332.90,0.25,353.89,35.30
166,5.533333,2004,36,trash can,0.666395,210.76,143.91,233.38,175.89
166,5.533333,2114,76,gloves,0.705565,169.42,298.64,184.44,316.39
166,5.533333,2111,2,helmet,0.647248,208.99,36.01,227.77,52.31
166,5.533333,2099,37,shelf,0.317817,331.47,3.39,440.28,102.94
166,5.533333,2121,2,helmet,0.495939,117.63,171.51,135.89,189.06
166,5.533333,2133,2,helmet,0.435314,172.44,228.89,192.57,250.30
167,5.566667,1993,0,person,0.287249,442.68,0.25,471.70,59.36
167,5.566667,1996,0,person,0.797456,209.30,36.19,256.61,155.20
167,5.566667,2002,0,person,0.610520,614.37,148.97,639.14,259.93
167,5.566667,2006,0,person,0.738405,114.11,172.00,177.97,236.87
167,5.566667,2042,0,person,0.818419,170.28,229.04,229.41,352.00
167,5.566667,2063,37,shelf,0.396881,472.82,0.44,574.42,85.09
167,5.566667,2120,2,helmet,0.580965,191.77,60.10,210.01,78.87
167,5.566667,1998,0,person,0.338148,331.53,0.26,353.32,36.48
167,5.566667,2004,36,trash can,0.667726,210.67,143.78,233.46,176.04
167,5.566667,2114,76,gloves,0.693711,168.67,298.69,184.04,316.79
167,5.566667,2111,2,helmet,0.532725,207.97,36.38,226.89,52.91
167,5.566667,2099,37,shelf,0.328934,331.47,3.91,440.13,103.25
167,5.566667,2121,2,helmet,0.397263,117.23,171.75,135.78,189.55
167,5.566667,2133,2,helmet,0.458778,171.84,229.41,192.01,250.87
168,5.600000,1993,0,person,0.516594,441.87,0.16,470.10,57.97
168,5.600000,1996,0,person,0.793656,209.07,36.46,256.60,155.23
168,5.600000,2002,0,person,0.581379,614.71,149.22,639.46,259.80
168,5.600000,2006,0,person,0.727020,113.93,172.10,177.71,236.77
168,5.600000,2042,0,person,0.809730,170.22,229.25,229.78,352.00
168,5.600000,2063,37,shelf,0.369880,472.67,0.29,574.42,85.16
168,5.600000,2120,2,helmet,0.594498,191.89,60.34,209.91,79.00
168,5.600000,1998,0,person,0.337107,331.01,0.26,353.13,36.90
168,5.600000,2004,36,trash can,0.676712,210.70,143.79,233.46,176.04
168,5.600000,2114,76,gloves,0.690534,168.36,298.71,183.93,316.97
168,5.600000,2111,2,helmet,0.542218,207.46,36.61,226.64,53.51
168,5.600000,2099,37,shelf,0.328684,331.44,4.05,440.12,103.35
168,5.600000,2121,2,helmet,0.441756,117.14,171.85,135.71,189.65
168,5.600000,2133,2,helmet,0.491487,171.65,229.65,191.81,251.11
169,5.633333,1993,0,person,0.394823,442.44,0.20,470.11,56.52
169,5.633333,1996,0,person,0.806078,208.67,36.60,256.54,155.32
169,5.633333,2002,0,person,0.579046,614.64,149.02,639.52,259.74
169,5.633333,2006,0,person,0.759139,114.44,172.21,178.32,237.04
169,5.633333,2042,0,person,0.816963,169.89,229.60,229.72,352.00
169,5.633333,2063,37,shelf,0.374752,472.72,0.24,574.61,85.35
169,5.633333,2120,2,helmet,0.600659,192.11,60.49,210.17,79.28
169,5.633333,1998,0,person,0.366404,330.72,0.25,353.15,37.25
169,5.633333,2004,36,trash can,0.690690,210.86,143.81,233.70,176.26
169,5.633333,2114,76,gloves,0.614415,168.23,299.36,183.69,317.46
169,5.633333,2111,2,helmet,0.386650,206.41,36.83,226.00,54.36
169,5.633333,2099,37,shelf,0.289776,331.72,4.65,439.71,103.23
169,5.633333,2121,2,helmet,0.483131,117.48,172.07,135.70,189.48
169,5.633333,2133,2,helmet,0.448133,170.72,230.03,191.34,252.02
170,5.666667,1993,0,person,0.540257,442.17,0.24,470.10,56.70
170,5.666667,1996,0,person,0.786769,208.32,36.84,256.53,155.45
170,5.666667,2002,0,person,0.586163,614.71,149.26,639.58,259.58
170,5.666667,2006,0,person,0.775397,114.94,172.15,178.49,236.68
170,5.666667,2042,0,person,0.824611,169.75,229.91,229.91,352.00
170,5.666667,2063,37,shelf,0.375318,472.79,0.24,574.64,85.41
170,5.666667,2120,2,helmet,0.578451,192.07,60.43,210.23,79.44
170,5.666667,1998,0,person,0.366925,330.59,0.25,353.18,37.37
170,5.666667,2004,36,trash can,0.686991,210.98,143.86,233.74,176.25
170,5.666667,2114,76,gloves,0.571286,167.87,300.04,183.42,318.22
170,5.666667,2111,2,helmet,0.434607,206.38,37.05,225.06,53.85
170,5.666667,2099,37,shelf,0.308060,331.67,4.76,439.72,103.33
170,5.666667,2121,2,helmet,0.382368,117.45,172.09,135.64,189.47
171,5.700000,1993,0,person,0.524045,441.76,0.27,469.78,56.41
171,5.700000,1996,0,person,0.773326,207.71,36.81,256.37,155.50
171,5.700000,2002,0,person,0.582251,614.68,149.48,639.64,259.89
171,5.700000,2006,0,person,0.771957,114.97,172.05,178.44,236.52
171,5.700000,2042,0,person,0.831916,169.53,230.00,230.06,352.00
171,5.700000,2063,37,shelf,0.400304,472.70,0.28,574.49,85.47
171,5.700000,2120,2,helmet,0.570871,192.12,60.23,210.25,79.30
171,5.700000,1998,0,person,0.352986,330.40,0.25,353.10,37.43
171,5.700000,2004,36,trash can,0.702113,210.78,143.80,233.58,176.26
171,5.700000,2114,76,gloves,0.409049,167.47,300.08,183.49,318.94
171,5.700000,2111,2,helmet,0.398418,205.97,36.98,224.31,53.50
171,5.700000,2099,37,shelf,0.304753,331.49,4.71,439.76,103.45
171,5.700000,2121,2,helmet,0.405839,117.18,171.98,135.33,189.32
172,5.733333,1993,0,person,0.539157,441.50,0.29,469.68,56.32
172,5.733333,1996,0,person,0.786713,207.34,36.93,256.42,155.65
172,5.733333,2002,0,person,0.577738,614.65,149.59,639.70,260.15
172,5.733333,2006,0,person,0.772773,115.04,172.18,178.26,236.39
172,5.733333,2042,0,person,0.822897,169.08,230.22,229.93,352.00
172,5.733333,2063,37,shelf,0.390698,472.67,0.28,574.39,85.49
172,5.733333,2120,2,helmet,0.588679,192.32,60.29,210.27,79.21
172,5.733333,1998,0,person,0.353128,330.31,0.25,353.07,37.44
172,5.733333,2004,36,trash can,0.685316,210.72,143.85,233.53,176.37
172,5.733333,2114,76,gloves,0.560734,167.41,301.03,183.08,319.46
172,5.733333,2111,2,helmet,0.473054,205.57,37.12,223.86,53.64
172,5.733333,2099,37,shelf,0.323784,331.42,4.63,439.86,103.49
172,5.733333,2121,2,helmet,0.417136,117.10,172.17,135.26,189.50
173,5.766667,1993,0,person,0.479517,441.42,0.29,469.71,56.08
173,5.766667,1996,0,person,0.800145,206.95,37.00,256.45,155.75
173,5.766667,2002,0,person,0.577207,614.60,149.65,639.70,260.20
173,5.766667,2006,0,person,0.780411,115.14,172.17,178.26,236.29
173,5.766667,2042,0,person,0.820730,168.70,230.25,229.93,352.00
173,5.766667,2063,37,shelf,0.387179,472.70,0.32,574.31,85.51
173,5.766667,2120,2,helmet,0.599737,192.63,60.33,210.46,79.20
173,5.766667,1998,0,person,0.380452,330.17,0.24,353.10,37.63
173,5.766667,2004,36,trash can,0.675671,210.75,143.88,233.56,176.41
173,5.766667,2114,76,gloves,0.568158,167.46,301.56,182.95,319.72
173,5.766667,2111,2,helmet,0.534035,204.97,37.23,223.62,54.17
173,5.766667,2099,37,shelf,0.302818,331.52,4.79,439.96,103.59
173,5.766667,2121,2,helmet,0.401184,117.27,172.15,135.48,189.55
173,5.766667,2133,2,helmet,0.284675,167.55,230.62,189.02,253.65
174,5.800000,1993,0,person,0.476445,441.13,0.31,469.64,56.08
174,5.800000,1996,0,person,0.791332,206.55,36.97,256.39,155.59
174,5.800000,2002,0,person,0.586963,614.61,149.56,639.77,260.19
174,5.800000,2006,0,person,0.778145,115.26,172.11,178.13,235.96
174,5.800000,2042,0,person,0.815515,168.37,230.23,230.00,352.00
174,5.800000,2063,37,shelf,0.387143,472.77,0.28,574.24,85.41
174,5.800000,2120,2,helmet,0.628635,192.61,60.18,210.61,79.32
174,5.800000,1998,0,person,0.353323,330.21,0.24,353.11,37.51
174,5.800000,2004,36,trash can,0.692078,210.79,143.74,233.58,176.31
174,5.800000,2114,76,gloves,0.551171,167.42,301.85,182.73,319.74
174,5.800000,2111,2,helmet,0.536009,204.62,37.26,223.65,54.69
174,5.800000,2099,37,shelf,0.282853,331.37,4.75,439.91,103.61
174,5.800000,2121,2,helmet,0.386999,117.43,172.09,135.48,189.30
175,5.833333,1993,0,person,0.446720,441.32,0.30,469.67,55.44
175,5.833333,1996,0,person,0.800399,206.28,36.85,256.55,155.55
175,5.833333,2002,0,person,0.590262,614.57,149.52,639.78,260.15
175,5.833333,2006,0,person,0.782980,115.30,172.00,178.25,235.91
175,5.833333,2042,0,person,0.820560,168.20,230.34,230.20,352.00
175,5.833333,2063,37,shelf,0.403355,472.85,0.31,574.16,85.34
175,5.833333,2120,2,helmet,0.601880,192.60,60.16,210.66,79.40
175,5.833333,1998,0,person,0.397356,330.21,0.34,353.24,37.83
175,5.833333,2004,36,trash can,0.664398,210.84,143.74,233.57,176.27
175,5.833333,2114,76,gloves,0.636231,167.30,302.52,182.47,320.22
175,5.833333,2111,2,helmet,0.474443,204.29,37.15,223.50,54.89
175,5.833333,2099,37,shelf,0.297629,331.38,4.42,440.20,103.53
175,5.833333,2121,2,helmet,0.391212,117.62,171.95,135.90,189.36
176,5.866667,1993,0,person,0.524352,441.02,0.33,469.17,54.39
176,5.866667,1996,0,person,0.802075,206.10,36.87,256.76,155.61
176,5.866667,2002,0,person,0.574820,614.81,149.32,640.00,260.10
176,5.866667,2006,0,person,0.777263,115.32,172.20,178.18,235.96
176,5.866667,2042,0,person,0.802270,167.86,230.40,230.30,351.92
176,5.866667,2063,37,shelf,0.417282,472.83,0.32,574.23,85.50
176,5.866667,2120,2,helmet,0.568453,192.53,59.96,210.80,79.52
176,5.866667,1998,0,person,0.402392,330.23,0.37,353.32,37.96
176,5.866667,2004,36,trash can,0.694994,210.94,143.75,233.61,176.27
176,5.866667,2114,76,gloves,0.628724,167.02,302.66,182.18,320.35
176,5.866667,2111,2,helmet,0.451531,203.99,37.09,223.17,54.99
176,5.866667,2121,2,helmet,0.285462,117.73,172.12,136.03,189.53
177,5.900000,1993,0,person,0.481951,440.78,0.35,469.13,54.34
177,5.900000,1996,0,person,0.802316,205.97,37.00,256.91,155.63
177,5.900000,2002,0,person,0.589177,614.40,149.26,639.77,260.37
177,5.900000,2006,0,person,0.778103,115.39,172.44,178.40,236.31
177,5.900000,2042,0,person,0.822086,167.74,230.54,230.56,351.92
177,5.900000,2063,37,shelf,0.403356,472.79,0.29,574.26,85.61
177,5.900000,2120,2,helmet,0.591166,192.37,60.00,210.82,79.84
177,5.900000,1998,0,person,0.410274,330.20,0.36,353.40,38.17
177,5.900000,2004,36,trash can,0.683137,211.09,143.70,233.81,176.37
177,5.900000,2114,76,gloves,0.547346,167.02,302.83,182.23,320.57
177,5.900000,2111,2,helmet,0.514328,204.00,37.22,223.05,55.18
177,5.900000,2121,2,helmet,0.342850,117.91,172.32,136.34,189.82
177,5.900000,2099,37,shelf,0.300496,331.45,3.71,441.13,103.67
178,5.933333,1993,0,person,0.613977,440.33,0.27,468.95,54.14
178,5.933333,1996,0,person,0.805970,205.74,37.03,256.99,155.62
178,5.933333,2002,0,person,0.587243,614.23,149.22,639.69,260.44
178,5.933333,2006,0,person,0.775415,115.39,172.52,178.47,236.40
178,5.933333,2042,0,person,0.791210,167.13,230.86,230.26,351.95
178,5.933333,2063,37,shelf,0.381107,472.83,0.29,574.24,85.63
178,5.933333,2120,2,helmet,0.595887,192.27,60.19,210.95,80.36
178,5.933333,1998,0,person,0.422091,330.18,0.34,353.44,38.31
178,5.933333,2004,36,trash can,0.684010,211.16,143.68,233.86,176.41
178,5.933333,2114,76,gloves,0.459438,166.68,303.39,181.70,320.85
178,5.933333,2111,2,helmet,0.468521,203.87,37.25,222.73,55.20
178,5.933333,2121,2,helmet,0.334614,117.97,172.40,136.46,189.91
178,5.933333,2099,37,shelf,0.312271,331.64,3.51,441.51,103.68
179,5.966667,1993,0,person,0.600392,440.01,0.26,468.91,54.06
179,5.966667,1996,0,person,0.811219,205.41,36.88,256.96,155.44
179,5.966667,2002,0,person,0.572061,614.26,149.03,639.80,260.48
179,5.966667,2006,0,person,0.779763,115.44,172.45,178.24,236.00
179,5.966667,2042,0,person,0.786066,166.50,230.90,230.12,351.98
179,5.966667,2063,37,shelf,0.360623,472.91,0.18,574.23,85.51
179,5.966667,2120,2,helmet,0.663278,191.87,60.11,210.88,80.79
179,5.966667,1998,0,person,0.426228,330.37,0.35,353.57,38.16
179,5.966667,2004,36,trash can,0.680421,211.18,143.69,233.77,176.32
179,5.966667,2114,76,gloves,0.522113,166.01,303.91,180.76,320.98
179,5.966667,2111,2,helmet,0.498043,203.85,37.11,222.32,54.78
179,5.966667,2121,2,helmet,0.267124,117.93,172.36,136.55,189.98
179,5.966667,2099,37,shelf,0.266700,331.73,3.36,441.55,103.49
180,6.000000,1993,0,person,0.624768,439.69,0.24,468.86,54.05
180,6.000000,1996,0,person,0.809017,205.15,36.66,257.06,155.40
180,6.000000,2002,0,person,0.575841,614.26,148.99,639.84,260.53
180,6.000000,2006,0,person,0.768330,115.38,172.57,178.09,235.92
180,6.000000,2042,0,person,0.788035,165.87,230.96,229.90,351.97
180,6.000000,2063,37,shelf,0.357514,472.96,0.18,574.16,85.50
180,6.000000,2120,2,helmet,0.696047,192.22,60.21,210.80,80.52
180,6.000000,1998,0,person,0.441776,330.42,0.37,353.58,38.11
180,6.000000,2004,36,trash can,0.675073,211.29,143.81,233.71,176.22
180,6.000000,2114,76,gloves,0.462882,165.45,304.02,179.97,320.68
180,6.000000,2111,2,helmet,0.529202,203.69,36.92,222.38,54.95
180,6.000000,2121,2,helmet,0.295712,118.01,172.41,136.61,189.97
180,6.000000,2099,37,shelf,0.276049,332.10,3.82,441.52,103.44
181,6.033333,1993,0,person,0.484279,439.51,0.21,468.67,53.80
181,6.033333,1996,0,person,0.805573,204.94,36.34,257.24,155.45
181,6.033333,2002,0,person,0.571458,614.29,148.95,639.90,260.53
181,6.033333,2006,0,person,0.775324,115.43,172.63,177.98,235.77
181,6.033333,2042,0,person,0.764845,165.58,231.75,229.84,351.99
181,6.033333,2063,37,shelf,0.355665,473.05,0.27,574.02,85.42
181,6.033333,2120,2,helmet,0.709970,192.26,60.07,210.85,80.53
181,6.033333,1998,0,person,0.447273,330.43,0.38,353.58,38.07
181,6.033333,2004,36,trash can,0.679913,211.34,143.84,233.68,176.18
181,6.033333,2114,76,gloves,0.432680,164.48,304.01,179.35,320.93
181,6.033333,2111,2,helmet,0.572777,203.81,36.69,222.28,54.67
181,6.033333,2121,2,helmet,0.281747,117.97,172.44,136.61,190.01
181,6.033333,2099,37,shelf,0.260235,331.89,3.57,441.48,103.37
182,6.066667,1993,0,person,0.591309,438.26,0.23,467.24,53.71
182,6.066667,1996,0,person,0.803854,204.73,36.28,257.24,155.33
182,6.066667,2002,0,person,0.573234,614.68,148.94,640.00,261.11
182,6.066667,2006,0,person,0.764743,115.77,172.84,177.65,235.11
182,6.066667,2042,0,person,0.793734,165.00,232.39,229.65,352.00
182,6.066667,2063,37,shelf,0.333295,472.88,0.29,573.89,85.52
182,6.066667,2120,2,helmet,0.653608,192.42,60.33,210.75,80.58
182,6.066667,1998,0,person,0.402652,330.41,0.39,353.59,38.10
182,6.066667,2004,36,trash can,0.654827,211.33,143.94,233.62,176.26
182,6.066667,2114,76,gloves,0.571962,163.26,304.81,177.35,320.75
182,6.066667,2111,2,helmet,0.624382,203.53,36.63,222.24,55.03
182,6.066667,2121,2,helmet,0.282433,118.07,172.56,136.80,190.16
182,6.066667,2099,37,shelf,0.258056,331.34,3.11,441.37,103.37
183,6.100000,1993,0,person,0.552048,437.69,0.30,466.51,53.76
183,6.100000,1996,0,person,0.798634,204.38,36.25,257.22,155.42
183,6.100000,2002,0,person,0.591983,614.54,149.29,640.00,261.19
183,6.100000,2006,0,person,0.770249,115.77,173.07,177.45,234.93
183,6.100000,2042,0,person,0.781385,164.23,232.59,229.41,352.00
183,6.100000,2063,37,shelf,0.342087,472.50,0.32,573.68,85.73
183,6.100000,2120,2,helmet,0.659413,192.11,60.57,210.55,81.08
183,6.100000,1998,0,person,0.385939,330.24,0.38,353.55,38.31
183,6.100000,2004,36,trash can,0.658699,211.15,144.00,233.42,176.30
183,6.100000,2114,76,gloves,0.610114,162.40,305.07,176.33,320.78
183,6.100000,2111,2,helmet,0.581610,203.24,36.68,221.89,55.20
183,6.100000,2121,2,helmet,0.254590,117.85,172.80,136.71,190.49
184,6.133333,1993,0,person,0.683383,436.84,0.21,465.55,53.87
184,6.133333,1996,0,person,0.791755,203.93,36.08,257.05,155.42
184,6.133333,2002,0,person,0.592918,614.39,149.47,639.96,261.25
184,6.133333,2006,0,person,0.783769,115.37,172.94,177.19,234.80
184,6.133333,2042,0,person,0.763942,162.83,232.81,228.65,351.96
184,6.133333,2063,37,shelf,0.351128,472.07,0.25,573.29,85.76
184,6.133333,2120,2,helmet,0.671550,191.80,60.78,209.87,80.90
184,6.133333,1998,0,person,0.399239,330.02,0.37,353.35,38.36
184,6.133333,2004,36,trash can,0.673332,210.82,144.15,232.94,176.19
184,6.133333,2114,76,gloves,0.507287,161.09,304.75,175.30,320.68
184,6.133333,2111,2,helmet,0.626207,203.11,36.57,221.65,55.10
184,6.133333,2121,2,helmet,0.278439,117.43,172.74,136.32,190.44
184,6.133333,2099,37,shelf,0.250648,330.49,2.87,440.82,103.55
185,6.166667,1993,0,person,0.684581,436.27,0.15,464.64,53.68
185,6.166667,1996,0,person,0.790365,203.53,35.75,256.85,155.17
185,6.166667,2002,0,person,0.605745,614.63,149.88,640.00,260.99
185,6.166667,2006,0,person,0.782340,115.07,172.78,176.99,234.61
185,6.166667,2042,0,person,0.744584,160.86,233.13,227.56,351.93
185,6.166667,2063,37,shelf,0.359863,471.83,0.32,573.03,85.87
185,6.166667,2120,2,helmet,0.669315,191.99,60.62,209.40,80.05
185,6.166667,1998,0,person,0.358746,329.85,0.38,353.08,38.19
185,6.166667,2004,36,trash can,0.704825,210.25,144.01,232.57,176.29
185,6.166667,2114,76,gloves,0.367383,159.59,304.61,174.15,320.78
185,6.166667,2111,2,helmet,0.661488,202.99,36.26,221.29,54.62
186,6.200000,1993,0,person,0.674511,435.95,0.26,463.90,53.50
186,6.200000,1996,0,person,0.792995,203.19,35.57,256.73,155.06
186,6.200000,2002,0,person,0.597306,614.14,150.23,639.56,260.78
186,6.200000,2006,0,person,0.765108,114.66,172.68,176.62,234.36
186,6.200000,2042,0,person,0.778409,160.48,233.01,227.97,351.92
186,6.200000,2063,37,shelf,0.349237,471.61,0.39,572.76,85.94
186,6.200000,2120,2,helmet,0.651344,191.90,60.74,208.85,79.71
186,6.200000,1998,0,person,0.363054,329.52,0.39,352.69,37.95
186,6.200000,2004,36,trash can,0.713168,209.92,143.83,232.35,176.22
186,6.200000,2114,76,gloves,0.511771,158.83,304.32,173.60,320.55
186,6.200000,2111,2,helmet,0.650437,203.07,36.06,221.01,54.06
186,6.200000,2121,2,helmet,0.286208,116.78,172.65,135.52,190.18
187,6.233333,1993,0,person,0.617078,435.55,0.18,463.21,53.41
187,6.233333,1996,0,person,0.790582,202.85,35.20,256.67,155.05
187,6.233333,2002,0,person,0.595449,613.92,150.39,639.43,260.71
187,6.233333,2006,0,person,0.787065,114.39,172.66,176.63,234.46
187,6.233333,2042,0,person,0.754754,160.15,233.61,227.98,351.84
187,6.233333,2063,37,shelf,0.326248,471.55,0.35,572.72,85.97
187,6.233333,2120,2,helmet,0.673978,191.90,60.59,208.62,79.35
187,6.233333,1998,0,person,0.363024,329.38,0.39,352.58,37.86
187,6.233333,2004,36,trash can,0.715061,209.70,143.80,232.11,176.16
187,6.233333,2114,76,gloves,0.615247,158.54,304.28,173.23,320.32
187,6.233333,2111,2,helmet,0.682839,203.01,35.69,221.07,53.85
187,6.233333,2121,2,helmet,0.296709,116.62,172.62,135.35,190.12
188,6.266667,1993,0,person,0.604699,435.14,0.22,462.39,53.46
188,6.266667,1996,0,person,0.796659,202.71,35.08,256.69,155.03
188,6.266667,2002,0,person,0.596198,613.80,150.45,639.40,260.61
188,6.266667,2006,0,person,0.785003,114.22,172.65,176.70,234.57
188,6.266667,2042,0,person,0.740227,159.74,234.57,227.75,351.92
188,6.266667,2063,37,shelf,0.328549,471.56,0.38,572.66,85.97
188,6.266667,2120,2,helmet,0.674435,191.88,60.51,208.57,79.30
188,6.266667,1998,0,person,0.359339,329.31,0.39,352.55,37.82
188,6.266667,2004,36,trash can,0.707403,209.63,143.81,232.01,176.12
188,6.266667,2114,76,gloves,0.509249,158.33,304.32,173.16,320.36
188,6.266667,2111,2,helmet,0.691928,203.00,35.56,221.09,53.78
188,6.266667,2121,2,helmet,0.304841,116.56,172.61,135.30,190.09
189,6.300000,1993,0,person,0.595843,434.37,0.24,461.22,53.34
189,6.300000,1996,0,person,0.797595,202.59,34.81,256.76,155.02
189,6.300000,2002,0,person,0.597939,613.85,150.44,639.58,260.87
189,6.300000,2006,0,person,0.784596,114.07,172.62,176.82,234.71
189,6.300000,2042,0,person,0.753120,159.71,235.24,227.95,351.84
189,6.300000,2063,37,shelf,0.332657,471.59,0.37,572.64,85.97
189,6.300000,2120,2,helmet,0.682757,191.84,60.51,208.22,78.97
189,6.300000,1998,0,person,0.356334,329.25,0.39,352.54,37.80
189,6.300000,2004,36,trash can,0.708208,209.61,143.82,231.98,176.11
189,6.300000,2114,76,gloves,0.466933,158.69,304.96,173.59,320.84
189,6.300000,2111,2,helmet,0.676602,202.87,35.31,221.22,53.86
189,6.300000,2121,2,helmet,0.300644,116.53,172.60,135.30,190.09
190,6.333333,1993,0,person,0.600176,434.06,0.25,460.61,53.32
190,6.333333,1996,0,person,0.797639,202.52,34.71,256.82,155.01
190,6.333333,2002,0,person,0.594746,613.87,150.48,639.58,260.46
190,6.333333,2006,0,person,0.784729,113.99,172.62,176.90,234.76
190,6.333333,2042,0,person,0.752738,159.57,235.61,228.11,351.94
190,6.333333,2063,37,shelf,0.333594,471.62,0.37,572.63,85.97
190,6.333333,2120,2,helmet,0.682507,191.83,60.51,208.09,78.85
190,6.333333,1998,0,person,0.357549,329.22,0.39,352.56,37.80
190,6.333333,2004,36,trash can,0.707948,209.60,143.82,231.98,176.10
190,6.333333,2114,76,gloves,0.433637,158.86,305.41,173.86,321.19
190,6.333333,2111,2,helmet,0.676811,202.85,35.21,221.25,53.89
190,6.333333,2121,2,helmet,0.301618,116.52,172.60,135.31,190.09
191,6.366667,1993,0,person,0.534100,433.29,0.34,459.56,53.01
191,6.366667,1996,0,person,0.784228,202.48,34.41,256.91,154.90
191,6.366667,2002,0,person,0.598272,614.01,150.13,639.87,260.83
191,6.366667,2006,0,person,0.721955,114.30,172.60,177.09,234.61
191,6.366667,2042,0,person,0.744005,159.26,235.62,228.09,351.80
191,6.366667,2063,37,shelf,0.346467,471.76,0.36,572.55,85.78
191,6.366667,2120,2,helmet,0.647310,191.55,60.42,207.99,79.03
191,6.366667,1998,0,person,0.335399,329.27,0.39,352.58,37.61
191,6.366667,2004,36,trash can,0.715506,209.60,143.82,231.98,176.10
191,6.366667,2114,76,gloves,0.501870,159.79,305.66,174.86,321.42
191,6.366667,2111,2,helmet,0.629850,202.91,34.83,221.09,53.34
191,6.366667,2121,2,helmet,0.282913,116.51,172.58,135.34,190.10
192,6.400000,1993,0,person,0.632615,432.76,0.37,459.10,53.18
192,6.400000,1996,0,person,0.790815,202.57,34.36,257.12,155.08
192,6.400000,2002,0,person,0.589054,614.17,149.97,640.00,261.03
192,6.400000,2006,0,person,0.776642,114.30,172.45,177.59,234.98
192,6.400000,2042,0,person,0.756686,158.19,235.74,226.60,351.77
192,6.400000,2063,37,shelf,0.399129,471.83,0.47,572.60,85.89
192,6.400000,2120,2,helmet,0.643607,191.71,60.69,207.99,79.14
192,6.400000,1998,0,person,0.354102,329.14,0.39,352.50,37.76
192,6.400000,2004,36,trash can,0.716335,209.67,143.75,232.11,176.10
192,6.400000,2114,76,gloves,0.516489,160.66,306.12,175.76,321.92
192,6.400000,2111,2,helmet,0.677135,203.18,34.81,221.19,53.18
192,6.400000,2121,2,helmet,0.340012,117.17,172.51,135.06,188.90
193,6.433333,1993,0,person,0.663898,432.70,0.41,458.99,53.02
193,6.433333,1996,0,person,0.788265,202.81,34.33,257.41,155.16
193,6.433333,2002,0,person,0.577843,614.16,149.49,640.00,260.96
193,6.433333,2006,0,person,0.764022,114.23,172.35,177.77,235.18
193,6.433333,2042,0,person,0.770189,157.89,235.18,226.24,351.89
193,6.433333,2063,37,shelf,0.390622,471.99,0.39,572.82,85.91
193,6.433333,2120,2,helmet,0.614804,192.05,60.76,207.96,78.72
193,6.433333,1998,0,person,0.348782,329.26,0.40,352.61,37.83
193,6.433333,2004,36,trash can,0.711747,209.80,143.75,232.26,176.09
193,6.433333,2114,76,gloves,0.515087,161.28,305.98,176.47,321.88
193,6.433333,2111,2,helmet,0.668696,203.49,34.78,221.42,53.13
193,6.433333,2121,2,helmet,0.361913,117.37,172.45,135.19,188.58
194,6.466667,1993,0,person,0.651718,432.10,0.41,458.33,52.87
194,6.466667,1996,0,person,0.777820,203.03,34.43,257.53,155.05
194,6.466667,2002,0,person,0.581722,614.15,149.34,640.00,260.93
194,6.466667,2006,0,person,0.771159,114.12,172.30,178.02,235.56
194,6.466667,2042,0,person,0.788786,157.84,234.13,226.35,351.93
194,6.466667,2063,37,shelf,0.391453,472.08,0.40,572.86,85.91
194,6.466667,2120,2,helmet,0.606042,192.13,60.85,207.78,78.47
194,6.466667,1998,0,person,0.349743,329.32,0.40,352.64,37.85
194,6.466667,2004,36,trash can,0.717504,209.85,143.75,232.32,176.08
194,6.466667,2114,76,gloves,0.487337,162.02,305.74,177.52,322.02
194,6.466667,2111,2,helmet,0.670663,203.62,34.78,221.49,53.11
194,6.466667,2121,2,helmet,0.329255,117.51,172.38,135.15,188.12
195,6.500000,1993,0,person,0.616036,431.58,0.28,456.79,50.53
195,6.500000,1996,0,person,0.786136,203.09,34.47,257.58,155.02
195,6.500000,2002,0,person,0.582036,614.16,149.27,640.00,260.93
195,6.500000,2006,0,person,0.773776,114.13,172.31,178.10,235.71
195,6.500000,2042,0,person,0.765904,157.22,233.76,225.42,351.98
195,6.500000,2063,37,shelf,0.393211,472.13,0.38,572.87,85.91
195,6.500000,2120,2,helmet,0.609559,191.89,60.89,207.57,78.53
195,6.500000,1998,0,person,0.349915,329.35,0.40,352.65,37.87
195,6.500000,2004,36,trash can,0.715870,209.86,143.74,232.36,176.08
195,6.500000,2114,76,gloves,0.526932,162.80,305.84,178.27,322.12
195,6.500000,2111,2,helmet,0.669247,203.69,34.79,221.51,53.10
195,6.500000,2121,2,helmet,0.336826,117.51,172.38,135.22,187.99
196,6.533333,1993,0,person,0.593448,431.26,0.23,456.12,49.59
196,6.533333,1996,0,person,0.787649,203.12,34.48,257.60,155.01
196,6.533333,2002,0,person,0.590258,614.32,149.53,640.00,260.45
196,6.533333,2006,0,person,0.781746,114.04,172.24,178.04,235.75
196,6.533333,2042,0,person,0.763088,156.82,233.66,224.50,351.99
196,6.533333,2063,37,shelf,0.390797,472.16,0.39,572.86,85.90
196,6.533333,2120,2,helmet,0.605772,191.60,60.90,207.40,78.67
196,6.533333,1998,0,person,0.352283,329.37,0.40,352.63,37.87
196,6.533333,2004,36,trash can,0.714682,209.86,143.75,232.37,176.07
196,6.533333,2114,76,gloves,0.530582,163.10,305.86,178.56,322.14
196,6.533333,2111,2,helmet,0.667269,203.70,34.79,221.53,53.17
196,6.533333,2121,2,helmet,0.391601,117.45,172.35,135.09,187.73
197,6.566667,1993,0,person,0.552806,430.83,0.24,455.71,49.40
197,6.566667,1996,0,person,0.790682,202.83,34.45,257.44,155.20
197,6.566667,2002,0,person,0.598837,614.01,149.90,639.76,260.33
197,6.566667,2006,0,person,0.754789,114.19,172.17,177.93,235.49
197,6.566667,2042,0,person,0.793594,156.82,233.83,223.86,352.00
197,6.566667,2063,37,shelf,0.372651,472.14,0.49,572.63,85.83
197,6.566667,2120,2,helmet,0.607513,191.25,60.86,207.42,79.06
197,6.566667,1998,0,person,0.389133,329.20,0.42,352.53,37.94
197,6.566667,2004,36,trash can,0.688449,209.91,143.83,232.44,176.18
197,6.566667,2114,76,gloves,0.525583,163.48,306.17,178.94,322.51
197,6.566667,2111,2,helmet,0.674747,203.59,34.81,221.29,53.06
197,6.566667,2121,2,helmet,0.383930,117.16,172.33,135.21,187.98
198,6.600000,1993,0,person,0.581402,429.69,0.20,454.65,49.44
198,6.600000,1996,0,person,0.799146,202.61,34.69,257.26,155.27
198,6.600000,2002,0,person,0.586057,614.26,149.94,640.00,260.44
198,6.600000,2006,0,person,0.763426,114.29,172.66,178.05,236.11
198,6.600000,2042,0,person,0.786857,156.46,233.73,223.08,351.97
198,6.600000,2063,37,shelf,0.365765,472.15,0.48,572.62,85.81
198,6.600000,2120,2,helmet,0.577267,191.12,61.05,207.54,79.58
198,6.600000,1998,0,person,0.417956,329.10,0.40,352.49,38.06
198,6.600000,2004,36,trash can,0.712006,209.87,143.90,232.43,176.28
198,6.600000,2114,76,gloves,0.585044,163.67,306.40,179.39,323.07
198,6.600000,2111,2,helmet,0.676831,203.83,35.02,220.98,52.60
198,6.600000,2121,2,helmet,0.377224,117.04,172.55,135.51,188.50
199,6.633333,1993,0,person,0.606840,429.36,0.19,454.48,49.57
199,6.633333,1996,0,person,0.783786,202.78,34.71,257.47,155.31
199,6.633333,2002,0,person,0.598098,614.40,149.80,640.00,260.48
199,6.633333,2006,0,person,0.775553,114.34,172.48,178.35,236.27
199,6.633333,2042,0,person,0.816529,156.59,233.23,222.99,351.93
199,6.633333,2063,37,shelf,0.390898,472.05,0.47,572.70,86.00
199,6.633333,2120,2,helmet,0.565975,191.18,61.09,207.63,79.67
199,6.633333,1998,0,person,0.397693,329.14,0.39,352.56,38.15
199,6.633333,2004,36,trash can,0.696182,209.91,143.95,232.48,176.31
199,6.633333,2114,76,gloves,0.575512,163.78,306.55,179.92,323.76
199,6.633333,2111,2,helmet,0.676535,203.81,35.15,221.32,53.14
199,6.633333,2121,2,helmet,0.418673,116.97,172.50,135.48,188.41
199,6.633333,2099,37,shelf,0.256093,331.05,4.55,439.35,103.24
200,6.666667,1993,0,person,0.515269,428.12,0.16,453.02,49.32
200,6.666667,1996,0,person,0.793195,202.87,34.60,257.51,155.10
200,6.666667,2002,0,person,0.615964,614.30,150.28,639.94,260.37
200,6.666667,2006,0,person,0.697130,114.18,172.55,177.59,235.75
200,6.666667,2042,0,person,0.829295,155.90,232.87,222.14,351.98
200,6.666667,2063,37,shelf,0.299288,472.36,0.53,572.29,85.38
200,6.666667,2120,2,helmet,0.570828,191.15,61.13,208.00,80.30
200,6.666667,1998,0,person,0.387164,329.32,0.37,352.91,38.22
200,6.666667,2004,36,trash can,0.702616,209.94,143.70,232.58,176.22
200,6.666667,2114,76,gloves,0.730023,163.83,305.42,180.20,322.95
200,6.666667,2111,2,helmet,0.597438,204.24,34.92,220.97,51.96
200,6.666667,2121,2,helmet,0.385872,116.77,172.62,135.53,188.74
201,6.700000,1993,0,person,0.269786,427.69,0.18,452.32,48.86
201,6.700000,1996,0,person,0.790556,202.72,34.57,257.38,155.01
201,6.700000,2002,0,person,0.611760,614.03,151.02,639.57,260.13
201,6.700000,2006,0,person,0.743798,114.07,172.34,177.18,235.28
201,6.700000,2042,0,person,0.828839,154.92,232.31,221.18,351.98
201,6.700000,2063,37,shelf,0.292954,472.29,0.58,572.00,85.18
201,6.700000,2120,2,helmet,0.549645,190.94,60.98,207.76,80.22
201,6.700000,1998,0,person,0.398010,329.16,0.39,352.79,38.06
201,6.700000,2004,36,trash can,0.680332,209.53,143.47,232.18,176.09
201,6.700000,2114,76,gloves,0.707813,163.76,304.71,180.06,322.24
201,6.700000,2111,2,helmet,0.594403,204.11,34.85,220.77,51.69
201,6.700000,2121,2,helmet,0.356169,116.47,172.47,135.31,188.64
202,6.733333,1996,0,person,0.790834,202.54,34.56,257.24,154.96
202,6.733333,2002,0,person,0.614387,614.24,151.70,639.63,259.89
202,6.733333,2006,0,person,0.730327,113.81,172.28,176.73,234.98
202,6.733333,2042,0,person,0.823930,154.09,232.11,220.32,351.98
202,6.733333,2120,2,helmet,0.516079,190.57,60.87,207.67,80.58
202,6.733333,1998,0,person,0.423881,328.85,0.39,352.52,37.95
202,6.733333,2004,36,trash can,0.661929,209.22,143.42,231.83,176.04
202,6.733333,2114,76,gloves,0.704760,163.54,304.47,179.98,322.29
202,6.733333,2111,2,helmet,0.585378,203.93,34.83,220.62,51.59
202,6.733333,2121,2,helmet,0.409186,116.24,172.43,134.91,188.44
203,6.766667,1996,0,person,0.778756,202.36,34.54,257.14,154.99
203,6.766667,2002,0,person,0.610310,614.29,152.01,639.62,259.61
203,6.766667,2006,0,person,0.699806,114.04,172.33,176.56,234.64
203,6.766667,2042,0,person,0.815561,153.87,231.73,220.14,351.97
203,6.766667,2120,2,helmet,0.502394,190.37,60.83,207.31,80.42
203,6.766667,1998,0,person,0.442842,328.66,0.41,352.40,37.89
203,6.766667,2004,36,trash can,0.682717,209.27,143.61,231.70,176.00
203,6.766667,2114,76,gloves,0.650635,163.50,304.09,179.88,321.97
203,6.766667,2111,2,helmet,0.557047,203.92,34.83,220.51,51.34
203,6.766667,2121,2,helmet,0.349930,115.86,172.39,134.81,188.68
204,6.800000,1996,0,person,0.787906,202.22,34.56,257.10,155.03
204,6.800000,2002,0,person,0.612325,614.45,152.02,639.81,259.67
204,6.800000,2006,0,person,0.708246,114.51,172.76,176.32,234.27
204,6.800000,2042,0,person,0.832842,154.96,231.46,220.94,351.99
204,6.800000,2120,2,helmet,0.392611,190.23,60.88,207.40,80.86
204,6.800000,1998,0,person,0.446825,328.55,0.43,352.39,37.95
204,6.800000,2004,36,trash can,0.696451,209.20,143.50,231.79,176.16
204,6.800000,2114,76,gloves,0.652960,164.01,303.95,180.00,321.44
204,6.800000,2111,2,helmet,0.565667,203.87,34.83,220.52,51.27
204,6.800000,2121,2,helmet,0.445220,115.74,172.89,134.82,189.40
205,6.833333,1996,0,person,0.805502,202.43,34.79,257.33,155.07
205,6.833333,2002,0,person,0.654358,613.66,151.50,639.38,259.92
205,6.833333,2006,0,person,0.480241,115.56,172.93,176.03,232.85
205,6.833333,2042,0,person,0.828925,154.93,231.11,220.90,352.00
205,6.833333,2120,2,helmet,0.476655,190.38,61.05,207.49,81.10
205,6.833333,1998,0,person,0.438197,328.76,0.45,352.66,37.95
205,6.833333,2004,36,trash can,0.705264,209.47,143.41,232.12,176.20
205,6.833333,2114,76,gloves,0.588533,164.30,303.75,180.34,321.32
205,6.833333,2111,2,helmet,0.622277,203.84,35.07,220.56,51.50
205,6.833333,2121,2,helmet,0.296095,115.72,173.05,134.73,189.64
206,6.866667,1996,0,person,0.804221,202.49,34.94,257.43,155.09
206,6.866667,2002,0,person,0.645822,613.44,151.31,639.37,260.05
206,6.866667,2006,0,person,0.550739,117.42,173.01,174.11,228.33
206,6.866667,2042,0,person,0.846619,155.38,230.78,221.18,352.00
206,6.866667,2120,2,helmet,0.474242,190.62,61.10,207.68,81.19
206,6.866667,1998,0,person,0.427611,328.78,0.48,352.78,38.02
206,6.866667,2004,36,trash can,0.697878,209.59,143.39,232.24,176.23
206,6.866667,2114,76,gloves,0.718139,164.65,303.72,180.55,321.21
206,6.866667,2111,2,helmet,0.571874,203.96,35.18,220.51,51.31
206,6.866667,2121,2,helmet,0.382286,115.71,173.18,134.89,190.00
206,6.866667,2063,37,shelf,0.258157,472.17,0.52,572.03,85.20
207,6.900000,1996,0,person,0.805939,202.50,34.97,257.52,155.10
207,6.900000,2002,0,person,0.644397,613.28,151.38,639.35,260.11
207,6.900000,2006,0,person,0.574255,115.69,173.11,175.62,231.47
207,6.900000,2042,0,person,0.802096,155.04,230.62,220.75,352.00
207,6.900000,2120,2,helmet,0.459121,190.70,61.12,207.77,81.32
207,6.900000,1998,0,person,0.419838,328.84,0.49,352.84,37.87
207,6.900000,2004,36,trash can,0.701319,209.64,143.38,232.28,176.24
207,6.900000,2114,76,gloves,0.614731,164.94,303.45,180.63,320.71
207,6.900000,2111,2,helmet,0.570993,203.98,35.22,220.50,51.20
207,6.900000,2121,2,helmet,0.323062,115.74,173.21,134.94,190.15
207,6.900000,2063,37,shelf,0.260864,472.14,0.54,571.94,85.09
208,6.933333,1996,0,person,0.803090,202.39,34.78,257.57,155.10
208,6.933333,2002,0,person,0.648733,613.03,151.44,639.29,260.31
208,6.933333,2006,0,person,0.567622,115.06,173.15,176.15,232.52
208,6.933333,2042,0,person,0.797088,155.10,230.54,220.71,352.00
208,6.933333,2120,2,helmet,0.394659,190.73,60.95,207.89,81.38
208,6.933333,1998,0,person,0.420529,328.85,0.49,352.89,37.81
208,6.933333,2004,36,trash can,0.697598,209.67,143.38,232.28,176.24
208,6.933333,2114,76,gloves,0.634404,165.15,303.37,181.01,320.85
208,6.933333,2111,2,helmet,0.568317,203.94,35.06,220.55,51.01
208,6.933333,2121,2,helmet,0.330221,115.72,173.22,134.81,190.13
208,6.933333,2063,37,shelf,0.276541,472.13,0.56,571.92,85.03
209,6.966667,1996,0,person,0.790745,202.64,34.67,257.93,155.13
209,6.966667,2002,0,person,0.650308,613.37,150.40,639.76,259.88
209,6.966667,2006,0,person,0.575109,115.07,173.34,176.24,232.63
209,6.966667,2042,0,person,0.776664,155.49,230.90,220.75,352.00
209,6.966667,2120,2,helmet,0.448281,190.86,61.02,208.16,81.78
209,6.966667,1998,0,person,0.392937,328.85,0.48,352.98,37.87
209,6.966667,2004,36,trash can,0.723715,209.98,143.47,232.50,176.23
209,6.966667,2114,76,gloves,0.620544,165.87,303.63,181.73,321.04
209,6.966667,2111,2,helmet,0.571154,204.05,34.96,221.20,51.36
209,6.966667,2063,37,shelf,0.295742,472.26,0.58,572.10,85.04
210,7.000000,1996,0,person,0.783170,202.85,34.87,258.17,155.23
210,7.000000,2002,0,person,0.665416,613.67,149.82,640.00,259.78
210,7.000000,2006,0,person,0.554315,115.60,174.33,176.04,232.66
210,7.000000,2042,0,person,0.618658,155.41,231.05,220.14,351.03
210,7.000000,2120,2,helmet,0.471586,191.11,61.19,208.30,81.96
210,7.000000,1998,0,person,0.393627,328.92,0.46,353.14,37.94
210,7.000000,2004,36,trash can,0.690394,210.39,143.51,232.81,176.21
210,7.000000,2114,76,gloves,0.464672,165.28,304.44,182.29,323.16
210,7.000000,2111,2,helmet,0.579540,204.36,35.12,221.53,51.50
210,7.000000,2063,37,shelf,0.272198,472.27,0.57,572.37,85.25
211,7.033333,1996,0,person,0.784513,202.73,34.35,258.35,155.38
211,7.033333,2002,0,person,0.663968,613.81,149.59,640.00,259.71
211,7.033333,2006,0,person,0.499980,116.12,175.74,175.70,232.92
211,7.033333,2042,0,person,0.710376,156.20,231.33,219.58,348.42
211,7.033333,2120,2,helmet,0.557849,191.24,61.26,208.31,82.05
211,7.033333,1998,0,person,0.381083,329.05,0.45,353.28,37.95
211,7.033333,2004,36,trash can,0.684847,210.55,143.53,232.91,176.20
211,7.033333,2114,76,gloves,0.362805,164.94,304.56,182.51,323.91
211,7.033333,2111,2,helmet,0.645455,204.11,34.60,222.14,51.83
211,7.033333,2063,37,shelf,0.273336,472.34,0.59,572.55,85.32
212,7.066667,1996,0,person,0.776750,202.50,34.07,258.31,155.44
212,7.066667,2002,0,person,0.667715,613.91,149.55,640.00,259.67
212,7.066667,2006,0,person,0.452426,116.50,176.33,175.45,232.53
212,7.066667,2042,0,person,0.603500,155.85,232.73,218.87,348.51
212,7.066667,2120,2,helmet,0.488733,191.21,61.20,208.46,82.36
212,7.066667,1998,0,person,0.391738,329.07,0.44,353.31,37.97
212,7.066667,2004,36,trash can,0.683512,210.62,143.53,232.93,176.20
212,7.066667,2111,2,helmet,0.628141,204.35,34.33,222.35,51.46
212,7.066667,2063,37,shelf,0.268048,472.36,0.58,572.63,85.34
213,7.100000,1996,0,person,0.776187,202.41,33.96,258.30,155.45
213,7.100000,2002,0,person,0.667951,613.97,149.54,640.00,259.67
213,7.100000,2006,0,person,0.430639,116.86,177.26,175.17,232.43
213,7.100000,2042,0,person,0.275088,157.35,236.26,219.22,349.63
213,7.100000,2120,2,helmet,0.495590,191.31,61.20,208.40,82.31
213,7.100000,1998,0,person,0.392903,329.09,0.44,353.33,37.97
213,7.100000,2004,36,trash can,0.686618,210.65,143.53,232.93,176.19
213,7.100000,2111,2,helmet,0.630182,204.43,34.23,222.44,51.30
213,7.100000,2063,37,shelf,0.267019,472.36,0.58,572.67,85.36
214,7.133333,1996,0,person,0.779598,202.30,33.81,258.29,155.45
214,7.133333,2002,0,person,0.667454,614.00,149.51,640.00,259.65
214,7.133333,2006,0,person,0.422630,117.03,177.98,175.08,232.50
214,7.133333,2042,0,person,0.269792,158.31,240.52,218.55,350.14
214,7.133333,2120,2,helmet,0.496706,191.38,61.20,208.34,82.27
214,7.133333,1998,0,person,0.390660,329.09,0.44,353.33,37.97
214,7.133333,2004,36,trash can,0.677580,210.67,143.53,232.91,176.19
214,7.133333,2111,2,helmet,0.658722,204.23,34.06,222.75,51.58
214,7.133333,2063,37,shelf,0.271792,472.35,0.59,572.69,85.36
215,7.166667,1996,0,person,0.776509,202.52,33.60,258.56,155.47
215,7.166667,2002,0,person,0.677075,614.07,149.53,640.00,259.93
215,7.166667,2006,0,person,0.445027,116.61,177.66,175.59,232.79
215,7.166667,2042,0,person,0.332371,159.76,245.57,217.95,350.47
215,7.166667,2120,2,helmet,0.493549,191.47,61.23,208.27,82.23
215,7.166667,1998,0,person,0.401419,329.08,0.44,353.31,37.97
215,7.166667,2004,36,trash can,0.690673,210.58,143.35,232.89,176.11
215,7.166667,2111,2,helmet,0.678177,204.88,33.87,222.52,50.39
215,7.166667,2063,37,shelf,0.282021,472.33,0.57,572.71,85.38
216,7.200000,1996,0,person,0.778238,202.58,33.30,258.71,155.49
216,7.200000,2002,0,person,0.666292,614.01,149.47,640.00,259.79
216,7.200000,2006,0,person,0.445845,116.86,178.04,175.62,232.66
216,7.200000,2042,0,person,0.653071,155.12,239.59,217.36,350.59
216,7.200000,2120,2,helmet,0.468825,191.52,61.11,208.27,82.17
216,7.200000,1998,0,person,0.407381,329.07,0.43,353.29,37.96
216,7.200000,2004,36,trash can,0.698118,210.55,143.29,232.88,176.08
216,7.200000,2111,2,helmet,0.713573,205.57,33.58,222.31,48.95
216,7.200000,2063,37,shelf,0.302332,472.33,0.58,572.74,85.39
217,7.233333,1996,0,person,0.780781,202.60,33.17,258.69,155.28
217,7.233333,2002,0,person,0.661733,613.78,149.31,640.00,259.81
217,7.233333,2006,0,person,0.393616,116.44,177.20,176.06,232.46
217,7.233333,2042,0,person,0.658464,153.00,238.28,216.60,350.41
217,7.233333,2120,2,helmet,0.605863,191.47,61.09,208.10,82.07
217,7.233333,1998,0,person,0.409203,328.99,0.43,353.17,37.89
217,7.233333,2004,36,trash can,0.669247,210.15,142.87,232.74,176.01
217,7.233333,2111,2,helmet,0.731450,205.62,33.48,222.10,48.34
217,7.233333,2063,37,shelf,0.324803,472.43,0.59,572.72,85.27
218,7.266667,1996,0,person,0.775397,202.59,32.84,258.79,155.22
218,7.266667,2002,0,person,0.671985,613.79,149.15,640.00,260.16
218,7.266667,2006,0,person,0.488518,118.45,178.83,176.89,233.04
218,7.266667,2042,0,person,0.434536,157.63,245.99,217.48,350.65
218,7.266667,2120,2,helmet,0.610156,191.46,61.09,208.05,82.07
218,7.266667,1998,0,person,0.402231,328.97,0.42,353.16,37.89
218,7.266667,2004,36,trash can,0.675555,210.00,142.77,232.67,175.99
218,7.266667,2111,2,helmet,0.723770,205.65,33.16,222.43,48.07
218,7.266667,2063,37,shelf,0.310313,472.43,0.61,572.72,85.25
219,7.300000,1996,0,person,0.797130,202.59,32.87,258.76,155.32
219,7.300000,2002,0,person,0.678690,613.93,148.94,640.00,260.58
219,7.300000,2006,0,person,0.597501,116.59,177.30,177.56,233.97
219,7.300000,2120,2,helmet,0.638887,191.44,61.14,207.99,82.16
219,7.300000,1998,0,person,0.376386,329.17,0.33,353.32,37.67
219,7.300000,2004,36,trash can,0.694176,210.23,143.05,232.75,175.97
219,7.300000,2111,2,helmet,0.685573,205.69,33.03,222.90,48.13
219,7.300000,2063,37,shelf,0.341639,472.61,0.61,572.83,85.14
220,7.333333,1996,0,person,0.794398,202.61,32.89,258.73,155.35
220,7.333333,2002,0,person,0.680753,614.01,148.91,640.00,260.73
220,7.333333,2006,0,person,0.635793,115.23,175.93,177.85,234.29
220,7.333333,2120,2,helmet,0.645731,191.45,61.16,207.96,82.21
220,7.333333,1998,0,person,0.376297,329.23,0.29,353.39,37.59
220,7.333333,2004,36,trash can,0.680125,210.32,143.18,232.79,175.97
220,7.333333,2111,2,helmet,0.683548,205.65,33.00,223.09,48.14
220,7.333333,2063,37,shelf,0.331875,472.64,0.60,572.89,85.10
221,7.366667,1996,0,person,0.798504,202.62,32.68,258.78,155.18
221,7.366667,2002,0,person,0.670747,613.83,148.60,640.00,261.16
221,7.366667,2006,0,person,0.628404,115.05,175.30,177.87,233.98
221,7.366667,2120,2,helmet,0.551895,191.31,61.03,207.85,82.22
221,7.366667,1998,0,person,0.389524,329.03,0.28,353.15,37.57
221,7.366667,2004,36,trash can,0.663253,210.32,143.14,232.87,175.99
221,7.366667,2111,2,helmet,0.709573,205.40,32.86,222.96,47.92
221,7.366667,2063,37,shelf,0.292019,472.66,0.64,572.86,85.06
221,7.366667,2140,74,bucket,0.443705,210.40,143.17,233.16,175.86
222,7.400000,1996,0,person,0.781781,202.56,32.49,258.88,155.30
222,7.400000,2002,0,person,0.672146,613.76,148.50,640.00,261.24
222,7.400000,2006,0,person,0.509968,115.26,175.10,177.58,233.33
222,7.400000,2120,2,helmet,0.657728,191.26,61.04,207.64,82.11
222,7.400000,1998,0,person,0.400496,328.94,0.28,353.03,37.55
222,7.400000,2004,36,trash can,0.678659,210.29,143.17,232.95,176.15
222,7.400000,2111,2,helmet,0.705936,205.28,32.83,222.97,47.86
222,7.400000,2063,37,shelf,0.294378,472.67,0.65,572.85,85.02
222,7.400000,2140,74,bucket,0.419815,210.40,143.30,233.20,176.05
223,7.433333,1996,0,person,0.786088,202.46,32.40,258.88,155.37
223,7.433333,2002,0,person,0.643843,613.05,148.45,639.69,261.35
223,7.433333,2006,0,person,0.595099,115.11,174.97,177.76,233.59
223,7.433333,2120,2,helmet,0.643989,191.47,60.99,207.72,81.97
223,7.433333,1998,0,person,0.423242,328.94,0.27,352.99,37.54
223,7.433333,2004,36,trash can,0.632157,210.50,143.20,233.19,176.20
223,7.433333,2111,2,helmet,0.707278,205.39,32.81,223.17,47.79
223,7.433333,2063,37,shelf,0.334215,472.81,0.66,573.00,84.96
223,7.433333,2140,74,bucket,0.435454,210.68,143.53,233.35,176.10
224,7.466667,1996,0,person,0.781232,202.59,32.55,258.94,155.29
224,7.466667,2002,0,person,0.647704,613.29,148.35,639.90,261.12
224,7.466667,2006,0,person,0.604045,115.11,175.01,178.05,234.05
224,7.466667,2120,2,helmet,0.650632,191.55,60.96,207.75,81.98
224,7.466667,1998,0,person,0.430512,328.94,0.27,352.96,37.53
224,7.466667,2004,36,trash can,0.641646,210.55,143.18,233.17,176.03
224,7.466667,2111,2,helmet,0.709652,205.34,32.94,223.18,47.85
224,7.466667,2063,37,shelf,0.327606,472.89,0.65,573.20,85.03
224,7.466667,2140,74,bucket,0.442282,210.74,143.49,233.30,175.88
225,7.500000,1996,0,person,0.772885,202.73,32.46,259.07,155.18
225,7.500000,2002,0,person,0.665980,613.67,148.41,640.00,260.69
225,7.500000,2006,0,person,0.631560,115.48,175.31,178.06,234.15
225,7.500000,2120,2,helmet,0.663989,191.56,60.94,207.73,81.98
225,7.500000,1998,0,person,0.381129,329.10,0.26,352.93,37.24
225,7.500000,2004,36,trash can,0.645172,210.62,143.23,233.20,175.99
225,7.500000,2111,2,helmet,0.709465,205.26,32.87,223.29,47.84
225,7.500000,2063,37,shelf,0.344704,473.11,0.64,573.22,84.80
225,7.500000,2140,74,bucket,0.453558,210.76,143.44,233.33,175.86
226,7.533333,1996,0,person,0.768436,202.91,32.44,259.19,155.14
226,7.533333,2002,0,person,0.667986,613.83,148.41,640.00,260.74
226,7.533333,2006,0,person,0.631913,116.28,175.95,178.11,234.19
226,7.533333,2120,2,helmet,0.665923,191.64,60.96,207.66,81.88
226,7.533333,1998,0,person,0.381742,329.17,0.25,352.91,37.13
226,7.533333,2004,36,trash can,0.642487,210.66,143.27,233.21,175.93
226,7.533333,2111,2,helmet,0.708939,205.20,32.84,223.35,47.84
226,7.533333,2063,37,shelf,0.338841,473.17,0.65,573.28,84.74
226,7.533333,2140,74,bucket,0.447901,210.78,143.43,233.33,175.81
227,7.566667,1996,0,person,0.779921,203.31,32.41,259.51,155.06
227,7.566667,2002,0,person,0.661928,613.98,148.46,640.00,260.68
227,7.566667,2006,0,person,0.633731,116.97,176.54,178.22,234.34
227,7.566667,2120,2,helmet,0.674502,191.73,60.94,207.83,82.01
227,7.566667,1998,0,person,0.295705,329.58,0.35,353.17,37.00
227,7.566667,2004,36,trash can,0.636846,210.86,143.25,233.42,175.92
227,7.566667,2111,2,helmet,0.715335,205.33,32.84,223.61,47.86
227,7.566667,2063,37,shelf,0.329515,473.28,0.67,573.51,84.82
227,7.566667,2140,74,bucket,0.357765,211.17,144.00,233.33,175.78
228,7.600000,1996,0,person,0.780719,203.48,32.47,259.57,154.98
228,7.600000,2002,0,person,0.647428,614.04,148.43,640.00,260.20
228,7.600000,2006,0,person,0.655804,117.47,176.94,178.20,234.32
228,7.600000,2120,2,helmet,0.678100,191.88,60.93,207.74,81.70
228,7.600000,1998,0,person,0.290954,329.75,0.39,353.30,36.97
228,7.600000,2004,36,trash can,0.619789,210.81,143.04,233.53,175.95
228,7.600000,2111,2,helmet,0.709268,205.35,32.85,223.74,47.87
228,7.600000,2063,37,shelf,0.325839,473.36,0.71,573.54,84.77
229,7.633333,1996,0,person,0.786991,203.67,32.28,259.70,154.81
229,7.633333,2002,0,person,0.625057,613.52,148.39,639.77,260.10
229,7.633333,2006,0,person,0.718409,116.36,175.83,178.02,234.14
229,7.633333,2120,2,helmet,0.631664,192.05,60.81,207.58,81.10
229,7.633333,1998,0,person,0.329966,329.75,0.38,353.22,36.84
229,7.633333,2004,36,trash can,0.646579,210.78,142.83,233.54,175.82
229,7.633333,2111,2,helmet,0.705430,205.42,32.72,223.74,47.61
229,7.633333,2063,37,shelf,0.324662,473.50,0.72,573.63,84.66
230,7.666667,1996,0,person,0.780879,203.49,31.91,259.58,154.80
230,7.666667,2002,0,person,0.633154,611.61,148.23,638.40,260.11
230,7.666667,2006,0,person,0.680048,116.65,176.34,177.81,234.17
230,7.666667,2120,2,helmet,0.683057,191.84,60.74,207.42,81.07
230,7.666667,1998,0,person,0.340325,329.75,0.37,353.18,36.79
230,7.666667,2004,36,trash can,0.674766,210.69,142.98,233.32,175.76
230,7.666667,2111,2,helmet,0.696284,205.23,32.37,223.86,47.53
230,7.666667,2063,37,shelf,0.324193,473.53,0.73,573.68,84.61
231,7.700000,1996,0,person,0.783995,203.68,31.79,259.71,154.74
231,7.700000,2002,0,person,0.626386,610.90,148.19,638.12,260.07
231,7.700000,2006,0,person,0.686888,116.42,176.15,177.81,234.18
231,7.700000,2120,2,helmet,0.676006,191.77,60.72,207.41,81.11
231,7.700000,1998,0,person,0.344960,329.74,0.36,353.17,36.78
231,7.700000,2004,36,trash can,0.646996,210.81,142.95,233.44,175.74
231,7.700000,2111,2,helmet,0.697650,205.16,32.24,223.90,47.49
231,7.700000,2063,37,shelf,0.327478,473.51,0.73,573.71,84.59
232,7.733333,1996,0,person,0.779721,204.02,31.96,259.88,154.71
232,7.733333,2002,0,person,0.598003,611.08,148.39,638.46,259.81
232,7.733333,2006,0,person,0.655122,117.84,177.33,177.97,234.17
232,7.733333,2120,2,helmet,0.638377,191.96,60.68,207.55,80.99
232,7.733333,1998,0,person,0.313320,329.90,0.35,353.29,36.73
232,7.733333,2004,36,trash can,0.661407,211.03,142.99,233.63,175.75
232,7.733333,2111,2,helmet,0.699690,205.46,32.37,224.00,47.45
232,7.733333,2063,37,shelf,0.334967,473.57,0.71,573.88,84.60
233,7.766667,1996,0,person,0.787101,204.59,32.27,260.33,154.80
233,7.766667,2002,0,person,0.604744,610.14,148.72,637.88,259.51
233,7.766667,2006,0,person,0.663925,117.68,177.33,177.88,234.14
233,7.766667,2120,2,helmet,0.692934,192.15,60.66,208.05,81.37
233,7.766667,1998,0,person,0.278826,330.22,0.27,353.59,36.46
233,7.766667,2004,36,trash can,0.634817,211.46,143.05,234.02,175.74
233,7.766667,2111,2,helmet,0.708389,206.12,32.59,224.36,47.39
233,7.766667,2063,37,shelf,0.296593,473.81,0.67,574.26,84.62
234,7.800000,1996,0,person,0.773806,205.10,32.37,260.67,154.65
234,7.800000,2002,0,person,0.532121,612.95,148.81,640.00,259.12
234,7.800000,2006,0,person,0.530666,118.07,176.87,177.45,232.62
234,7.800000,2120,2,helmet,0.649694,192.27,60.66,208.17,81.35
234,7.800000,2004,36,trash can,0.600941,211.76,143.15,234.16,175.62
234,7.800000,2111,2,helmet,0.706735,206.39,32.67,224.75,47.59
234,7.800000,2063,37,shelf,0.276085,474.09,0.71,574.16,84.21
235,7.833333,1996,0,person,0.782404,205.32,32.28,260.78,154.39
235,7.833333,2002,0,person,0.505714,613.73,148.70,640.00,259.49
235,7.833333,2006,0,person,0.404437,118.19,176.36,176.84,231.04
235,7.833333,2120,2,helmet,0.656891,192.29,60.48,208.22,81.20
235,7.833333,2004,36,trash can,0.615561,211.89,143.27,234.19,175.58
235,7.833333,2111,2,helmet,0.704472,206.33,32.62,224.69,47.54
235,7.833333,2147,74,bucket,0.549934,212.05,143.28,234.13,175.62
236,7.866667,1996,0,person,0.797905,205.47,32.09,260.89,154.23
236,7.866667,2002,0,person,0.541128,614.31,148.80,640.00,259.13
236,7.866667,2006,0,person,0.412152,117.95,175.98,176.75,230.46
236,7.866667,2120,2,helmet,0.650293,192.17,60.01,208.37,81.13
236,7.866667,2004,74,bucket,0.522965,211.82,143.02,234.18,175.43
236,7.866667,2111,2,helmet,0.730598,206.86,32.47,225.21,47.33
236,7.866667,2147,36,trash can,0.551566,211.90,143.08,233.92,175.33
237,7.900000,1996,0,person,0.790803,205.74,31.81,261.12,154.13
237,7.900000,2002,0,person,0.571725,614.63,148.82,640.00,258.96
237,7.900000,2006,0,person,0.305913,117.86,176.04,176.81,230.36
237,7.900000,2120,2,helmet,0.607899,192.46,59.97,207.95,80.09
237,7.900000,2004,74,bucket,0.522837,211.76,142.87,234.18,175.37
237,7.900000,2111,2,helmet,0.726278,207.05,32.22,225.40,47.16
237,7.900000,2147,36,trash can,0.563722,211.82,142.94,233.87,175.22
238,7.933333,1996,0,person,0.796549,205.99,31.88,261.28,154.11
238,7.933333,2002,0,person,0.568234,615.01,148.85,640.00,259.07
238,7.933333,2006,0,person,0.368755,117.10,176.08,177.62,231.75
238,7.933333,2120,2,helmet,0.593685,192.69,60.10,208.00,79.95
238,7.933333,2004,74,bucket,0.546423,211.89,142.64,234.42,175.36
238,7.933333,2111,2,helmet,0.718303,207.51,32.33,225.99,47.39
238,7.933333,2147,36,trash can,0.572163,211.92,142.76,234.12,175.24
238,7.933333,2063,37,shelf,0.251820,474.66,0.73,574.28,83.66
239,7.966667,1996,0,person,0.804635,206.29,31.75,261.52,154.08
239,7.966667,2002,0,person,0.575228,614.54,149.05,640.00,258.89
239,7.966667,2006,0,person,0.630870,116.36,175.81,177.91,232.35
239,7.966667,2120,2,helmet,0.589038,192.92,60.00,208.18,79.71
239,7.966667,2004,74,bucket,0.474348,212.01,142.49,234.48,175.16
239,7.966667,2111,2,helmet,0.744184,208.04,32.22,226.63,47.40
239,7.966667,2147,36,trash can,0.578112,212.03,142.71,234.12,175.02
239,7.966667,2063,37,shelf,0.270504,474.88,0.61,574.70,83.57
239,7.966667,2121,2,helmet,0.261714,115.29,176.17,134.58,193.77
240,8.000000,1996,0,person,0.837805,206.44,31.75,261.50,153.80
240,8.000000,2002,0,person,0.592619,614.36,149.45,640.00,259.35
240,8.000000,2006,0,person,0.661015,115.97,175.79,178.35,233.10
240,8.000000,2111,2,helmet,0.756763,208.36,32.10,227.18,47.47
241,8.033333,1996,0,person,0.830392,206.38,31.85,261.51,153.94
241,8.033333,2002,0,person,0.599022,614.01,149.61,640.00,259.44
241,8.033333,2006,0,person,0.682596,115.81,176.00,178.47,233.53
241,8.033333,2111,2,helmet,0.752268,208.49,32.15,227.34,47.55
241,8.033333,2004,36,trash can,0.645891,211.82,142.22,234.44,175.14
242,8.066667,1996,0,person,0.830295,206.61,31.95,261.53,153.78
242,8.066667,2002,0,person,0.595394,613.85,149.61,639.95,259.49
242,8.066667,2006,0,person,0.673373,115.70,176.07,178.50,233.72
242,8.066667,2111,2,helmet,0.760333,208.93,32.14,227.86,47.60
242,8.066667,2004,36,trash can,0.646376,211.80,142.24,234.39,175.14
242,8.066667,2120,2,helmet,0.310613,193.50,61.80,207.27,79.42
243,8.100000,1996,0,person,0.840325,207.65,31.94,262.61,154.02
243,8.100000,2002,0,person,0.581384,613.79,149.80,639.89,259.57
243,8.100000,2006,0,person,0.718131,116.07,176.26,178.91,233.93
243,8.100000,2111,2,helmet,0.764812,210.23,32.18,228.89,47.39
243,8.100000,2004,36,trash can,0.639554,211.90,142.07,234.59,175.15
243,8.100000,2121,2,helmet,0.360537,115.75,176.66,134.25,194.09
244,8.133333,1996,0,person,0.840170,208.22,31.92,263.19,154.07
244,8.133333,2002,0,person,0.610291,613.76,149.15,640.00,259.69
244,8.133333,2006,0,person,0.713062,116.40,176.35,179.26,234.05
244,8.133333,2111,2,helmet,0.769713,210.89,32.15,229.71,47.49
244,8.133333,2004,36,trash can,0.621214,212.14,141.98,234.86,175.18
244,8.133333,2121,2,helmet,0.322580,116.13,176.67,134.20,194.09
245,8.166667,1996,0,person,0.840480,209.23,31.67,264.07,153.65
245,8.166667,2002,0,person,0.593860,613.93,148.81,640.00,260.07
245,8.166667,2006,0,person,0.654309,116.82,177.24,178.74,233.91
245,8.166667,2111,2,helmet,0.768567,211.86,31.91,230.63,47.16
245,8.166667,2004,36,trash can,0.622980,212.18,141.66,234.96,175.00
246,8.200000,1996,0,person,0.830112,209.27,31.64,264.15,153.46
246,8.200000,2002,0,person,0.604721,613.94,149.12,640.00,259.84
246,8.200000,2006,0,person,0.668223,116.25,177.33,178.54,234.24
246,8.200000,2111,2,helmet,0.759496,212.74,31.92,231.39,47.03
246,8.200000,2004,36,trash can,0.648218,211.84,141.83,234.59,175.14
246,8.200000,2121,2,helmet,0.257991,115.96,177.28,133.30,194.11
247,8.233333,1996,0,person,0.824996,208.80,31.77,263.89,153.42
247,8.233333,2002,0,person,0.578239,613.74,149.65,639.86,259.77
247,8.233333,2006,0,person,0.668285,116.08,177.53,178.28,234.28
247,8.233333,2111,2,helmet,0.761202,213.05,32.06,231.73,47.16
247,8.233333,2004,36,trash can,0.664667,211.67,141.91,234.39,175.18
248,8.266667,1996,0,person,0.804432,208.54,31.71,264.30,153.28
248,8.266667,2002,0,person,0.560605,613.57,150.26,639.65,259.80
248,8.266667,2006,0,person,0.585506,116.17,178.01,178.08,234.39
248,8.266667,2111,2,helmet,0.721754,213.85,32.02,232.62,47.18
248,8.266667,2004,36,trash can,0.662020,211.40,141.93,234.10,175.19
249,8.300000,1996,0,person,0.780081,208.62,31.96,265.01,153.50
249,8.300000,2002,0,person,0.631227,614.00,151.40,639.84,259.93
249,8.300000,2006,0,person,0.528250,116.31,178.45,178.07,234.63
249,8.300000,2111,2,helmet,0.693440,215.56,32.28,234.44,47.33
249,8.300000,2004,36,trash can,0.638732,211.33,142.21,233.97,175.41
250,8.333333,1996,0,person,0.782673,208.02,32.04,265.14,153.62
250,8.333333,2002,0,person,0.625009,614.06,151.72,639.85,259.92
250,8.333333,2006,0,person,0.418397,118.23,179.72,178.53,234.67
250,8.333333,2111,2,helmet,0.695252,216.01,32.39,234.86,47.32
250,8.333333,2004,36,trash can,0.627485,211.30,142.32,233.92,175.49
250,8.333333,2154,74,bucket,0.505533,210.99,142.14,233.86,175.70
251,8.366667,1996,0,person,0.808367,210.68,32.39,267.66,153.68
251,8.366667,2002,0,person,0.559293,613.99,150.95,639.99,260.06
251,8.366667,2006,0,person,0.450211,119.89,180.72,179.11,234.77
251,8.366667,2111,2,helmet,0.645319,217.56,32.76,236.43,47.60
251,8.366667,2004,36,trash can,0.619222,211.66,142.31,234.28,175.49
251,8.366667,2154,74,bucket,0.545943,211.59,142.30,234.30,175.63
252,8.400000,1996,0,person,0.810134,212.61,33.13,269.47,154.14
252,8.400000,2002,0,person,0.544915,614.43,150.97,640.00,260.35
252,8.400000,2006,0,person,0.504998,119.54,181.01,179.30,235.40
252,8.400000,2111,2,helmet,0.685128,220.17,33.47,238.83,47.98
252,8.400000,2004,74,bucket,0.560463,212.52,142.67,235.10,175.84
252,8.400000,2154,36,trash can,0.615433,212.71,142.89,235.18,175.86
253,8.433333,1996,0,person,0.830905,214.04,33.93,270.69,154.56
253,8.433333,2002,0,person,0.561426,614.40,150.24,640.00,261.29
253,8.433333,2006,0,person,0.647225,119.69,180.89,180.78,236.58
253,8.433333,2111,2,helmet,0.691511,221.96,34.16,240.38,48.35
254,8.466667,1996,0,person,0.827801,215.46,35.11,271.68,154.80
254,8.466667,2002,0,person,0.549362,614.47,150.14,640.00,261.66
254,8.466667,2006,0,person,0.568356,120.46,181.83,181.32,237.23
254,8.466667,2111,2,helmet,0.651960,224.12,35.38,242.23,49.26
254,8.466667,2004,36,trash can,0.632694,213.94,143.02,236.69,176.46
255,8.500000,1996,0,person,0.823855,216.72,36.05,272.63,154.94
255,8.500000,2002,0,person,0.537705,614.68,150.00,640.00,262.67
255,8.500000,2006,0,person,0.457533,120.80,182.28,181.80,237.74
255,8.500000,2111,2,helmet,0.673123,225.84,36.41,243.78,50.09
255,8.500000,2004,36,trash can,0.643996,214.44,143.09,237.23,176.58
256,8.533333,1996,0,person,0.820868,217.10,36.39,272.93,154.98
256,8.533333,2002,0,person,0.537748,614.86,150.06,640.00,263.14
256,8.533333,2006,0,person,0.595452,119.94,181.09,182.24,237.80
256,8.533333,2111,2,helmet,0.688843,226.49,36.73,244.56,50.45
256,8.533333,2004,36,trash can,0.639837,214.61,143.11,237.42,176.62
257,8.566667,1996,0,person,0.805138,217.72,36.55,273.16,154.80
257,8.566667,2002,0,person,0.559336,614.69,150.13,640.00,262.33
257,8.566667,2006,0,person,0.557591,120.17,181.57,181.86,237.69
257,8.566667,2111,2,helmet,0.452453,227.56,36.82,245.88,50.71
257,8.566667,2004,36,trash can,0.674608,214.43,143.02,237.35,176.67
258,8.600000,1996,0,person,0.809705,218.93,36.81,273.79,154.59
258,8.600000,2002,0,person,0.540378,614.59,149.81,640.00,262.13
258,8.600000,2006,0,person,0.489258,120.04,181.54,181.74,237.67
258,8.600000,2111,2,helmet,0.666782,228.67,37.10,247.69,51.54
258,8.600000,2004,36,trash can,0.621416,214.60,143.19,237.28,176.47
259,8.633333,1996,0,person,0.819325,220.30,37.31,274.61,154.75
259,8.633333,2002,0,person,0.510210,614.70,149.72,640.00,262.34
259,8.633333,2006,0,person,0.572403,119.47,180.62,182.41,237.96
259,8.633333,2111,2,helmet,0.699775,229.58,37.52,248.62,51.99
259,8.633333,2004,36,trash can,0.657039,214.65,143.20,237.39,176.57
260,8.666667,1996,0,person,0.833956,221.13,37.65,274.98,154.79
260,8.666667,2002,0,person,0.527249,614.07,149.27,639.98,262.27
260,8.666667,2006,0,person,0.500787,122.06,182.12,183.59,238.45
260,8.666667,2111,2,helmet,0.727536,230.40,37.76,250.39,53.05
260,8.666667,2004,36,trash can,0.669809,215.05,143.14,237.86,176.61
261,8.700000,1996,0,person,0.821045,221.40,37.72,274.91,154.73
261,8.700000,2002,0,person,0.481029,613.87,149.17,639.86,262.35
261,8.700000,2006,0,person,0.400641,122.21,182.23,183.63,238.71
261,8.700000,2111,2,helmet,0.669279,231.24,37.80,251.44,53.41
261,8.700000,2004,36,trash can,0.652719,215.18,143.09,238.04,176.65
262,8.733333,1996,0,person,0.830736,221.56,37.64,274.77,154.60
262,8.733333,2002,0,person,0.475142,615.04,148.34,640.00,261.75
262,8.733333,2006,0,person,0.622379,121.43,182.02,182.63,238.37
262,8.733333,2111,2,helmet,0.710737,231.49,37.78,251.54,53.40
262,8.733333,2004,36,trash can,0.659912,214.57,142.62,237.57,176.45
263,8.766667,1996,0,person,0.836896,221.91,37.47,274.82,154.51
263,8.766667,2002,0,person,0.499137,615.02,148.77,640.00,262.24
263,8.766667,2006,0,person,0.524846,121.86,182.49,182.15,238.00
263,8.766667,2111,2,helmet,0.419374,231.90,37.62,252.38,53.78
263,8.766667,2004,36,trash can,0.652957,214.52,142.89,237.35,176.47
264,8.800000,1996,0,person,0.824376,222.51,38.00,274.99,154.74
264,8.800000,2002,0,person,0.513127,615.00,149.26,640.00,262.89
264,8.800000,2006,0,person,0.532713,121.29,182.39,182.12,238.36
264,8.800000,2111,2,helmet,0.332938,233.90,38.78,253.14,53.86
264,8.800000,2004,36,trash can,0.604853,214.75,143.36,237.43,176.71
265,8.833333,1996,0,person,0.828177,222.70,38.07,274.73,154.52
265,8.833333,2002,0,person,0.539727,615.45,149.93,640.00,263.11
265,8.833333,2006,0,person,0.591048,120.38,181.49,182.14,238.33
265,8.833333,2111,2,helmet,0.337499,234.56,39.12,253.45,53.86
265,8.833333,2004,36,trash can,0.581196,214.69,143.35,237.43,176.78
265,8.833333,2163,0,person,0.306163,344.40,0.16,376.11,40.95
266,8.866667,1996,0,person,0.833745,222.73,38.53,274.40,154.76
266,8.866667,2002,0,person,0.544174,615.25,150.21,640.00,263.02
266,8.866667,2006,0,person,0.582308,119.92,181.56,181.67,238.33
266,8.866667,2111,2,helmet,0.466960,235.37,39.49,253.69,53.67
266,8.866667,2004,36,trash can,0.590597,214.44,143.17,237.35,176.88
266,8.866667,2163,0,person,0.301353,344.68,0.27,375.89,40.40
267,8.900000,1996,0,person,0.820273,222.83,38.82,274.10,154.70
267,8.900000,2002,0,person,0.540478,615.20,150.21,640.00,263.02
267,8.900000,2006,0,person,0.557753,119.12,180.89,181.53,238.30
267,8.900000,2111,2,helmet,0.497091,235.86,39.74,253.87,53.55
267,8.900000,2004,36,trash can,0.614269,214.30,143.10,237.22,176.83
267,8.900000,2163,0,person,0.352868,344.24,0.24,375.85,40.85
268,8.933333,1996,0,person,0.815678,222.85,38.97,273.85,154.73
268,8.933333,2002,0,person,0.556207,615.17,150.74,640.00,263.18
268,8.933333,2006,0,person,0.579797,118.89,180.93,181.28,238.33
268,8.933333,2111,2,helmet,0.493957,235.95,39.81,253.95,53.50
268,8.933333,2004,36,trash can,0.614078,214.02,143.08,236.85,176.69
268,8.933333,2163,0,person,0.356636,343.95,0.22,375.64,40.89
269,8.966667,1996,0,person,0.814563,223.02,38.87,273.79,154.69
269,8.966667,2002,0,person,0.559511,615.20,151.04,640.00,263.18
269,8.966667,2006,0,person,0.432492,118.83,181.04,181.24,238.49
269,8.966667,2111,2,helmet,0.421331,236.34,39.71,254.31,53.29
269,8.966667,2004,36,trash can,0.600148,214.00,143.13,236.69,176.52
269,8.966667,2163,0,person,0.332564,344.17,0.17,375.57,40.44
270,9.000000,1996,0,person,0.821809,223.08,39.11,273.57,154.53
270,9.000000,2002,0,person,0.557965,615.23,151.26,640.00,262.94
270,9.000000,2006,0,person,0.353410,119.75,182.27,180.16,237.64
270,9.000000,2111,2,helmet,0.611175,237.40,39.83,255.03,53.04
270,9.000000,2004,36,trash can,0.618610,214.01,143.23,236.61,176.46
270,9.000000,2163,0,person,0.399526,344.25,0.18,375.71,40.47
270,9.000000,2165,46,box,0.349138,136.29,219.99,235.83,323.03
271,9.033333,1996,0,person,0.822170,222.94,39.09,273.34,154.59
271,9.033333,2002,0,person,0.545441,615.31,151.41,640.00,262.65
271,9.033333,2006,0,person,0.494272,118.55,180.25,180.09,236.60
271,9.033333,2111,2,helmet,0.623319,237.25,39.79,255.15,53.16
271,9.033333,2004,36,trash can,0.636151,213.87,143.31,236.40,176.42
271,9.033333,2163,0,person,0.416734,344.11,0.19,375.48,40.31
271,9.033333,2165,46,box,0.324713,136.11,219.95,235.61,322.94
272,9.066667,1996,0,person,0.796145,223.11,38.81,273.32,154.17
272,9.066667,2002,0,person,0.578792,614.94,151.34,639.80,262.99
272,9.066667,2006,0,person,0.573461,118.16,179.30,179.90,235.72
272,9.066667,2111,2,helmet,0.633526,237.57,39.32,255.48,52.69
272,9.066667,2004,36,trash can,0.619894,213.67,143.16,236.01,176.00
272,9.066667,2165,46,box,0.357182,135.86,219.73,235.67,323.04
273,9.100000,1996,0,person,0.794676,223.03,38.57,273.28,154.12
273,9.100000,2002,0,person,0.584000,614.81,151.84,639.67,263.08
273,9.100000,2006,0,person,0.503650,117.92,179.30,179.88,235.83
273,9.100000,2111,2,helmet,0.625547,238.08,39.19,255.97,52.53
273,9.100000,2004,36,trash can,0.622912,213.60,143.29,235.88,176.04
273,9.100000,2165,46,box,0.340468,135.78,219.92,235.54,323.17
274,9.133333,1996,0,person,0.794685,222.96,38.76,273.20,154.36
274,9.133333,2002,0,person,0.572762,614.77,152.34,639.59,262.99
274,9.133333,2006,0,person,0.345788,118.24,180.03,179.32,235.58
274,9.133333,2111,2,helmet,0.639501,238.11,39.28,255.95,52.55
274,9.133333,2004,36,trash can,0.617518,213.39,143.44,235.71,176.25
274,9.133333,2165,46,box,0.406560,135.46,219.99,235.15,323.16
275,9.166667,1996,0,person,0.693888,226.55,38.50,275.85,154.13
275,9.166667,2002,0,person,0.568020,614.73,152.41,639.56,262.63
275,9.166667,2006,0,person,0.465192,118.14,180.11,178.97,235.24
275,9.166667,2111,2,helmet,0.574062,238.18,39.16,255.93,52.40
275,9.166667,2004,36,trash can,0.621461,212.94,143.37,235.28,176.18
275,9.166667,2165,46,box,0.387090,135.28,219.86,234.78,322.83
276,9.200000,1996,0,person,0.656619,226.81,38.20,275.72,154.17
276,9.200000,2002,0,person,0.567544,614.95,152.62,639.73,262.52
276,9.200000,2006,0,person,0.526499,117.94,179.80,178.99,234.96
276,9.200000,2111,2,helmet,0.625733,237.94,38.95,255.93,52.38
276,9.200000,2004,36,trash can,0.605573,212.84,143.17,235.41,176.36
276,9.200000,2165,46,box,0.337836,135.14,219.95,234.73,323.00
277,9.233333,1996,0,person,0.685997,228.29,38.22,276.47,154.32
277,9.233333,2002,0,person,0.571203,614.78,152.90,639.64,262.74
277,9.233333,2006,0,person,0.570322,117.79,179.74,179.09,234.98
277,9.233333,2111,2,helmet,0.658339,238.19,38.92,256.14,52.31
277,9.233333,2004,36,trash can,0.597770,212.83,143.45,235.36,176.57
277,9.233333,2165,46,box,0.284787,135.16,220.12,234.66,323.09
278,9.266667,1996,0,person,0.638593,229.08,38.08,276.56,154.22
278,9.266667,2002,0,person,0.571303,614.72,153.02,639.63,262.77
278,9.266667,2006,0,person,0.567293,118.13,180.08,179.13,234.90
278,9.266667,2111,2,helmet,0.615330,238.33,38.76,256.22,52.07
278,9.266667,2004,36,trash can,0.607868,212.82,143.22,235.44,176.50
279,9.300000,1996,0,person,0.778207,229.90,37.93,276.70,154.28
279,9.300000,2002,0,person,0.579454,614.48,152.08,639.66,262.75
279,9.300000,2006,0,person,0.454776,118.48,180.94,179.00,235.13
279,9.300000,2111,2,helmet,0.653677,238.47,38.42,256.41,51.72
279,9.300000,2004,36,trash can,0.625040,212.85,143.28,235.41,176.45
279,9.300000,2169,0,person,0.326729,331.74,0.30,355.06,37.58
279,9.300000,2165,46,box,0.300764,135.33,220.28,234.76,323.18
280,9.333333,1996,0,person,0.783311,230.55,37.91,276.62,154.30
280,9.333333,2002,0,person,0.605057,614.20,151.66,639.46,262.04
280,9.333333,2006,0,person,0.364658,121.47,179.43,176.28,227.33
280,9.333333,2111,2,helmet,0.617841,238.54,38.31,256.56,51.65
280,9.333333,2004,36,trash can,0.648525,212.85,143.29,235.40,176.44
280,9.333333,2169,0,person,0.354399,331.56,0.31,354.98,37.75
281,9.366667,1996,0,person,0.774806,230.83,37.90,276.27,154.32
281,9.366667,2002,0,person,0.586703,614.49,151.62,639.74,261.89
281,9.366667,2006,0,person,0.368783,122.16,178.57,175.56,224.31
281,9.366667,2111,2,helmet,0.606356,238.58,38.27,256.61,51.57
281,9.366667,2004,36,trash can,0.652775,212.85,143.30,235.40,176.44
281,9.366667,2169,0,person,0.388956,331.38,0.30,354.96,38.01
282,9.400000,1996,0,person,0.793102,230.81,37.90,275.72,154.30
282,9.400000,2002,0,person,0.592123,614.55,151.91,639.74,261.67
282,9.400000,2006,0,person,0.412126,121.76,178.65,175.56,223.96
282,9.400000,2111,2,helmet,0.610171,238.62,38.25,256.59,51.46
282,9.400000,2004,36,trash can,0.646100,212.70,143.28,235.26,176.42
282,9.400000,2169,0,person,0.413252,331.22,0.28,354.90,38.14
283,9.433333,1996,0,person,0.797624,230.96,37.90,275.40,154.30
283,9.433333,2002,0,person,0.592680,614.56,152.01,639.76,261.59
283,9.433333,2006,0,person,0.346983,116.77,178.75,180.37,232.80
283,9.433333,2111,2,helmet,0.614804,238.61,38.24,256.59,51.43
283,9.433333,2004,36,trash can,0.649208,212.65,143.27,235.21,176.41
283,9.433333,2169,0,person,0.414434,331.18,0.28,354.87,38.18
284,9.466667,1996,0,person,0.784952,231.09,37.92,275.09,154.30
284,9.466667,2002,0,person,0.590318,614.67,151.95,639.88,261.61
284,9.466667,2006,0,person,0.347336,115.28,178.79,181.81,235.79
284,9.466667,2111,2,helmet,0.614241,238.60,38.25,256.67,51.46
284,9.466667,2004,36,trash can,0.642717,212.64,143.27,235.20,176.40
284,9.466667,2169,0,person,0.407634,331.00,0.26,354.71,38.20
285,9.500000,1996,0,person,0.793636,230.96,37.87,274.71,154.44
285,9.500000,2002,0,person,0.584941,614.52,152.07,639.85,262.07
285,9.500000,2006,0,person,0.387493,115.54,179.34,182.32,237.00
285,9.500000,2111,2,helmet,0.656948,239.09,38.21,257.33,51.39
285,9.500000,2004,36,trash can,0.643675,212.59,143.34,235.22,176.59
285,9.500000,2169,0,person,0.391855,330.90,0.26,354.74,38.43
286,9.533333,1996,0,person,0.789685,230.98,38.00,274.51,154.78
286,9.533333,2002,0,person,0.590808,614.14,151.93,639.65,262.29
286,9.533333,2006,0,person,0.425300,116.37,179.63,182.06,236.57
286,9.533333,2111,2,helmet,0.613765,239.46,38.36,258.01,51.77
286,9.533333,2004,36,trash can,0.649857,212.76,143.50,235.39,176.73
286,9.533333,2169,0,person,0.341271,331.01,0.29,354.94,38.64
286,9.533333,2179,36,trash can,0.318322,584.51,238.43,612.11,275.27
286,9.533333,2165,46,box,0.294684,135.37,220.25,235.07,323.49
287,9.566667,1996,0,person,0.798987,231.04,37.84,274.35,154.85
287,9.566667,2002,0,person,0.580978,613.71,150.47,639.59,262.03
287,9.566667,2006,0,person,0.476947,117.08,180.78,181.16,236.50
287,9.566667,2111,2,helmet,0.637190,239.34,38.18,258.42,51.93
287,9.566667,2004,36,trash can,0.615925,212.74,143.40,235.39,176.68
287,9.566667,2169,0,person,0.459006,330.99,0.30,354.97,38.76
288,9.600000,1996,0,person,0.755635,229.57,37.29,273.06,154.55
288,9.600000,2002,0,person,0.610426,613.48,149.99,639.56,262.01
288,9.600000,2006,0,person,0.394400,115.11,178.96,181.66,237.22
288,9.600000,2111,2,helmet,0.658902,239.00,37.69,259.32,52.33
288,9.600000,2004,36,trash can,0.629140,212.57,143.29,235.12,176.40
288,9.600000,2169,0,person,0.465242,330.96,0.28,354.76,38.47
288,9.600000,2179,36,trash can,0.250466,583.94,238.34,611.38,274.94
288,9.600000,2165,46,box,0.336812,135.01,220.03,234.50,323.16
289,9.633333,1996,0,person,0.758000,229.49,37.25,272.95,154.52
289,9.633333,2002,0,person,0.604783,613.32,149.90,639.55,262.11
289,9.633333,2006,0,person,0.351539,114.58,178.64,181.85,237.93
289,9.633333,2111,2,helmet,0.664510,238.81,37.65,259.76,52.77
289,9.633333,2004,36,trash can,0.618743,212.50,143.37,235.04,176.46
289,9.633333,2169,0,person,0.477323,330.83,0.27,354.56,38.35
289,9.633333,2165,46,box,0.365824,134.94,220.13,234.34,323.29
290,9.666667,1996,0,person,0.757530,229.63,37.42,273.00,154.63
290,9.666667,2002,0,person,0.595126,613.24,149.98,639.56,262.19
290,9.666667,2006,0,person,0.416484,114.92,178.74,181.32,237.50
290,9.666667,2111,2,helmet,0.642613,238.85,37.84,259.81,52.96
290,9.666667,2004,36,trash can,0.604978,212.46,143.54,235.02,176.65
290,9.666667,2169,0,person,0.510793,330.80,0.26,354.60,38.51
290,9.666667,2165,46,box,0.372029,135.00,220.34,234.15,323.31
290,9.666667,2179,36,trash can,0.278924,583.75,238.51,611.23,275.16
291,9.700000,1996,0,person,0.786494,230.12,37.65,273.22,154.79
291,9.700000,2002,0,person,0.591214,613.04,150.02,639.52,262.47
291,9.700000,2006,0,person,0.405755,115.77,179.11,181.14,237.15
291,9.700000,2111,2,helmet,0.609891,239.36,38.10,259.53,52.56
291,9.700000,2004,36,trash can,0.618162,212.58,143.56,235.16,176.71
291,9.700000,2169,0,person,0.448314,330.80,0.25,354.54,38.47
291,9.700000,2165,46,box,0.252083,135.25,220.37,234.43,323.52
292,9.733333,1996,0,person,0.777969,230.57,37.91,273.41,155.06
292,9.733333,2002,0,person,0.598885,612.92,150.00,639.62,263.13
292,9.733333,2006,0,person,0.329451,120.27,179.73,176.99,228.93
292,9.733333,2111,2,helmet,0.657161,239.56,38.40,259.55,52.70
292,9.733333,2004,36,trash can,0.605982,212.53,143.53,235.35,177.08
292,9.733333,2169,0,person,0.424888,330.74,0.23,354.55,38.69
292,9.733333,2165,46,box,0.304309,135.25,220.57,234.19,323.53
292,9.733333,2179,36,trash can,0.422056,583.47,238.75,611.05,275.53
293,9.766667,1996,0,person,0.780511,229.73,38.02,272.48,155.15
293,9.766667,2002,0,person,0.598260,612.78,150.41,639.64,263.89
293,9.766667,2006,0,person,0.418654,117.47,179.47,179.39,233.35
293,9.766667,2111,2,helmet,0.639740,239.30,38.46,259.28,52.72
293,9.766667,2004,36,trash can,0.586788,212.11,143.43,234.92,177.00
293,9.766667,2169,0,person,0.414244,330.79,0.23,354.44,38.51
293,9.766667,2165,46,box,0.279029,134.88,220.44,233.92,323.56
294,9.800000,1996,0,person,0.794656,229.22,37.72,271.91,155.09
294,9.800000,2002,0,person,0.600868,612.57,150.40,639.49,263.59
294,9.800000,2006,0,person,0.497205,116.44,178.97,179.78,234.24
294,9.800000,2111,2,helmet,0.683004,238.99,38.10,259.09,52.44
294,9.800000,2004,36,trash can,0.593694,211.97,143.29,234.76,176.88
294,9.800000,2169,0,person,0.434302,330.83,0.23,354.30,38.26
294,9.800000,2165,46,box,0.253282,134.63,220.37,233.82,323.71
294,9.800000,2179,36,trash can,0.453505,583.18,238.64,610.66,275.28
295,9.833333,1996,0,person,0.790560,229.33,37.96,271.86,155.26
295,9.833333,2002,0,person,0.591040,613.01,150.47,639.87,263.52
295,9.833333,2006,0,person,0.538502,116.62,179.50,179.94,234.85
295,9.833333,2111,2,helmet,0.635001,239.22,38.36,259.03,52.44
295,9.833333,2004,36,trash can,0.582584,211.99,143.32,234.75,176.94
295,9.833333,2169,0,person,0.403717,330.84,0.24,354.27,38.31
296,9.866667,1996,0,person,0.787684,229.74,38.02,272.04,155.30
296,9.866667,2002,0,person,0.583036,613.24,150.49,640.00,263.25
296,9.866667,2006,0,person,0.494743,116.50,179.33,180.05,235.00
296,9.866667,2111,2,helmet,0.642780,239.39,38.42,259.40,52.62
296,9.866667,2004,36,trash can,0.595331,212.18,143.37,234.87,176.95
296,9.866667,2169,0,person,0.384038,330.74,0.32,354.32,38.77
296,9.866667,2179,36,trash can,0.367121,583.11,238.74,610.71,275.55
297,9.900000,1996,0,person,0.807305,230.00,38.01,272.04,155.08
297,9.900000,2002,0,person,0.589842,613.15,150.96,639.94,263.71
297,9.900000,2006,0,person,0.381842,116.49,179.06,180.20,234.94
297,9.900000,2111,2,helmet,0.660610,239.47,38.45,259.52,52.64
297,9.900000,2004,36,trash can,0.584447,212.21,143.37,234.88,176.95
297,9.900000,2169,0,person,0.478150,330.73,0.25,354.32,38.84
297,9.900000,2179,36,trash can,0.371664,583.07,238.69,610.75,275.62
297,9.900000,2165,46,box,0.259731,135.19,220.64,234.05,323.74
298,9.933333,1996,0,person,0.806994,230.02,37.94,271.95,155.15
298,9.933333,2002,0,person,0.595822,613.09,150.53,639.95,263.53
298,9.933333,2006,0,person,0.460898,116.68,179.25,180.34,235.18
298,9.933333,2111,2,helmet,0.677172,239.41,38.27,259.62,52.58
298,9.933333,2004,36,trash can,0.581448,212.23,143.37,234.88,176.95
298,9.933333,2169,0,person,0.474375,330.71,0.22,354.25,38.83
299,9.966667,1996,0,person,0.787976,229.84,37.69,271.73,155.09
299,9.966667,2002,0,person,0.583434,612.72,151.25,639.55,263.53
299,9.966667,2006,0,person,0.351793,118.62,179.29,177.83,230.73
299,9.966667,2111,2,helmet,0.677945,239.34,38.05,259.54,52.34
299,9.966667,2004,36,trash can,0.567264,212.09,143.33,234.78,177.05
299,9.966667,2169,0,person,0.410722,330.70,0.23,354.05,38.60
300,10.000000,1996,0,person,0.801899,229.62,37.54,271.38,154.84
300,10.000000,2002,0,person,0.591911,612.56,152.07,639.39,263.71
300,10.000000,2006,0,person,0.452552,120.21,178.66,175.57,225.85
300,10.000000,2111,2,helmet,0.706478,239.14,37.97,259.63,52.45
300,10.000000,2004,36,trash can,0.562606,211.95,143.21,234.60,176.92
300,10.000000,2169,0,person,0.413178,330.49,0.22,353.73,38.51
300,10.000000,2165,46,box,0.270581,134.77,220.41,233.59,323.47
301,10.033333,1996,0,person,0.798941,229.55,37.48,271.21,154.74
301,10.033333,2002,0,person,0.582526,612.56,152.41,639.41,263.67
301,10.033333,2006,0,person,0.468954,120.57,178.41,174.98,224.03
301,10.033333,2111,2,helmet,0.702214,239.03,37.93,259.70,52.53
301,10.033333,2004,36,trash can,0.566752,211.87,143.16,234.55,176.98
301,10.033333,2169,0,person,0.411058,330.42,0.22,353.58,38.49
301,10.033333,2165,46,box,0.255457,134.63,220.34,233.64,323.63
302,10.066667,1996,0,person,0.805177,229.59,37.54,271.16,154.89
302,10.066667,2002,0,person,0.579427,612.40,152.63,639.34,263.63
302,10.066667,2006,0,person,0.494115,120.47,178.41,175.08,223.47
302,10.066667,2111,2,helmet,0.709823,239.13,37.90,259.96,52.63
302,10.066667,2004,36,trash can,0.571226,212.00,143.21,234.64,177.01
302,10.066667,2169,0,person,0.384708,330.50,0.23,353.72,38.64
302,10.066667,2165,46,box,0.269379,134.81,220.59,233.54,323.60
303,10.100000,1996,0,person,0.824574,229.54,37.57,271.07,155.12
303,10.100000,2002,0,person,0.583542,612.01,151.15,639.46,263.84
303,10.100000,2006,0,person,0.470134,120.15,178.36,175.39,223.31
303,10.100000,2111,2,helmet,0.697253,239.45,37.88,260.27,52.56
303,10.100000,2004,36,trash can,0.602687,212.03,143.43,234.50,177.02
303,10.100000,2169,0,person,0.389247,330.48,0.23,353.80,38.82
303,10.100000,2165,46,box,0.299011,134.90,220.69,233.52,323.59
304,10.133333,1996,0,person,0.822342,229.46,37.53,270.97,155.30
304,10.133333,2002,0,person,0.591545,612.85,151.32,640.00,263.44
304,10.133333,2006,0,person,0.504707,120.31,178.61,175.73,223.14
304,10.133333,2111,2,helmet,0.694761,239.56,37.80,260.57,52.65
304,10.133333,2004,36,trash can,0.602938,212.08,143.52,234.43,176.97
304,10.133333,2169,0,person,0.356821,330.70,0.23,353.83,38.55
305,10.166667,1996,0,person,0.815803,229.43,37.53,270.90,155.34
305,10.166667,2002,0,person,0.577474,612.61,151.00,639.99,263.74
305,10.166667,2006,0,person,0.515181,120.34,178.70,176.16,223.03
305,10.166667,2111,2,helmet,0.668704,239.71,37.84,260.65,52.63
305,10.166667,2004,36,trash can,0.607661,212.17,143.55,234.44,176.92
305,10.166667,2169,0,person,0.409900,330.56,0.23,353.88,38.87
306,10.200000,1996,0,person,0.815851,229.84,37.66,271.21,155.48
306,10.200000,2002,0,person,0.596465,612.56,150.67,639.98,263.58
306,10.200000,2006,0,person,0.250441,119.91,178.40,177.26,223.60
306,10.200000,2111,2,helmet,0.719632,240.34,38.06,260.89,52.50
306,10.200000,2004,36,trash can,0.584633,212.41,143.58,234.75,177.09
306,10.200000,2169,0,person,0.447236,330.56,0.26,354.12,39.35
306,10.200000,2189,2,helmet,0.618462,193.59,63.67,208.57,80.59
307,10.233333,1996,0,person,0.813719,230.22,37.84,271.49,155.70
307,10.233333,2002,0,person,0.597718,612.53,150.87,639.97,263.80
307,10.233333,2111,2,helmet,0.711311,241.03,38.26,261.44,52.57
307,10.233333,2004,36,trash can,0.599585,212.63,143.87,234.93,177.33
307,10.233333,2169,0,person,0.392298,330.69,0.27,354.39,39.65
307,10.233333,2189,2,helmet,0.506562,193.29,63.42,209.02,81.19
308,10.266667,1996,0,person,0.811498,230.37,37.91,271.56,155.78
308,10.266667,2002,0,person,0.597495,612.48,150.94,639.90,263.67
308,10.266667,2111,2,helmet,0.711584,241.27,38.33,261.65,52.60
308,10.266667,2004,36,trash can,0.598540,212.71,143.98,235.00,177.42
308,10.266667,2169,0,person,0.393219,330.76,0.27,354.48,39.75
308,10.266667,2189,2,helmet,0.461011,193.61,63.36,209.60,81.41
308,10.266667,2006,0,person,0.302859,119.67,178.95,177.81,224.39
309,10.300000,1996,0,person,0.801167,230.39,37.82,271.49,155.79
309,10.300000,2002,0,person,0.606335,612.21,150.95,639.80,264.14
309,10.300000,2111,2,helmet,0.712509,241.33,38.21,261.81,52.55
309,10.300000,2004,36,trash can,0.622755,212.67,144.01,235.00,177.51
309,10.300000,2169,0,person,0.344391,330.87,0.29,354.54,39.76
309,10.300000,2189,2,helmet,0.439095,193.76,63.18,209.95,81.43
309,10.300000,2179,36,trash can,0.265289,583.20,239.13,610.46,275.51
310,10.333333,1996,0,person,0.792453,230.52,37.79,271.52,155.81
310,10.333333,2002,0,person,0.604584,612.14,150.99,639.78,264.23
310,10.333333,2111,2,helmet,0.717995,241.35,38.17,261.86,52.53
310,10.333333,2004,36,trash can,0.608483,212.73,144.05,235.02,177.48
310,10.333333,2169,0,person,0.343081,330.93,0.30,354.54,39.76
310,10.333333,2179,36,trash can,0.267238,583.21,239.14,610.45,275.51
310,10.333333,2006,0,person,0.381186,115.26,178.88,182.68,232.22
311,10.366667,1996,0,person,0.801211,230.48,37.80,271.41,155.80
311,10.366667,2002,0,person,0.591948,612.45,151.08,640.00,264.05
311,10.366667,2111,2,helmet,0.704404,241.61,38.16,262.26,52.59
311,10.366667,2004,36,trash can,0.623221,212.75,144.04,235.03,177.48
311,10.366667,2169,0,person,0.344611,330.96,0.29,354.56,39.78
311,10.366667,2006,0,person,0.389650,114.73,178.81,183.34,233.66
311,10.366667,2189,2,helmet,0.635490,194.06,63.26,210.77,82.05
312,10.400000,1996,0,person,0.812946,230.65,37.92,271.47,155.82
312,10.400000,2002,0,person,0.599356,612.32,150.93,639.88,263.77
312,10.400000,2111,2,helmet,0.720576,241.93,38.25,262.40,52.53
312,10.400000,2004,36,trash can,0.614568,212.73,144.04,235.06,177.55
312,10.400000,2169,0,person,0.292237,330.85,0.21,354.42,39.71
312,10.400000,2006,0,person,0.373546,114.68,178.92,183.26,234.23
312,10.400000,2189,2,helmet,0.599632,194.20,63.25,210.83,81.88
313,10.433333,1996,0,person,0.785939,230.69,37.78,271.49,155.82
313,10.433333,2002,0,person,0.593030,612.31,150.76,639.92,263.75
313,10.433333,2111,2,helmet,0.698623,242.15,38.11,262.85,52.53
313,10.433333,2004,36,trash can,0.636210,212.68,144.01,235.01,177.51
313,10.433333,2169,0,person,0.317659,330.96,0.27,354.49,39.74
313,10.433333,2006,0,person,0.417888,117.39,178.93,180.34,229.33
313,10.433333,2189,2,helmet,0.642947,194.47,63.29,211.14,81.84
314,10.466667,1996,0,person,0.776950,230.64,37.76,271.31,155.78
314,10.466667,2002,0,person,0.595300,612.37,150.74,639.99,263.81
314,10.466667,2111,2,helmet,0.720701,242.56,38.12,263.19,52.50
314,10.466667,2004,36,trash can,0.612699,212.59,143.85,235.08,177.59
314,10.466667,2169,0,person,0.334745,330.97,0.30,354.50,39.84
314,10.466667,2006,0,person,0.407410,115.72,179.04,181.92,232.48
314,10.466667,2189,2,helmet,0.591094,194.57,63.27,211.20,81.65
315,10.500000,1996,0,person,0.767070,230.10,37.90,270.78,155.79
315,10.500000,2002,0,person,0.597553,612.27,150.79,639.92,263.89
315,10.500000,2111,2,helmet,0.701944,242.98,38.28,263.39,52.55
315,10.500000,2004,36,trash can,0.603112,212.46,143.76,235.01,177.65
315,10.500000,2169,0,person,0.394778,330.82,0.29,354.39,39.97
315,10.500000,2006,0,person,0.504826,114.78,179.08,182.43,234.16
315,10.500000,2189,2,helmet,0.650858,194.62,63.52,211.04,81.53
316,10.533333,1996,0,person,0.782262,227.74,37.97,268.92,155.74
316,10.533333,2002,0,person,0.596254,612.68,151.16,640.00,263.11
316,10.533333,2111,2,helmet,0.696331,243.11,38.30,263.78,52.81
316,10.533333,2004,36,trash can,0.609234,212.35,143.92,234.79,177.67
316,10.533333,2169,0,person,0.445224,330.46,0.25,354.11,40.13
316,10.533333,2006,0,person,0.415541,114.64,179.17,182.36,234.80
316,10.533333,2189,2,helmet,0.583541,194.62,63.49,210.87,81.11
316,10.533333,2179,74,bucket,0.293750,582.71,239.54,609.61,275.31
317,10.566667,1996,0,person,0.802335,225.91,37.99,267.77,155.80
317,10.566667,2002,0,person,0.603986,612.23,150.24,639.90,263.36
317,10.566667,2111,2,helmet,0.571354,243.26,38.29,264.12,52.96
317,10.566667,2004,36,trash can,0.622455,212.22,144.13,234.51,177.67
317,10.566667,2169,0,person,0.466968,330.22,0.22,353.89,40.23
317,10.566667,2006,0,person,0.434159,117.04,178.94,179.11,229.42
317,10.566667,2189,2,helmet,0.564290,194.60,63.52,210.76,80.92
317,10.566667,2179,74,bucket,0.438423,582.44,239.57,609.51,275.58
318,10.600000,1996,0,person,0.755670,226.14,37.86,268.34,155.75
318,10.600000,2002,0,person,0.594506,612.21,151.08,639.72,263.22
318,10.600000,2111,2,helmet,0.731784,243.69,38.28,264.78,53.19
318,10.600000,2004,36,trash can,0.593083,212.18,144.22,234.41,177.67
318,10.600000,2169,0,person,0.453753,330.14,0.21,353.74,40.22
318,10.600000,2006,0,person,0.455620,117.90,178.75,178.00,227.24
318,10.600000,2189,2,helmet,0.570167,195.02,63.57,210.65,80.16
318,10.600000,2179,74,bucket,0.436276,582.37,239.58,609.47,275.64
318,10.600000,2197,36,trash can,0.308731,582.22,239.49,609.38,276.16
319,10.633333,1996,0,person,0.775572,225.62,37.83,268.20,155.72
319,10.633333,2002,0,person,0.599082,611.62,150.12,639.64,263.99
319,10.633333,2111,2,helmet,0.730031,243.88,38.28,265.04,53.31
319,10.633333,2004,36,trash can,0.586300,212.02,144.23,234.22,177.65
319,10.633333,2169,0,person,0.422916,330.06,0.21,353.64,40.25
319,10.633333,2006,0,person,0.536976,118.22,178.52,177.19,225.67
319,10.633333,2189,2,helmet,0.614526,194.98,63.57,210.49,79.83
319,10.633333,2179,74,bucket,0.352888,582.29,239.75,609.13,275.42
319,10.633333,2197,36,trash can,0.338141,582.06,239.71,609.06,276.14
320,10.666667,1996,0,person,0.754173,228.28,37.69,270.22,155.04
320,10.666667,2002,0,person,0.630724,612.04,151.59,639.45,262.42
320,10.666667,2111,2,helmet,0.770985,244.07,38.15,265.04,53.05
320,10.666667,2004,36,trash can,0.545319,211.61,144.10,233.62,177.17
320,10.666667,2006,0,person,0.635703,114.86,178.86,180.06,231.42
320,10.666667,2189,2,helmet,0.753492,195.63,63.44,210.20,78.48
321,10.700000,1996,0,person,0.732118,229.56,37.52,271.09,154.78
321,10.700000,2002,0,person,0.610678,611.92,151.55,639.36,261.88
321,10.700000,2111,2,helmet,0.785525,244.12,37.89,265.37,53.03
321,10.700000,2004,36,trash can,0.568519,211.51,144.08,233.48,176.98
321,10.700000,2006,0,person,0.653474,113.81,178.94,180.97,233.49
321,10.700000,2189,2,helmet,0.736585,195.86,63.29,209.94,77.56
321,10.700000,2199,0,person,0.562476,192.78,62.75,225.93,127.25
321,10.700000,2201,2,helmet,0.325333,116.58,179.52,134.78,197.39
322,10.733333,1996,0,person,0.740856,230.56,37.83,271.66,154.92
322,10.733333,2002,0,person,0.617695,612.45,151.57,639.85,261.88
322,10.733333,2111,2,helmet,0.777352,244.73,38.12,265.87,53.13
322,10.733333,2004,36,trash can,0.561104,211.72,144.16,233.81,177.15
322,10.733333,2006,0,person,0.487160,114.86,179.03,180.82,232.71
322,10.733333,2189,2,helmet,0.731691,196.47,63.51,210.37,77.31
322,10.733333,2199,0,person,0.544354,193.19,63.14,226.44,127.86
322,10.733333,2201,2,helmet,0.385647,117.04,179.68,135.02,197.33
322,10.733333,2203,37,shelf,0.339082,332.52,6.96,439.57,105.87
323,10.766667,1996,0,person,0.762366,231.77,37.95,272.43,155.18
323,10.766667,2002,0,person,0.604248,612.66,151.41,639.99,261.50
323,10.766667,2111,2,helmet,0.789192,244.92,38.25,266.51,53.57
323,10.766667,2004,36,trash can,0.564486,211.99,144.24,234.11,177.20
323,10.766667,2006,0,person,0.572578,114.56,179.06,181.46,233.84
323,10.766667,2189,2,helmet,0.722778,196.60,63.56,210.60,77.18
323,10.766667,2199,0,person,0.559222,192.96,63.23,226.77,129.08
323,10.766667,2201,2,helmet,0.458527,117.28,179.72,135.06,197.16
323,10.766667,2203,37,shelf,0.295102,332.66,7.16,439.46,105.80
324,10.800000,1996,0,person,0.719555,231.46,38.05,271.84,155.06
324,10.800000,2002,0,person,0.612045,612.52,150.10,640.00,261.51
324,10.800000,2111,2,helmet,0.771691,245.31,38.30,266.71,53.49
324,10.800000,2004,36,trash can,0.590929,212.15,144.07,234.29,176.99
324,10.800000,2006,0,person,0.614893,114.01,178.35,181.69,234.13
324,10.800000,2189,2,helmet,0.712548,196.83,63.55,210.72,76.84
324,10.800000,2199,0,person,0.512000,192.88,63.18,226.39,128.44
324,10.800000,2201,2,helmet,0.272330,117.13,178.76,135.55,196.88
324,10.800000,2203,37,shelf,0.292869,332.50,7.26,439.21,105.81
325,10.833333,1996,0,person,0.754552,229.68,37.91,270.28,154.86
325,10.833333,2002,0,person,0.631909,612.74,150.31,640.00,261.45
325,10.833333,2111,2,helmet,0.773657,245.43,38.20,266.68,53.28
325,10.833333,2004,36,trash can,0.585569,212.19,144.01,234.38,176.91
325,10.833333,2006,0,person,0.492939,114.33,178.25,181.73,234.16
325,10.833333,2189,2,helmet,0.711540,196.71,63.41,210.68,76.53
325,10.833333,2199,0,person,0.570996,192.82,62.86,226.38,128.29
325,10.833333,2203,37,shelf,0.328165,332.32,7.11,439.17,105.78
326,10.866667,1996,0,person,0.757730,230.23,37.86,270.74,154.77
326,10.866667,2002,0,person,0.630122,612.87,150.66,640.00,261.38
326,10.866667,2111,2,helmet,0.779009,245.49,38.16,266.68,53.18
326,10.866667,2004,36,trash can,0.582708,212.18,143.97,234.41,176.88
326,10.866667,2006,0,person,0.543483,114.40,177.64,182.09,234.13
326,10.866667,2189,2,helmet,0.705783,196.49,63.36,210.59,76.43
326,10.866667,2199,0,person,0.582188,192.80,62.79,226.20,128.04
326,10.866667,2203,37,shelf,0.320804,332.19,6.76,439.51,105.86
326,10.866667,2205,0,person,0.393028,432.60,0.22,463.12,30.57
327,10.900000,1996,0,person,0.758054,229.47,37.92,270.17,154.80
327,10.900000,2002,0,person,0.662672,613.08,151.22,640.00,261.30
327,10.900000,2111,2,helmet,0.763197,246.01,38.21,267.08,53.15
327,10.900000,2004,36,trash can,0.629750,212.32,143.95,234.59,176.90
327,10.900000,2006,0,person,0.372199,115.71,176.64,180.56,230.62
327,10.900000,2189,2,helmet,0.696360,196.28,63.27,210.99,76.77
327,10.900000,2199,0,person,0.588450,192.77,62.81,225.98,127.78
327,10.900000,2203,37,shelf,0.281706,332.58,6.92,439.66,105.76
327,10.900000,2205,0,person,0.349327,434.66,0.34,464.66,30.02
328,10.933333,1996,0,person,0.728846,229.88,38.12,270.66,155.09
328,10.933333,2002,0,person,0.623377,612.92,149.89,640.00,261.74
328,10.933333,2111,2,helmet,0.720022,246.57,38.39,267.74,53.33
328,10.933333,2004,36,trash can,0.640592,212.50,144.09,234.84,177.15
328,10.933333,2006,0,person,0.291332,114.74,176.68,181.65,232.59
328,10.933333,2189,2,helmet,0.703941,196.27,63.30,211.26,76.91
328,10.933333,2199,0,person,0.618632,192.93,62.97,226.31,128.53
328,10.933333,2203,37,shelf,0.256989,332.64,6.64,440.18,105.92
328,10.933333,2165,46,box,0.282916,135.16,220.88,234.20,324.73
329,10.966667,1996,0,person,0.771771,226.56,38.26,268.28,155.27
329,10.966667,2002,0,person,0.633028,613.10,150.66,640.00,261.81
329,10.966667,2111,2,helmet,0.714369,246.74,38.45,267.94,53.36
329,10.966667,2004,36,trash can,0.641681,212.57,144.12,234.92,177.17
329,10.966667,2189,2,helmet,0.708530,195.83,63.30,211.59,77.57
329,10.966667,2199,0,person,0.567754,193.08,62.97,226.49,128.77
329,10.966667,2165,46,box,0.267384,135.03,220.81,233.92,324.74
329,10.966667,2205,0,person,0.377070,436.65,0.21,466.89,29.86
330,11.000000,1996,0,person,0.815412,223.40,38.28,266.35,155.43
330,11.000000,2002,0,person,0.648240,612.83,148.75,640.00,261.78
330,11.000000,2111,2,helmet,0.744396,246.43,38.44,267.81,53.42
330,11.000000,2004,36,trash can,0.618590,212.46,144.15,234.81,177.18
330,11.000000,2189,2,helmet,0.699263,195.68,63.29,211.64,77.67
330,11.000000,2199,0,person,0.549585,192.97,63.00,226.08,128.27
330,11.000000,2006,0,person,0.398257,114.32,175.69,182.65,233.32
331,11.033333,1996,0,person,0.818875,221.70,38.29,265.79,155.49
331,11.033333,2002,0,person,0.657564,612.76,148.04,640.00,261.85
331,11.033333,2111,2,helmet,0.753647,246.30,38.44,267.75,53.41
331,11.033333,2004,36,trash can,0.613476,212.40,144.15,234.76,177.19
331,11.033333,2189,2,helmet,0.710341,195.45,63.23,211.69,77.83
331,11.033333,2199,0,person,0.547745,192.88,62.86,225.93,128.18
331,11.033333,2006,0,person,0.394536,114.52,175.55,182.69,233.53
332,11.066667,1996,0,person,0.809144,220.38,38.31,265.59,155.50
332,11.066667,2002,0,person,0.654776,612.46,148.21,640.00,262.20
332,11.066667,2111,2,helmet,0.764308,246.27,38.43,267.76,53.39
332,11.066667,2004,36,trash can,0.602267,212.38,144.14,234.75,177.15
332,11.066667,2189,2,helmet,0.713189,195.31,63.15,211.74,77.91
332,11.066667,2199,0,person,0.547622,192.82,62.79,225.77,128.00
332,11.066667,2006,0,person,0.314540,114.37,175.31,182.49,233.69
332,11.066667,2165,46,box,0.262271,134.93,220.84,233.47,324.55
333,11.100000,1996,0,person,0.810261,219.51,38.34,265.72,155.45
333,11.100000,2002,0,person,0.641484,612.36,148.20,640.00,262.22
333,11.100000,2111,2,helmet,0.765806,246.03,38.48,267.62,53.44
333,11.100000,2004,36,trash can,0.618452,212.43,144.24,234.76,177.16
333,11.100000,2189,2,helmet,0.726113,195.40,63.11,211.91,77.93
333,11.100000,2199,0,person,0.561958,192.74,62.80,226.56,130.26
333,11.100000,2006,0,person,0.391942,114.76,175.26,182.61,233.81
333,11.100000,2179,36,trash can,0.256304,582.29,239.62,609.69,276.11
333,11.100000,2197,74,bucket,0.306636,582.44,239.61,609.64,276.30
333,11.100000,2205,0,person,0.478020,439.25,0.33,469.50,29.64
334,11.133333,1996,0,person,0.802510,218.60,38.32,265.89,155.61
334,11.133333,2002,0,person,0.623094,612.18,148.25,639.92,262.16
334,11.133333,2111,2,helmet,0.761762,245.96,38.47,267.64,53.42
334,11.133333,2004,36,trash can,0.636749,212.57,144.23,234.92,177.17
334,11.133333,2189,2,helmet,0.738531,195.67,62.89,212.06,77.54
334,11.133333,2199,0,person,0.530297,192.80,62.58,227.31,131.97
334,11.133333,2006,0,person,0.292081,115.34,174.98,182.24,232.99
334,11.133333,2205,0,person,0.716927,439.26,0.26,470.05,29.69
334,11.133333,2169,0,person,0.272348,332.31,0.23,354.74,38.71
335,11.166667,1996,0,person,0.805811,218.07,38.45,266.32,155.93
335,11.166667,2002,0,person,0.615595,612.38,147.65,640.00,262.28
335,11.166667,2111,2,helmet,0.750545,245.83,38.61,267.63,53.57
335,11.166667,2004,36,trash can,0.611367,212.46,144.43,234.82,177.36
335,11.166667,2189,2,helmet,0.721607,195.63,62.92,212.21,77.71
335,11.166667,2199,0,person,0.496238,192.98,62.61,227.81,133.16
335,11.166667,2006,0,person,0.479203,115.00,175.00,182.28,233.79
335,11.166667,2205,0,person,0.634079,439.52,0.30,470.69,29.85
335,11.166667,2169,0,person,0.293918,331.90,0.22,354.68,39.63
335,11.166667,2179,74,bucket,0.336100,582.07,239.76,609.49,276.48
336,11.200000,1996,0,person,0.797209,216.87,38.35,266.00,155.74
336,11.200000,2002,0,person,0.614263,612.30,147.12,640.00,262.60
336,11.200000,2111,2,helmet,0.749724,245.71,38.55,267.36,53.35
336,11.200000,2004,36,trash can,0.632741,212.21,144.18,234.70,177.27
336,11.200000,2189,2,helmet,0.751470,195.56,62.80,211.77,77.15
336,11.200000,2199,0,person,0.523606,192.89,62.40,227.06,131.76
336,11.200000,2006,0,person,0.401520,114.87,174.92,181.91,233.94
336,11.200000,2205,0,person,0.737520,439.45,0.28,471.06,29.96
336,11.200000,2169,0,person,0.261024,332.73,0.23,354.64,38.77
336,11.200000,2179,74,bucket,0.423278,581.93,239.83,609.20,276.46
337,11.233333,1996,0,person,0.794781,216.09,38.21,266.05,155.44
337,11.233333,2002,0,person,0.605187,612.13,146.59,640.00,262.69
337,11.233333,2111,2,helmet,0.773563,245.60,38.39,267.32,53.19
337,11.233333,2004,36,trash can,0.608680,212.11,144.00,234.66,177.17
337,11.233333,2189,2,helmet,0.763495,195.33,62.52,211.55,76.75
337,11.233333,2199,0,person,0.541230,192.81,62.14,226.58,130.96
337,11.233333,2006,0,person,0.404653,114.56,174.37,181.76,233.97
337,11.233333,2205,0,person,0.707815,439.39,0.37,471.10,29.84
337,11.233333,2169,0,person,0.273701,333.18,0.24,354.47,38.15
337,11.233333,2179,74,bucket,0.431859,581.91,239.87,609.07,276.45
337,11.233333,2210,36,trash can,0.309517,582.10,239.89,608.95,276.29
338,11.266667,1996,0,person,0.796235,215.61,38.15,266.34,155.32
338,11.266667,2002,0,person,0.599341,612.09,146.26,640.00,262.75
338,11.266667,2111,2,helmet,0.772316,245.54,38.33,267.32,53.13
338,11.266667,2004,36,trash can,0.608984,212.06,143.93,234.66,177.13
338,11.266667,2189,2,helmet,0.762651,195.21,62.41,211.51,76.61
338,11.266667,2199,0,person,0.544028,192.82,62.04,226.35,130.62
338,11.266667,2006,0,person,0.392660,114.98,174.20,181.89,233.97
338,11.266667,2205,0,person,0.683567,439.24,0.38,471.17,29.81
338,11.266667,2169,0,person,0.274526,333.41,0.24,354.35,37.91
339,11.300000,1996,0,person,0.804201,215.24,38.21,266.68,155.42
339,11.300000,2002,0,person,0.587913,611.83,146.07,640.00,263.32
339,11.300000,2111,2,helmet,0.770008,245.66,38.41,267.32,53.10
339,11.300000,2004,36,trash can,0.611401,212.03,144.11,234.65,177.32
339,11.300000,2189,2,helmet,0.758257,195.18,62.38,211.53,76.53
339,11.300000,2199,0,person,0.526744,192.82,62.00,226.28,130.69
339,11.300000,2006,0,person,0.407607,114.80,174.06,181.56,234.10
339,11.300000,2205,0,person,0.646594,439.56,0.43,471.69,29.91
339,11.300000,2169,0,person,0.261582,333.49,0.24,354.35,38.14
339,11.300000,2165,46,box,0.251708,134.17,220.31,233.09,324.69
339,11.300000,2179,74,bucket,0.259129,581.86,240.03,609.13,276.74
340,11.333333,1996,0,person,0.798104,214.72,38.30,266.79,155.46
340,11.333333,2002,0,person,0.586374,612.02,146.07,640.00,263.13
340,11.333333,2111,2,helmet,0.758789,245.49,38.47,267.31,53.28
340,11.333333,2004,36,trash can,0.608427,211.82,144.11,234.50,177.39
340,11.333333,2189,2,helmet,0.776035,195.10,62.47,211.43,76.48
340,11.333333,2199,0,person,0.517773,192.68,62.02,226.01,130.59
340,11.333333,2006,0,person,0.403506,114.34,173.99,180.84,233.99
340,11.333333,2205,0,person,0.679186,441.67,0.32,473.70,30.03
340,11.333333,2169,0,person,0.256432,333.54,0.24,354.36,38.42
340,11.333333,2179,74,bucket,0.333706,581.66,240.08,608.91,276.81
340,11.333333,2203,37,shelf,0.252016,331.91,6.38,439.83,106.13
341,11.366667,1996,0,person,0.790265,214.37,38.33,267.02,155.46
341,11.366667,2002,0,person,0.612186,612.23,148.30,639.92,263.04
341,11.366667,2111,2,helmet,0.767740,245.27,38.50,267.20,53.36
341,11.366667,2004,36,trash can,0.611180,211.74,144.12,234.44,177.42
341,11.366667,2189,2,helmet,0.770846,194.98,62.52,211.40,76.50
341,11.366667,2199,0,person,0.499605,192.64,62.08,225.90,130.63
341,11.366667,2006,0,person,0.405676,115.12,174.12,180.95,233.85
341,11.366667,2205,0,person,0.602898,442.66,0.30,474.39,30.12
341,11.366667,2179,74,bucket,0.407907,581.74,240.10,608.94,276.78
341,11.366667,2203,37,shelf,0.267126,331.69,5.87,440.03,106.15
341,11.366667,2165,15,concrete block,0.298092,133.86,220.32,232.61,324.60
342,11.400000,1996,0,person,0.798692,214.21,38.38,267.32,155.53
342,11.400000,2002,0,person,0.590575,612.15,149.63,639.67,263.23
342,11.400000,2111,2,helmet,0.782596,244.98,38.52,266.81,53.33
342,11.400000,2004,36,trash can,0.592490,211.66,144.27,234.24,177.39
342,11.400000,2189,2,helmet,0.779772,194.85,62.54,211.35,76.46
342,11.400000,2199,0,person,0.539085,192.46,62.10,225.76,130.93
342,11.400000,2006,0,person,0.478580,114.94,174.06,180.74,234.11
342,11.400000,2205,0,person,0.482971,445.30,0.32,476.35,30.25
342,11.400000,2179,74,bucket,0.298859,581.73,240.12,608.94,276.83
342,11.400000,2203,37,shelf,0.256909,331.62,5.62,440.06,106.09
342,11.400000,2165,46,box,0.289405,133.89,220.43,232.61,324.80
343,11.433333,1996,0,person,0.792454,214.37,38.18,267.84,155.32
343,11.433333,2002,0,person,0.584629,612.31,150.91,639.56,262.96
343,11.433333,2111,2,helmet,0.796418,244.52,38.34,266.51,53.25
343,11.433333,2004,36,trash can,0.626866,211.60,144.08,234.18,177.19
343,11.433333,2189,2,helmet,0.774031,194.77,62.40,211.40,76.36
343,11.433333,2199,0,person,0.527126,192.44,61.97,225.45,130.49
343,11.433333,2006,0,person,0.600563,114.48,173.99,180.16,234.21
343,11.433333,2205,0,person,0.318100,448.97,0.32,478.83,30.06
343,11.433333,2179,74,bucket,0.408712,581.66,240.02,608.83,276.76
343,11.433333,2165,46,box,0.269427,133.72,220.16,232.38,324.56
344,11.466667,1996,0,person,0.793517,214.23,37.88,268.05,155.06
344,11.466667,2002,0,person,0.603514,612.05,149.79,639.65,263.00
344,11.466667,2111,2,helmet,0.793448,244.36,38.04,266.40,52.97
344,11.466667,2004,36,trash can,0.645078,211.39,143.87,233.96,176.96
344,11.466667,2189,2,helmet,0.766761,194.46,62.10,211.27,76.14
344,11.466667,2199,0,person,0.523994,192.57,61.73,224.79,128.56
344,11.466667,2006,0,person,0.625864,114.40,173.99,179.65,234.00
344,11.466667,2205,0,person,0.367029,450.96,0.31,479.85,29.91
344,11.466667,2179,74,bucket,0.395889,581.49,239.99,608.61,276.74
344,11.466667,2201,2,helmet,0.272889,119.91,174.30,136.62,190.42
345,11.500000,1996,0,person,0.787810,213.94,37.80,268.12,155.07
345,11.500000,2002,0,person,0.600991,612.01,149.92,639.68,263.18
345,11.500000,2111,2,helmet,0.783976,244.27,37.96,266.31,52.89
345,11.500000,2004,36,trash can,0.644354,211.37,143.91,233.87,176.87
345,11.500000,2189,2,helmet,0.766083,194.31,62.13,211.23,76.22
345,11.500000,2199,0,person,0.526833,192.57,61.83,225.01,129.32
345,11.500000,2006,0,person,0.607100,114.64,174.00,179.52,233.91
345,11.500000,2205,0,person,0.425250,452.79,0.42,480.96,29.80
345,11.500000,2179,74,bucket,0.384966,581.40,240.11,608.52,276.91
346,11.533333,1996,0,person,0.777704,213.88,37.98,268.28,155.14
346,11.533333,2002,0,person,0.615271,611.95,149.76,639.75,263.39
346,11.533333,2111,2,helmet,0.794509,244.15,38.11,266.28,53.08
346,11.533333,2004,36,trash can,0.625869,211.41,143.91,233.92,176.83
346,11.533333,2189,2,helmet,0.762145,194.29,62.27,211.11,76.22
346,11.533333,2199,0,person,0.540703,192.68,62.02,224.61,128.33
346,11.533333,2006,0,person,0.574993,114.88,174.05,179.42,233.83
346,11.533333,2205,0,person,0.556718,454.00,0.46,481.78,29.83
346,11.533333,2179,74,bucket,0.351413,581.39,240.15,608.44,276.90
347,11.566667,1996,0,person,0.797802,214.47,37.79,268.96,155.02
347,11.566667,2002,0,person,0.613881,611.91,149.79,639.74,263.31
347,11.566667,2111,2,helmet,0.791609,244.06,37.93,266.41,53.06
347,11.566667,2004,36,trash can,0.626827,211.44,143.75,234.02,176.73
347,11.566667,2189,2,helmet,0.753583,194.31,62.16,211.10,76.05
347,11.566667,2199,0,person,0.554165,192.77,61.89,224.63,128.02
347,11.566667,2006,0,person,0.549017,115.00,173.81,179.30,233.56
347,11.566667,2205,0,person,0.536902,454.72,0.45,482.12,29.77
347,11.566667,2179,74,bucket,0.386476,581.48,240.05,608.51,276.82
347,11.566667,2203,37,shelf,0.251523,331.61,5.20,439.85,105.56
348,11.600000,1996,0,person,0.812901,214.98,37.42,269.55,154.85
348,11.600000,2002,0,person,0.617622,612.00,150.70,639.66,263.23
348,11.600000,2111,2,helmet,0.791108,244.06,37.68,266.41,52.82
348,11.600000,2004,36,trash can,0.600799,211.43,143.49,234.12,176.63
348,11.600000,2189,2,helmet,0.758456,194.50,61.86,211.28,75.69
348,11.600000,2199,0,person,0.601234,192.80,61.56,224.70,127.89
348,11.600000,2006,0,person,0.383816,114.50,173.29,178.90,233.26
348,11.600000,2205,0,person,0.527843,454.89,0.36,481.90,29.59
348,11.600000,2179,74,bucket,0.494010,581.60,239.97,608.49,276.60
348,11.600000,2203,37,shelf,0.265523,331.70,5.07,440.00,105.52
348,11.600000,2169,0,person,0.314518,332.58,0.25,353.45,38.33
348,11.600000,2165,46,box,0.283503,133.66,219.71,232.09,323.91
349,11.633333,1996,0,person,0.810481,215.65,37.36,270.17,154.94
349,11.633333,2002,0,person,0.601061,612.31,150.82,639.83,262.72
349,11.633333,2111,2,helmet,0.791859,244.06,37.59,266.41,52.74
349,11.633333,2004,36,trash can,0.611631,211.63,143.40,234.34,176.58
349,11.633333,2189,2,helmet,0.755928,194.47,61.74,211.26,75.54
349,11.633333,2199,0,person,0.543385,192.75,61.43,224.66,127.82
349,11.633333,2006,0,person,0.490801,114.79,173.53,178.72,233.17
349,11.633333,2205,0,person,0.432575,455.45,0.31,482.23,29.54
349,11.633333,2179,74,bucket,0.357052,581.64,240.02,608.57,276.69
349,11.633333,2203,37,shelf,0.302377,331.78,5.18,439.97,105.53
349,11.633333,2169,0,person,0.316890,332.43,0.26,353.41,38.37
349,11.633333,2165,46,box,0.285750,133.80,219.69,232.17,323.87
350,11.666667,1996,0,person,0.772227,217.78,37.56,271.65,154.86
350,11.666667,2002,0,person,0.606721,612.20,151.15,639.76,262.95
350,11.666667,2111,2,helmet,0.780741,244.10,37.73,266.35,52.80
350,11.666667,2004,36,trash can,0.605429,211.71,143.37,234.43,176.55
350,11.666667,2189,2,helmet,0.745808,194.27,61.91,210.99,75.65
350,11.666667,2199,0,person,0.574990,192.75,61.62,224.61,127.85
350,11.666667,2205,0,person,0.464192,455.65,0.30,482.32,29.67
350,11.666667,2179,74,bucket,0.322218,581.65,240.02,608.61,276.76
350,11.666667,2203,37,shelf,0.294380,331.77,5.33,439.99,105.74
350,11.666667,2169,0,person,0.292161,332.40,0.25,353.49,38.51
350,11.666667,2165,15,concrete block,0.314418,133.69,219.61,231.97,323.71
350,11.666667,2220,46,box,0.310982,133.80,219.57,232.01,323.79
351,11.700000,1996,0,person,0.772057,218.73,37.12,272.20,154.81
351,11.700000,2002,0,person,0.602732,612.06,151.49,639.67,263.15
351,11.700000,2111,2,helmet,0.802103,243.58,37.30,266.44,52.86
351,11.700000,2004,36,trash can,0.592174,211.54,143.35,234.29,176.58
351,11.700000,2189,2,helmet,0.760542,193.91,61.85,210.87,75.82
351,11.700000,2199,0,person,0.616473,192.66,61.55,224.57,127.97
351,11.700000,2205,0,person,0.419439,455.61,0.43,481.84,29.57
351,11.700000,2179,74,bucket,0.322851,581.53,240.07,608.46,276.78
351,11.700000,2203,37,shelf,0.262879,331.77,5.46,439.88,105.77
351,11.700000,2169,0,person,0.366625,332.58,0.27,353.57,38.32
351,11.700000,2165,15,concrete block,0.326240,133.62,219.37,231.94,323.49
351,11.700000,2220,46,box,0.286614,133.72,219.27,232.07,323.64
351,11.700000,2222,36,trash can,0.313401,581.52,240.07,608.52,276.64
352,11.733333,1996,0,person,0.801338,219.40,37.06,272.31,154.83
352,11.733333,2002,0,person,0.597720,612.00,151.79,639.64,263.31
352,11.733333,2111,2,helmet,0.755465,243.04,37.25,265.96,52.89
352,11.733333,2004,36,trash can,0.606429,211.51,143.31,234.05,176.23
352,11.733333,2189,2,helmet,0.717066,193.77,61.85,210.43,75.62
352,11.733333,2199,0,person,0.551270,192.70,61.55,224.47,127.72
352,11.733333,2205,0,person,0.442264,455.56,0.48,481.47,29.51
352,11.733333,2179,74,bucket,0.322242,581.50,240.08,608.38,276.73
352,11.733333,2203,37,shelf,0.257406,331.79,5.43,439.84,105.69
352,11.733333,2169,0,person,0.342944,332.52,0.27,353.60,38.32
352,11.733333,2165,15,concrete block,0.267367,133.38,219.52,231.67,323.55
352,11.733333,2220,46,box,0.268182,133.51,219.45,231.81,323.75
352,11.733333,2222,36,trash can,0.287236,581.51,240.07,608.46,276.58
353,11.766667,1996,0,person,0.776123,222.74,36.69,274.39,154.51
353,11.766667,2002,0,person,0.598918,611.63,151.31,639.53,263.40
353,11.766667,2111,2,helmet,0.762343,242.74,36.89,265.87,52.77
353,11.766667,2004,36,trash can,0.612900,211.54,143.20,233.94,175.94
353,11.766667,2189,2,helmet,0.765717,193.46,61.72,209.72,75.17
353,11.766667,2199,0,person,0.614304,192.42,61.41,224.22,127.73
353,11.766667,2205,0,person,0.323563,459.89,0.34,487.11,29.55
353,11.766667,2179,74,bucket,0.341908,581.48,240.08,608.35,276.71
353,11.766667,2203,37,shelf,0.332722,332.07,5.96,439.32,105.37
353,11.766667,2169,0,person,0.337394,333.08,0.28,353.84,37.80
353,11.766667,2222,36,trash can,0.316963,581.50,240.07,608.42,276.55
353,11.766667,2006,0,person,0.520090,119.31,182.32,174.44,232.85
354,11.800000,1996,0,person,0.776313,224.34,36.55,274.83,154.39
354,11.800000,2002,0,person,0.599525,611.49,151.17,639.53,263.40
354,11.800000,2111,2,helmet,0.762367,242.67,36.76,265.80,52.73
354,11.800000,2004,36,trash can,0.613564,211.55,143.16,233.90,175.83
354,11.800000,2189,2,helmet,0.765628,193.35,61.68,209.46,75.00
354,11.800000,2199,0,person,0.614686,192.32,61.36,224.13,127.75
354,11.800000,2205,0,person,0.323172,461.18,0.29,489.51,29.57
354,11.800000,2179,74,bucket,0.337444,581.47,240.08,608.33,276.70
354,11.800000,2203,37,shelf,0.332576,332.13,6.15,439.14,105.25
354,11.800000,2169,0,person,0.335375,333.25,0.29,353.91,37.63
354,11.800000,2222,36,trash can,0.306988,581.49,240.07,608.41,276.54
354,11.800000,2006,0,person,0.516846,119.56,183.39,174.30,232.81
355,11.833333,1996,0,person,0.770888,226.09,36.52,275.32,154.38
355,11.833333,2002,0,person,0.620499,611.56,150.78,639.71,263.33
355,11.833333,2111,2,helmet,0.734561,243.06,36.79,265.76,52.50
355,11.833333,2004,36,trash can,0.603774,211.52,143.21,233.96,176.02
355,11.833333,2189,2,helmet,0.766198,193.33,61.66,209.37,74.94
355,11.833333,2199,0,person,0.599584,192.36,61.34,224.02,127.44
355,11.833333,2205,0,person,0.402176,457.42,0.30,485.10,29.36
355,11.833333,2179,74,bucket,0.371925,581.60,240.05,608.51,276.74
355,11.833333,2203,37,shelf,0.328862,332.12,6.21,439.11,105.21
355,11.833333,2169,0,person,0.343972,333.26,0.29,353.91,37.61
355,11.833333,2222,36,trash can,0.330758,581.64,240.04,608.59,276.56
355,11.833333,2006,0,person,0.547091,119.73,184.02,174.58,232.91
355,11.833333,2165,46,box,0.258414,133.50,219.49,231.66,323.30
356,11.866667,1996,0,person,0.766206,227.03,36.46,275.19,154.38
356,11.866667,2002,0,person,0.625796,611.93,150.59,639.98,262.86
356,11.866667,2111,2,helmet,0.734629,243.23,36.81,265.73,52.40
356,11.866667,2004,36,trash can,0.629305,211.56,143.19,234.04,176.05
356,11.866667,2189,2,helmet,0.767039,193.31,61.64,209.37,74.94
356,11.866667,2199,0,person,0.611628,192.18,61.30,223.91,127.56
356,11.866667,2205,0,person,0.361525,456.77,0.41,483.84,29.25
356,11.866667,2179,36,trash can,0.297375,581.85,239.90,608.70,276.46
356,11.866667,2203,37,shelf,0.291648,332.22,5.99,439.32,105.00
356,11.866667,2169,0,person,0.356676,332.85,0.27,353.70,37.87
356,11.866667,2222,74,bucket,0.379702,581.81,239.88,608.83,276.50
356,11.866667,2006,0,person,0.456293,119.33,183.73,175.07,232.86
357,11.900000,1996,0,person,0.780326,227.58,36.32,274.74,154.23
357,11.900000,2002,0,person,0.643563,611.65,150.42,639.76,262.63
357,11.900000,2111,2,helmet,0.781999,243.13,36.61,264.99,51.84
357,11.900000,2004,36,trash can,0.617398,211.62,143.24,233.96,175.88
357,11.900000,2189,2,helmet,0.775412,193.29,61.44,209.43,74.81
357,11.900000,2199,0,person,0.569595,192.31,61.13,223.89,126.96
357,11.900000,2205,0,person,0.371210,461.27,0.34,488.98,28.65
357,11.900000,2179,74,bucket,0.558609,581.86,239.80,608.66,276.35
357,11.900000,2203,37,shelf,0.299870,332.19,5.83,439.47,104.90
357,11.900000,2169,0,person,0.375894,332.75,0.27,353.70,37.92
357,11.900000,2006,0,person,0.510161,117.45,182.70,175.19,233.01
358,11.933333,1996,0,person,0.769249,228.23,36.34,274.40,154.17
358,11.933333,2002,0,person,0.658720,611.98,150.50,640.00,262.62
358,11.933333,2111,2,helmet,0.775782,243.23,36.60,264.73,51.64
358,11.933333,2004,36,trash can,0.618489,211.63,143.26,233.93,175.81
358,11.933333,2189,2,helmet,0.774238,193.28,61.37,209.45,74.77
358,11.933333,2199,0,person,0.570046,192.39,61.06,223.89,126.64
358,11.933333,2205,0,person,0.429716,462.84,0.31,491.41,28.52
358,11.933333,2179,74,bucket,0.499587,581.92,239.77,608.67,276.27
358,11.933333,2203,37,shelf,0.303630,332.15,5.75,439.57,104.87
358,11.933333,2169,0,person,0.362837,332.62,0.28,353.57,37.88
358,11.933333,2006,0,person,0.494361,115.92,181.83,175.28,232.97
359,11.966667,1996,0,person,0.794474,228.34,36.21,273.71,154.09
359,11.966667,2002,0,person,0.672312,611.75,150.62,639.84,262.68
359,11.966667,2111,2,helmet,0.795196,242.94,36.47,264.28,51.47
359,11.966667,2004,36,trash can,0.624568,211.53,143.19,233.84,175.73
359,11.966667,2189,2,helmet,0.763163,192.91,61.24,209.06,74.68
359,11.966667,2199,0,person,0.636718,192.03,60.85,223.79,126.91
359,11.966667,2205,0,person,0.307364,463.85,0.33,492.78,28.09
359,11.966667,2179,74,bucket,0.504498,581.56,239.77,608.36,276.35
359,11.966667,2203,37,shelf,0.293407,332.06,5.65,439.59,104.80
359,11.966667,2169,0,person,0.384685,331.84,0.23,353.21,38.39
359,11.966667,2006,0,person,0.571388,114.66,180.76,175.43,232.85
360,12.000000,1996,0,person,0.800442,228.40,36.22,273.14,154.41
360,12.000000,2002,0,person,0.708569,610.63,151.62,638.88,262.90
360,12.000000,2111,2,helmet,0.784439,242.62,36.47,263.65,51.30
360,12.000000,2004,36,trash can,0.565123,211.17,143.38,233.49,175.92
360,12.000000,2189,2,helmet,0.762882,192.58,61.35,208.58,74.73
360,12.000000,2199,0,person,0.573822,191.74,60.78,223.51,126.60
360,12.000000,2179,74,bucket,0.355679,581.22,239.92,607.98,276.43
360,12.000000,2203,37,shelf,0.284816,331.51,5.14,439.58,104.78
360,12.000000,2169,0,person,0.456171,330.86,0.20,352.78,39.10
360,12.000000,2006,0,person,0.637214,110.78,178.32,175.24,233.44
361,12.033333,1996,0,person,0.784227,228.87,36.46,272.83,154.67
361,12.033333,2002,0,person,0.715852,609.99,152.44,638.49,263.22
361,12.033333,2111,2,helmet,0.782663,242.31,36.78,263.26,51.60
361,12.033333,2004,36,trash can,0.574919,210.81,143.60,233.16,176.14
361,12.033333,2189,2,helmet,0.776530,192.19,61.66,208.39,75.30
361,12.033333,2199,0,person,0.598855,191.34,61.06,223.29,127.16
361,12.033333,2179,74,bucket,0.417454,580.75,240.06,607.54,276.60
361,12.033333,2169,0,person,0.409711,330.31,0.22,352.57,39.59
361,12.033333,2006,0,person,0.642429,108.84,177.26,175.18,233.89
362,12.066667,1996,0,person,0.789180,229.10,36.56,272.35,154.75
362,12.066667,2002,0,person,0.726223,609.57,153.24,638.30,263.48
362,12.066667,2111,2,helmet,0.784201,242.07,36.90,262.81,51.62
362,12.066667,2004,36,trash can,0.568678,210.52,143.67,232.95,176.24
362,12.066667,2189,2,helmet,0.764870,191.58,61.76,207.99,75.75
362,12.066667,2199,0,person,0.574065,191.19,61.16,223.21,127.31
362,12.066667,2179,74,bucket,0.373183,580.37,240.08,607.22,276.67
362,12.066667,2169,0,person,0.363207,330.10,0.23,352.37,39.61
362,12.066667,2006,0,person,0.588141,107.78,176.53,174.78,233.55
363,12.100000,1996,0,person,0.783664,229.40,36.90,271.95,154.93
363,12.100000,2002,0,person,0.720676,609.27,153.54,638.31,263.61
363,12.100000,2111,2,helmet,0.776288,241.76,37.27,262.29,51.80
363,12.100000,2004,36,trash can,0.567457,210.38,143.77,232.93,176.45
363,12.100000,2189,2,helmet,0.771320,191.51,62.05,207.73,76.02
363,12.100000,2199,0,person,0.585019,191.14,61.49,223.19,127.53
363,12.100000,2179,74,bucket,0.327853,580.22,240.20,607.06,276.70
363,12.100000,2169,0,person,0.370172,329.88,0.25,352.35,39.93
363,12.100000,2006,0,person,0.392494,107.55,176.25,175.00,233.49
363,12.100000,2165,46,box,0.315112,133.26,219.54,231.12,322.93
364,12.133333,1996,0,person,0.771889,229.62,37.10,271.62,155.01
364,12.133333,2002,0,person,0.709497,609.42,153.84,638.68,263.89
364,12.133333,2111,2,helmet,0.760562,241.48,37.49,262.20,52.17
364,12.133333,2004,36,trash can,0.579977,210.33,143.78,233.04,176.70
364,12.133333,2189,2,helmet,0.776037,191.63,62.48,207.49,76.22
364,12.133333,2199,0,person,0.571512,191.27,62.04,223.17,127.67
364,12.133333,2179,74,bucket,0.528180,580.25,240.50,607.03,276.86
364,12.133333,2169,0,person,0.425706,329.72,0.26,352.42,40.28
364,12.133333,2006,0,person,0.571226,107.62,176.22,175.12,233.33
364,12.133333,2165,46,box,0.258030,133.50,219.65,231.29,322.92
365,12.166667,1996,0,person,0.788210,229.81,37.35,271.29,155.05
365,12.166667,2002,0,person,0.716559,609.10,153.61,638.68,263.81
365,12.166667,2111,2,helmet,0.781900,241.50,37.74,262.15,52.39
365,12.166667,2004,36,trash can,0.564495,210.57,143.77,233.30,176.75
365,12.166667,2189,2,helmet,0.774390,191.82,62.64,207.49,76.28
365,12.166667,2199,0,person,0.531321,191.34,62.25,223.27,127.84
365,12.166667,2179,74,bucket,0.384080,580.25,240.49,607.11,276.95
365,12.166667,2169,0,person,0.460026,329.70,0.24,352.55,40.42
365,12.166667,2006,0,person,0.524081,107.63,176.04,175.65,233.61
365,12.166667,2165,46,box,0.274120,133.90,219.90,231.32,322.68
366,12.200000,1996,0,person,0.778396,231.53,37.68,272.30,155.17
366,12.200000,2002,0,person,0.698831,609.21,153.63,638.91,263.51
366,12.200000,2111,2,helmet,0.780278,241.79,38.01,261.95,52.31
366,12.200000,2004,36,trash can,0.531720,211.01,143.74,233.72,176.73
366,12.200000,2189,2,helmet,0.738152,192.03,62.84,207.50,76.48
366,12.200000,2199,0,person,0.349352,191.51,62.52,223.76,128.85
366,12.200000,2179,74,bucket,0.426036,580.56,240.64,607.35,276.97
366,12.200000,2169,0,person,0.469218,329.90,0.22,352.94,40.73
366,12.200000,2006,0,person,0.671309,107.52,175.40,176.05,233.37
366,12.200000,2203,37,shelf,0.265001,331.53,6.36,439.52,105.94
367,12.233333,1996,0,person,0.774631,231.78,37.88,272.12,155.30
367,12.233333,2002,0,person,0.708779,609.23,153.51,639.16,263.70
367,12.233333,2111,2,helmet,0.781607,241.87,38.23,262.16,52.63
367,12.233333,2004,36,trash can,0.554699,211.29,143.78,234.04,176.88
367,12.233333,2189,2,helmet,0.744066,192.46,63.20,207.47,76.54
367,12.233333,2199,0,person,0.314639,191.66,62.48,223.90,128.76
367,12.233333,2179,74,bucket,0.461156,580.81,240.73,607.68,277.16
367,12.233333,2169,0,person,0.416463,330.23,0.25,353.31,40.77
367,12.233333,2006,0,person,0.519053,108.86,175.32,177.34,233.55
367,12.233333,2235,76,gloves,0.381750,129.19,210.97,153.44,228.33
367,12.233333,2203,37,shelf,0.254530,331.54,6.63,439.53,106.23
368,12.266667,1996,0,person,0.768755,232.34,37.86,272.19,155.14
368,12.266667,2002,0,person,0.708681,609.21,153.48,639.29,263.78
368,12.266667,2111,2,helmet,0.785283,241.88,38.19,262.13,52.58
368,12.266667,2004,36,trash can,0.538537,211.44,143.71,234.13,176.75
368,12.266667,2189,2,helmet,0.741754,192.40,63.21,207.31,76.59
368,12.266667,2179,74,bucket,0.461230,580.91,240.76,607.80,277.23
368,12.266667,2169,0,person,0.379627,330.33,0.26,353.39,40.73
368,12.266667,2006,0,person,0.435872,113.96,174.13,181.66,233.09
368,12.266667,2237,74,bucket,0.455964,211.21,143.40,233.94,176.84
368,12.266667,2238,36,trash can,0.378635,580.91,240.66,607.87,277.28
369,12.300000,1996,0,person,0.782441,231.83,37.62,271.50,154.93
369,12.300000,2002,0,person,0.720371,609.02,152.80,639.33,263.41
369,12.300000,2111,2,helmet,0.780622,242.04,38.00,262.01,52.18
369,12.300000,2004,36,trash can,0.572918,211.53,143.67,234.12,176.55
369,12.300000,2189,2,helmet,0.718746,192.34,62.95,207.42,76.67
369,12.300000,2179,36,trash can,0.299369,580.95,240.51,607.77,276.89
369,12.300000,2169,0,person,0.370788,330.58,0.25,353.49,40.46
369,12.300000,2237,74,bucket,0.460111,211.28,143.39,233.86,176.60
369,12.300000,2238,74,bucket,0.516713,581.03,240.48,607.83,276.89
370,12.333333,1996,0,person,0.779986,231.87,37.50,271.28,154.85
370,12.333333,2002,0,person,0.717678,608.91,152.49,639.39,263.30
370,12.333333,2111,2,helmet,0.780483,242.01,37.90,261.77,51.87
370,12.333333,2004,36,trash can,0.555077,211.55,143.71,234.02,176.48
370,12.333333,2189,2,helmet,0.709808,192.18,62.70,207.40,76.77
370,12.333333,2169,0,person,0.284658,331.16,0.25,353.80,39.83
370,12.333333,2199,0,person,0.387809,191.33,62.36,224.05,129.79
370,12.333333,2006,0,person,0.637970,115.63,171.77,183.71,232.62
371,12.366667,1996,0,person,0.793539,231.65,37.25,270.94,154.81
371,12.366667,2002,0,person,0.708356,608.83,152.56,639.51,263.74
371,12.366667,2111,2,helmet,0.781632,241.66,37.65,261.79,51.85
371,12.366667,2004,36,trash can,0.554689,211.54,143.78,233.93,176.46
371,12.366667,2189,2,helmet,0.703050,191.94,62.82,206.82,76.74
371,12.366667,2199,0,person,0.312759,191.27,62.53,223.64,129.03
371,12.366667,2006,0,person,0.627487,115.29,170.10,183.13,231.99
371,12.366667,2179,74,bucket,0.509652,580.98,240.43,607.75,276.76
372,12.400000,1996,0,person,0.800623,231.29,37.33,270.47,154.82
372,12.400000,2002,0,person,0.698806,609.26,153.06,639.78,263.64
372,12.400000,2111,2,helmet,0.783006,241.57,37.74,261.80,52.01
372,12.400000,2004,36,trash can,0.555534,211.57,143.83,233.89,176.45
372,12.400000,2189,2,helmet,0.719636,191.83,62.89,206.75,77.06
372,12.400000,2199,0,person,0.299707,191.37,62.58,223.82,129.18
372,12.400000,2006,0,person,0.574544,116.19,169.95,182.24,231.22
372,12.400000,2245,0,person,0.340154,486.98,0.38,520.04,28.82
372,12.400000,2247,36,trash can,0.317025,580.84,240.54,607.70,276.94
372,12.400000,2179,74,bucket,0.497525,581.02,240.58,607.79,276.89
372,12.400000,2169,0,person,0.271951,330.63,0.32,353.41,40.16
373,12.433333,1996,0,person,0.788222,231.40,37.50,270.43,154.94
373,12.433333,2002,0,person,0.696319,609.33,153.20,639.83,263.60
373,12.433333,2111,2,helmet,0.783091,241.61,37.91,261.93,52.23
373,12.433333,2004,36,trash can,0.540932,211.66,143.98,233.97,176.58
373,12.433333,2189,2,helmet,0.661990,191.96,62.85,207.26,77.70
373,12.433333,2199,0,person,0.299165,191.54,62.59,223.67,128.73
373,12.433333,2006,0,person,0.390761,119.24,168.14,180.28,225.37
373,12.433333,2245,0,person,0.454709,488.70,0.36,522.42,29.26
373,12.433333,2247,36,trash can,0.284782,580.77,240.55,607.66,276.98
373,12.433333,2179,74,bucket,0.476902,580.97,240.61,607.74,276.93
373,12.433333,2169,0,person,0.347726,330.45,0.36,353.22,40.25
374,12.466667,1996,0,person,0.784331,231.55,37.64,270.42,154.98
374,12.466667,2002,0,person,0.716945,608.96,153.53,639.51,263.55
374,12.466667,2111,2,helmet,0.782593,241.60,38.06,261.83,52.30
374,12.466667,2004,36,trash can,0.547867,211.51,143.91,233.91,176.66
374,12.466667,2189,2,helmet,0.454324,191.94,63.13,207.47,78.57
374,12.466667,2006,0,person,0.661452,113.38,165.98,175.97,224.08
374,12.466667,2245,0,person,0.475727,489.34,0.29,523.84,29.71
374,12.466667,2169,0,person,0.339754,330.30,0.40,353.16,40.50
375,12.500000,1996,0,person,0.777395,231.70,37.83,270.45,155.21
375,12.500000,2002,0,person,0.719273,608.75,153.83,639.45,263.97
375,12.500000,2111,2,helmet,0.779236,241.68,38.24,261.92,52.49
375,12.500000,2004,36,trash can,0.558786,211.41,143.96,233.90,176.86
375,12.500000,2189,2,helmet,0.505181,192.06,63.54,207.40,79.11
375,12.500000,2006,0,person,0.663344,110.55,165.16,174.66,224.17
375,12.500000,2245,0,person,0.453852,489.10,0.25,524.25,30.05
375,12.500000,2169,0,person,0.326155,330.21,0.39,353.16,40.70
375,12.500000,2179,74,bucket,0.420634,580.77,240.87,607.64,277.35
376,12.533333,1996,0,person,0.778643,231.85,38.04,270.47,155.52
376,12.533333,2002,0,person,0.693506,609.10,153.83,639.76,263.76
376,12.533333,2111,2,helmet,0.776953,241.68,38.45,261.90,52.67
376,12.533333,2004,36,trash can,0.562194,211.43,144.17,233.92,177.07
376,12.533333,2189,2,helmet,0.315521,192.44,64.31,207.43,79.81
376,12.533333,2006,0,person,0.429625,114.11,165.21,177.73,224.48
376,12.533333,2245,0,person,0.406789,489.20,0.22,525.37,30.68
376,12.533333,2169,0,person,0.258431,330.13,0.47,353.02,40.79
376,12.533333,2179,74,bucket,0.572196,581.04,241.04,607.88,277.47
377,12.566667,1996,0,person,0.795102,231.71,38.36,270.28,155.96
377,12.566667,2002,0,person,0.671273,609.40,154.13,640.00,264.21
377,12.566667,2111,2,helmet,0.779385,241.61,38.69,261.89,52.94
377,12.566667,2004,36,trash can,0.556141,211.46,144.74,233.75,177.32
377,12.566667,2006,0,person,0.399283,111.31,163.36,178.65,226.62
377,12.566667,2245,0,person,0.588470,489.19,0.19,526.00,30.91
377,12.566667,2179,74,bucket,0.566552,581.11,241.27,607.87,277.63
377,12.566667,2165,46,box,0.301109,134.55,220.40,231.74,322.80
378,12.600000,1996,0,person,0.787861,231.55,38.64,270.07,156.29
378,12.600000,2002,0,person,0.672191,609.55,154.29,640.00,264.39
378,12.600000,2111,2,helmet,0.779652,241.61,38.95,261.89,53.17
378,12.600000,2004,36,trash can,0.571819,211.39,144.90,233.78,177.67
378,12.600000,2245,0,person,0.605826,488.98,0.22,526.20,30.99
378,12.600000,2179,74,bucket,0.530854,581.12,241.43,607.88,277.82
378,12.600000,2165,46,box,0.308409,134.32,220.33,231.91,323.14
378,12.600000,2189,2,helmet,0.502141,193.50,66.86,207.34,81.26
379,12.633333,1996,0,person,0.800969,231.61,38.87,270.02,156.39
379,12.633333,2002,0,person,0.675505,609.86,154.77,640.00,264.43
379,12.633333,2111,2,helmet,0.786098,241.76,39.17,261.84,53.22
379,12.633333,2004,36,trash can,0.556414,211.54,145.45,233.63,177.76
379,12.633333,2245,0,person,0.535886,488.92,0.21,526.64,31.14
379,12.633333,2179,74,bucket,0.526255,581.21,241.48,607.99,277.91
379,12.633333,2165,46,box,0.338823,134.43,220.42,232.09,323.27
379,12.633333,2254,36,trash can,0.425171,581.18,241.36,607.91,277.98
379,12.633333,2189,2,helmet,0.493883,194.22,67.79,207.39,81.44
379,12.633333,2203,37,shelf,0.250864,330.95,6.20,440.20,107.21
379,12.633333,2169,0,person,0.253422,330.26,0.43,352.85,40.64
380,12.666667,1996,0,person,0.786532,231.80,38.82,270.09,156.32
380,12.666667,2002,0,person,0.683655,609.83,154.54,640.00,264.50
380,12.666667,2111,2,helmet,0.787210,241.73,39.11,261.80,53.12
380,12.666667,2004,36,trash can,0.556753,211.62,145.23,233.75,177.56
380,12.666667,2245,0,person,0.573942,490.89,0.22,528.62,30.98
380,12.666667,2179,74,bucket,0.542594,581.24,241.45,608.11,277.99
380,12.666667,2165,46,box,0.389128,134.56,220.45,232.21,323.32
380,12.666667,2254,36,trash can,0.296427,581.30,241.34,608.08,278.01
380,12.666667,2189,2,helmet,0.627124,194.72,68.30,208.01,82.06
380,12.666667,2256,74,bucket,0.508069,211.38,144.90,234.13,177.56
380,12.666667,2169,0,person,0.256952,331.17,0.44,353.05,39.99
381,12.700000,1996,0,person,0.796025,232.14,38.73,270.29,156.14
381,12.700000,2002,0,person,0.663111,610.05,154.51,640.00,264.41
381,12.700000,2111,2,helmet,0.777520,241.62,38.99,262.11,53.27
381,12.700000,2004,36,trash can,0.618092,211.98,145.75,233.81,177.52
381,12.700000,2245,0,person,0.522660,492.30,0.20,530.09,30.92
381,12.700000,2179,36,trash can,0.335885,581.35,241.36,608.23,277.94
381,12.700000,2165,46,box,0.385665,134.76,220.56,232.30,323.23
381,12.700000,2254,74,bucket,0.572558,581.45,241.33,608.14,277.88
381,12.700000,2189,2,helmet,0.619260,194.63,68.55,209.05,83.63
381,12.700000,2256,74,bucket,0.420732,211.69,145.37,234.13,177.57
381,12.700000,2006,0,person,0.289650,107.16,156.64,181.64,227.85
382,12.733333,1996,0,person,0.795845,232.27,38.69,270.33,156.14
382,12.733333,2002,0,person,0.664336,610.04,154.48,640.00,264.40
382,12.733333,2111,2,helmet,0.777672,241.57,38.94,262.24,53.32
382,12.733333,2004,36,trash can,0.610773,212.03,146.19,233.60,177.48
382,12.733333,2245,0,person,0.327435,493.09,0.24,530.70,30.75
382,12.733333,2179,74,bucket,0.572315,581.40,241.36,608.22,277.87
382,12.733333,2165,46,box,0.381417,134.66,220.60,232.18,323.22
382,12.733333,2254,36,trash can,0.344735,581.51,241.30,608.18,277.82
382,12.733333,2189,2,helmet,0.559846,194.61,68.62,209.50,84.38
382,12.733333,2256,74,bucket,0.545552,211.67,145.64,233.91,177.54
382,12.733333,2257,0,person,0.359901,341.56,0.57,373.24,42.87
383,12.766667,1996,0,person,0.786952,232.17,38.51,270.16,155.92
383,12.766667,2002,0,person,0.670455,610.16,154.46,640.00,264.23
383,12.766667,2111,2,helmet,0.778774,241.48,38.78,262.17,53.17
383,12.766667,2004,74,bucket,0.524516,211.86,145.70,233.70,177.29
383,12.766667,2165,46,box,0.392045,134.77,220.80,232.00,322.98
383,12.766667,2189,2,helmet,0.442418,195.23,68.76,210.34,84.78
383,12.766667,2256,36,trash can,0.574359,211.73,145.71,233.69,177.19
383,12.766667,2257,0,person,0.286875,341.61,0.66,373.13,42.72
384,12.800000,1996,0,person,0.786331,232.02,38.44,270.01,155.93
384,12.800000,2002,0,person,0.680932,610.12,154.35,640.00,264.37
384,12.800000,2111,2,helmet,0.776956,241.45,38.71,262.14,53.11
384,12.800000,2004,74,bucket,0.563182,211.72,145.55,233.81,177.42
384,12.800000,2165,46,box,0.403199,134.74,220.67,232.21,323.15
384,12.800000,2189,2,helmet,0.663902,195.32,68.97,210.40,84.94
384,12.800000,2256,36,trash can,0.538783,211.67,145.78,233.68,177.30
384,12.800000,2257,0,person,0.316289,341.54,0.69,372.94,42.61
384,12.800000,2179,74,bucket,0.535266,581.57,241.42,608.27,277.77
385,12.833333,1996,0,person,0.792874,232.16,38.74,270.11,156.11
385,12.833333,2002,0,person,0.681454,610.12,154.47,640.00,264.39
385,12.833333,2111,2,helmet,0.780378,241.75,39.05,262.16,53.20
385,12.833333,2004,74,bucket,0.498716,211.98,145.90,234.04,177.63
385,12.833333,2165,46,box,0.357102,134.95,220.61,232.42,323.03
385,12.833333,2189,2,helmet,0.780212,196.02,69.18,210.99,84.88
385,12.833333,2256,36,trash can,0.518055,212.25,146.87,233.76,177.57
385,12.833333,2257,0,person,0.298702,341.45,0.65,372.99,42.75
385,12.833333,2179,74,bucket,0.528268,581.65,241.37,608.39,277.78
385,12.833333,2199,0,person,0.315949,194.09,68.44,224.94,131.31
385,12.833333,2169,0,person,0.296752,330.62,0.39,353.37,41.35
386,12.866667,1996,0,person,0.782777,232.39,38.84,270.38,156.17
386,12.866667,2002,0,person,0.653541,610.47,154.29,640.00,264.36
386,12.866667,2111,2,helmet,0.775461,241.99,39.18,262.35,53.25
386,12.866667,2004,36,trash can,0.487624,212.19,145.93,234.29,177.64
386,12.866667,2165,46,box,0.366023,135.40,220.66,232.96,323.11
386,12.866667,2189,2,helmet,0.778659,196.47,69.37,211.41,84.92
386,12.866667,2256,74,bucket,0.439664,212.09,145.69,234.43,177.58
386,12.866667,2257,0,person,0.253186,341.65,0.72,373.27,42.92
386,12.866667,2179,74,bucket,0.573127,581.99,241.37,608.75,277.79
386,12.866667,2199,0,person,0.252551,194.41,68.72,225.26,131.22
387,12.900000,1996,0,person,0.788538,232.74,39.08,270.72,156.44
387,12.900000,2002,0,person,0.640391,610.87,154.14,640.00,264.42
387,12.900000,2111,2,helmet,0.767522,242.44,39.44,262.70,53.41
387,12.900000,2004,36,trash can,0.494404,212.64,146.36,234.68,177.89
387,12.900000,2165,46,box,0.436435,135.86,221.00,233.41,323.41
387,12.900000,2189,2,helmet,0.752184,197.03,69.78,211.85,85.04
387,12.900000,2256,74,bucket,0.455513,212.45,145.76,234.90,177.84
387,12.900000,2179,74,bucket,0.494540,582.05,241.51,608.88,277.98
387,12.900000,2006,0,person,0.432797,105.96,148.48,182.77,222.85
387,12.900000,2169,0,person,0.285068,330.76,0.39,353.41,41.34
388,12.933333,1996,0,person,0.783241,232.84,39.10,270.82,156.47
388,12.933333,2002,0,person,0.648892,610.94,154.16,640.00,264.40
388,12.933333,2111,2,helmet,0.770142,242.67,39.53,262.90,53.44
388,12.933333,2004,36,trash can,0.479859,212.82,146.68,234.75,177.96
388,12.933333,2165,46,box,0.413072,136.03,220.89,233.40,323.04
388,12.933333,2189,2,helmet,0.743603,197.18,69.93,212.04,85.07
388,12.933333,2256,74,bucket,0.504172,212.74,146.33,234.92,177.96
388,12.933333,2179,74,bucket,0.507948,582.08,241.56,608.93,278.05
388,12.933333,2006,0,person,0.426198,106.26,147.84,182.59,222.44
389,12.966667,1996,0,person,0.775786,232.81,38.99,270.78,156.35
389,12.966667,2002,0,person,0.641703,611.35,154.16,640.00,264.16
389,12.966667,2111,2,helmet,0.763490,242.71,39.37,262.91,53.24
389,12.966667,2004,74,bucket,0.472506,212.56,145.49,235.11,177.73
389,12.966667,2165,46,box,0.340449,135.83,220.98,233.33,323.23
389,12.966667,2189,2,helmet,0.727917,197.17,69.94,212.16,85.09
389,12.966667,2256,36,trash can,0.510929,212.66,145.78,235.03,177.67
389,12.966667,2179,74,bucket,0.566024,582.15,241.45,608.98,277.89
389,12.966667,2006,0,person,0.580435,105.67,145.96,183.23,222.65
390,13.000000,1996,0,person,0.766315,232.24,38.76,270.33,156.34
390,13.000000,2002,0,person,0.654935,610.93,154.09,640.00,264.21
390,13.000000,2111,2,helmet,0.773458,242.19,39.09,262.50,53.00
390,13.000000,2004,36,trash can,0.556038,212.25,145.31,234.78,177.48
390,13.000000,2165,46,box,0.301887,135.24,220.80,232.83,323.08
390,13.000000,2189,2,helmet,0.702139,196.82,69.95,211.99,85.20
390,13.000000,2256,74,bucket,0.524796,212.14,145.12,234.85,177.48
390,13.000000,2179,74,bucket,0.529609,581.95,241.40,608.79,277.82
390,13.000000,2006,0,person,0.605708,105.60,144.83,185.28,224.16
390,13.000000,2257,0,person,0.278643,341.51,0.53,373.09,42.65
390,13.000000,2169,0,person,0.250976,330.97,0.36,353.62,41.20
391,13.033333,1996,0,person,0.791476,232.20,38.52,270.26,156.10
391,13.033333,2002,0,person,0.678005,610.58,154.26,640.00,264.43
391,13.033333,2111,2,helmet,0.777036,241.84,38.83,262.26,52.80
391,13.033333,2004,74,bucket,0.503113,212.49,146.77,234.03,177.29
391,13.033333,2165,46,box,0.395827,134.93,220.56,232.58,322.94
391,13.033333,2189,2,helmet,0.789403,196.45,70.21,211.74,85.41
391,13.033333,2256,36,trash can,0.491288,212.02,145.56,234.39,177.36
391,13.033333,2179,74,bucket,0.574042,581.65,241.35,608.55,277.82
391,13.033333,2006,0,person,0.525417,104.98,144.18,185.39,224.88
391,13.033333,2257,0,person,0.301372,341.27,0.46,372.90,42.64
392,13.066667,1996,0,person,0.779875,232.11,38.76,270.20,156.43
392,13.066667,2002,0,person,0.672738,610.54,154.76,639.98,264.54
392,13.066667,2111,2,helmet,0.777130,241.79,39.08,262.16,52.99
392,13.066667,2004,36,trash can,0.492525,212.30,147.22,233.93,177.70
392,13.066667,2189,2,helmet,0.701832,196.41,70.71,211.78,85.87
392,13.066667,2256,74,bucket,0.557873,212.18,146.76,234.05,177.70
392,13.066667,2179,74,bucket,0.518317,581.57,241.69,608.45,278.14
392,13.066667,2006,0,person,0.635016,107.16,143.97,189.00,225.78
392,13.066667,2257,0,person,0.358651,341.25,0.37,373.13,42.93
393,13.100000,1996,0,person,0.769701,232.09,38.91,270.20,156.60
393,13.100000,2002,0,person,0.670702,610.51,154.86,640.00,264.84
393,13.100000,2111,2,helmet,0.774900,241.77,39.24,262.02,53.06
393,13.100000,2004,36,trash can,0.503862,212.19,147.59,233.84,177.96
393,13.100000,2189,2,helmet,0.644360,196.26,70.91,211.91,86.26
393,13.100000,2256,74,bucket,0.545935,212.04,147.13,233.91,177.96
393,13.100000,2179,74,bucket,0.533135,581.58,242.02,608.42,278.42
393,13.100000,2006,0,person,0.753718,107.56,142.73,190.69,225.60
393,13.100000,2257,0,person,0.299523,341.33,0.36,373.41,43.26
393,13.100000,2265,36,trash can,0.378693,581.70,242.12,608.49,278.42
393,13.100000,2165,46,box,0.259631,134.94,220.89,232.52,323.18
394,13.133333,1996,0,person,0.801684,232.21,38.85,270.25,156.53
394,13.133333,2002,0,person,0.666713,610.37,155.06,639.84,264.77
394,13.133333,2111,2,helmet,0.766909,241.73,39.19,262.11,53.07
394,13.133333,2004,36,trash can,0.488405,212.07,147.34,233.82,177.76
394,13.133333,2189,2,helmet,0.625298,196.15,71.05,211.73,86.26
394,13.133333,2256,74,bucket,0.545877,211.87,146.84,233.88,177.78
394,13.133333,2179,36,trash can,0.298932,581.39,241.89,608.27,278.36
394,13.133333,2006,0,person,0.784661,108.33,142.44,190.61,223.93
394,13.133333,2257,0,person,0.324863,341.45,0.24,373.62,43.36
394,13.133333,2265,74,bucket,0.526953,581.56,241.95,608.35,278.25
394,13.133333,2268,54,scissor lift,0.303921,471.49,0.47,571.56,89.76
395,13.166667,1996,0,person,0.784296,231.91,38.66,269.91,156.30
395,13.166667,2002,0,person,0.670267,610.47,155.26,639.87,264.62
395,13.166667,2111,2,helmet,0.775036,241.30,38.98,261.72,52.88
395,13.166667,2004,36,trash can,0.567381,211.59,146.81,233.60,177.57
395,13.166667,2189,2,helmet,0.726296,195.67,70.91,211.33,86.14
395,13.166667,2256,74,bucket,0.543465,211.34,146.20,233.73,177.65
395,13.166667,2006,0,person,0.665616,109.79,139.18,194.71,222.92
395,13.166667,2257,0,person,0.317092,341.04,0.29,373.49,43.70
395,13.166667,2268,37,shelf,0.286547,471.38,0.21,572.11,90.10
396,13.200000,1996,0,person,0.793093,231.59,38.55,269.58,156.21
396,13.200000,2002,0,person,0.677858,610.62,155.51,639.98,264.76
396,13.200000,2111,2,helmet,0.778297,240.96,38.87,261.40,52.78
396,13.200000,2004,36,trash can,0.554417,211.30,146.74,233.33,177.50
396,13.200000,2189,2,helmet,0.582036,194.74,70.49,211.17,86.58
396,13.200000,2256,74,bucket,0.543747,211.00,146.04,233.50,177.60
396,13.200000,2006,0,person,0.732919,111.00,133.42,200.38,222.21
396,13.200000,2257,0,person,0.325233,340.79,0.32,373.57,43.99
396,13.200000,2268,37,shelf,0.276758,471.19,0.17,572.13,90.26
396,13.200000,2270,0,person,0.459198,517.98,0.30,557.80,33.70
396,13.200000,2271,2,helmet,0.427290,120.46,130.48,141.15,147.00
396,13.200000,2179,74,bucket,0.557499,581.19,241.92,607.95,278.21
397,13.233333,1996,0,person,0.793545,231.48,38.51,269.46,156.18
397,13.233333,2002,0,person,0.680803,610.68,155.62,640.00,264.81
397,13.233333,2111,2,helmet,0.777763,240.84,38.82,261.28,52.74
397,13.233333,2004,36,trash can,0.549618,211.17,146.69,233.25,177.47
397,13.233333,2189,2,helmet,0.579367,194.42,70.33,211.08,86.74
397,13.233333,2256,74,bucket,0.541266,210.87,145.98,233.43,177.59
397,13.233333,2006,0,person,0.719535,111.54,131.09,202.45,222.01
397,13.233333,2257,0,person,0.425339,340.84,0.21,373.66,43.90
397,13.233333,2268,37,shelf,0.267980,471.10,0.11,572.13,90.28
397,13.233333,2270,0,person,0.403032,518.08,0.31,558.00,33.77
397,13.233333,2271,2,helmet,0.417548,120.56,130.16,141.55,146.93
397,13.233333,2179,74,bucket,0.557075,581.15,241.92,607.89,278.17
398,13.266667,1996,0,person,0.795749,231.66,38.53,269.62,156.26
398,13.266667,2002,0,person,0.674432,610.76,154.93,640.00,265.07
398,13.266667,2111,2,helmet,0.759442,240.84,38.85,261.36,52.84
398,13.266667,2004,36,trash can,0.554274,211.18,146.78,233.31,177.57
398,13.266667,2189,2,helmet,0.526226,194.28,70.66,210.61,86.89
398,13.266667,2256,74,bucket,0.515978,210.94,146.23,233.42,177.67
398,13.266667,2006,0,person,0.653217,116.95,133.16,204.69,221.68
398,13.266667,2257,0,person,0.378964,340.42,0.28,373.47,44.23
398,13.266667,2268,37,shelf,0.290494,471.01,0.21,572.03,90.40
398,13.266667,2270,0,person,0.498916,517.98,0.30,557.96,33.78
398,13.266667,2179,74,bucket,0.552936,581.14,242.11,607.87,278.34
399,13.300000,1996,0,person,0.789946,231.44,38.71,269.43,156.52
399,13.300000,2002,0,person,0.647999,610.76,155.08,640.00,265.33
399,13.300000,2111,2,helmet,0.751417,240.91,39.04,261.26,52.90
399,13.300000,2004,36,trash can,0.562233,211.31,147.32,233.25,177.71
399,13.300000,2189,2,helmet,0.294444,194.33,71.16,210.26,87.15
399,13.300000,2006,0,person,0.822588,118.58,128.35,208.97,221.39
399,13.300000,2268,54,scissor lift,0.328570,470.91,0.34,571.81,90.47
399,13.300000,2270,0,person,0.518598,517.63,0.21,558.25,34.15
399,13.300000,2179,74,bucket,0.551444,580.94,242.17,607.69,278.40
400,13.333333,1996,0,person,0.802623,231.08,38.79,269.07,156.42
400,13.333333,2002,0,person,0.674616,609.79,154.28,639.54,264.83
400,13.333333,2111,2,helmet,0.749486,240.84,39.11,261.03,52.83
400,13.333333,2004,36,trash can,0.537105,211.19,147.25,233.26,177.76
400,13.333333,2189,2,helmet,0.347912,193.58,71.04,210.07,87.88
400,13.333333,2006,0,person,0.820366,119.80,126.60,209.81,220.92
400,13.333333,2268,37,shelf,0.353362,470.62,0.44,571.54,90.59
400,13.333333,2179,74,bucket,0.473581,580.47,242.06,607.32,278.42
400,13.333333,2277,2,helmet,0.508853,128.11,127.19,146.36,141.17
400,13.333333,2278,54,scissor lift,0.333186,470.93,0.45,571.05,90.40
400,13.333333,2165,37,shelf,0.255418,133.75,220.48,231.77,323.23
401,13.366667,1996,0,person,0.800467,231.05,38.81,269.10,156.53
401,13.366667,2002,0,person,0.675341,609.60,154.07,639.49,264.70
401,13.366667,2111,2,helmet,0.756151,240.81,39.14,260.96,52.81
401,13.366667,2004,36,trash can,0.491371,211.12,147.10,233.38,177.83
401,13.366667,2006,0,person,0.818443,121.37,124.75,211.26,220.93
401,13.366667,2268,37,shelf,0.323463,470.55,0.45,571.49,90.60
401,13.366667,2179,74,bucket,0.435487,580.47,242.02,607.40,278.54
401,13.366667,2277,2,helmet,0.628418,129.86,125.74,149.45,140.77
401,13.366667,2278,54,scissor lift,0.331338,470.94,0.43,570.93,90.26
401,13.366667,2257,0,person,0.327736,340.36,0.48,372.71,43.62
402,13.400000,1996,0,person,0.791435,231.02,39.16,269.17,156.89
402,13.400000,2002,0,person,0.669701,609.64,154.26,639.59,264.85
402,13.400000,2111,2,helmet,0.777236,241.04,39.51,261.04,53.01
402,13.400000,2004,36,trash can,0.374617,211.52,147.66,233.53,177.93
402,13.400000,2006,0,person,0.813422,122.53,124.32,211.44,221.24
402,13.400000,2268,37,shelf,0.319350,470.53,0.44,571.61,90.73
402,13.400000,2179,74,bucket,0.452624,580.66,242.19,607.60,278.76
402,13.400000,2277,2,helmet,0.600263,130.77,125.56,150.45,140.68
402,13.400000,2278,54,scissor lift,0.378849,470.93,0.38,571.20,90.45
402,13.400000,2165,37,shelf,0.251591,134.01,220.81,232.18,323.72
403,13.433333,1996,0,person,0.787672,231.01,39.44,269.23,157.19
403,13.433333,2002,0,person,0.671782,609.44,154.28,639.52,264.96
403,13.433333,2111,2,helmet,0.778147,241.20,39.81,261.12,53.18
403,13.433333,2004,36,trash can,0.302641,211.64,147.92,233.65,178.08
403,13.433333,2006,0,person,0.802617,123.77,123.43,211.91,221.48
403,13.433333,2268,37,shelf,0.317271,470.44,0.46,571.76,90.99
403,13.433333,2179,74,bucket,0.437963,580.56,242.26,607.50,278.86
403,13.433333,2277,2,helmet,0.615488,133.07,124.35,153.18,139.83
403,13.433333,2278,54,scissor lift,0.378066,470.87,0.38,571.47,90.75
404,13.466667,1996,0,person,0.795306,230.58,39.38,268.86,156.94
404,13.466667,2002,0,person,0.680807,609.28,154.36,639.46,264.94
404,13.466667,2111,2,helmet,0.753004,241.11,39.78,261.16,53.21
404,13.466667,2004,74,bucket,0.362905,212.42,150.55,232.71,177.98
404,13.466667,2006,0,person,0.764005,120.54,121.54,209.36,221.31
404,13.466667,2268,37,shelf,0.313141,470.42,0.48,571.64,90.92
404,13.466667,2179,74,bucket,0.504228,580.35,242.29,607.26,278.88
404,13.466667,2277,2,helmet,0.490270,135.03,122.26,155.48,138.02
404,13.466667,2278,54,scissor lift,0.396683,470.78,0.37,571.21,90.58
404,13.466667,2257,0,person,0.258755,340.80,0.67,372.68,43.15
405,13.500000,1996,0,person,0.794090,230.51,39.36,268.85,156.83
405,13.500000,2002,0,person,0.664939,609.40,154.47,639.57,264.73
405,13.500000,2111,2,helmet,0.752322,241.07,39.76,261.18,53.22
405,13.500000,2004,36,trash can,0.343949,211.66,148.86,233.21,177.97
405,13.500000,2006,0,person,0.713284,122.78,119.80,211.56,221.80
405,13.500000,2268,37,shelf,0.341442,470.35,0.49,571.50,90.88
405,13.500000,2179,74,bucket,0.487493,580.26,242.27,607.19,278.90
405,13.500000,2277,2,helmet,0.414134,137.21,120.33,158.43,136.71
405,13.500000,2278,54,scissor lift,0.461804,470.67,0.43,570.92,90.46
406,13.533333,1996,0,person,0.801800,230.54,39.38,268.94,156.79
406,13.533333,2002,0,person,0.682275,609.26,154.39,639.65,265.25
406,13.533333,2111,2,helmet,0.761258,241.16,39.77,261.27,53.20
406,13.533333,2004,36,trash can,0.357666,212.15,150.29,232.90,178.06
406,13.533333,2006,0,person,0.620556,125.77,119.22,212.74,221.60
406,13.533333,2268,37,shelf,0.346124,470.34,0.49,571.45,90.85
406,13.533333,2179,74,bucket,0.444008,580.43,242.28,607.35,278.93
406,13.533333,2277,2,helmet,0.404521,139.15,119.51,159.61,135.31
406,13.533333,2278,54,scissor lift,0.395975,470.69,0.44,570.88,90.40
406,13.533333,2285,74,bucket,0.335407,211.49,151.12,233.61,178.01
407,13.566667,1996,0,person,0.803527,230.56,39.38,269.07,156.76
407,13.566667,2002,0,person,0.683553,609.23,154.31,639.66,265.07
407,13.566667,2111,2,helmet,0.776549,241.23,39.74,261.42,53.20
407,13.566667,2004,74,bucket,0.360094,212.59,151.41,232.76,178.15
407,13.566667,2006,0,person,0.552544,127.52,117.07,214.16,221.81
407,13.566667,2268,37,shelf,0.346345,470.41,0.48,571.53,90.86
407,13.566667,2179,74,bucket,0.444691,580.51,242.26,607.41,278.92
407,13.566667,2277,2,helmet,0.522427,140.80,117.51,162.55,134.48
407,13.566667,2278,54,scissor lift,0.447890,470.72,0.45,570.89,90.38
407,13.566667,2285,36,trash can,0.324528,211.56,151.33,233.64,178.18
407,13.566667,2257,0,person,0.298051,340.74,0.50,372.82,43.48
408,13.600000,1996,0,person,0.800609,230.68,39.40,269.26,156.93
408,13.600000,2002,0,person,0.683349,609.23,154.38,639.70,265.07
408,13.600000,2111,2,helmet,0.772099,241.36,39.75,261.51,53.17
408,13.600000,2004,74,bucket,0.336493,212.73,151.93,232.71,178.15
408,13.600000,2006,0,person,0.736561,128.32,114.91,214.72,222.18
408,13.600000,2268,37,shelf,0.334131,470.34,0.44,571.69,91.08
408,13.600000,2179,74,bucket,0.427934,580.60,242.41,607.38,278.92
408,13.600000,2277,2,helmet,0.526925,142.28,115.67,165.07,133.69
408,13.600000,2278,54,scissor lift,0.443855,470.49,0.47,570.82,90.58
408,13.600000,2285,36,trash can,0.291581,211.64,151.56,233.56,178.21
408,13.600000,2257,0,person,0.443798,341.17,0.53,372.97,43.15
409,13.633333,1996,0,person,0.800780,230.68,39.36,269.32,156.99
409,13.633333,2002,0,person,0.685486,609.26,154.41,639.76,265.03
409,13.633333,2111,2,helmet,0.776536,241.26,39.72,261.66,53.30
409,13.633333,2004,74,bucket,0.341966,212.72,152.09,232.75,178.15
409,13.633333,2006,0,person,0.742923,129.05,114.06,214.17,222.35
409,13.633333,2268,37,shelf,0.307526,470.37,0.43,571.78,91.16
409,13.633333,2179,74,bucket,0.434338,580.63,242.46,607.37,278.91
409,13.633333,2277,2,helmet,0.500279,143.15,114.96,165.65,132.93
409,13.633333,2278,54,scissor lift,0.434499,470.52,0.50,570.88,90.65
409,13.633333,2285,36,trash can,0.286439,211.65,151.61,233.54,178.21
409,13.633333,2257,0,person,0.377361,341.09,0.63,372.88,43.38
409,13.633333,2289,76,gloves,0.321113,155.34,183.96,165.20,199.77
410,13.666667,1996,0,person,0.791214,230.93,39.40,269.58,157.18
410,13.666667,2002,0,person,0.683613,609.26,154.42,639.79,265.04
410,13.666667,2111,2,helmet,0.773700,241.30,39.79,261.67,53.35
410,13.666667,2004,36,trash can,0.330458,212.49,151.82,232.90,178.20
410,13.666667,2006,0,person,0.818232,130.88,112.50,214.98,222.59
410,13.666667,2268,37,shelf,0.271391,470.44,0.47,571.78,91.15
410,13.666667,2179,74,bucket,0.454197,580.66,242.48,607.36,278.90
410,13.666667,2277,2,helmet,0.567521,144.41,113.25,167.08,131.57
410,13.666667,2278,54,scissor lift,0.374557,470.64,0.52,570.99,90.64
410,13.666667,2285,74,bucket,0.409029,211.71,151.60,233.58,178.19
410,13.666667,2257,0,person,0.304584,340.89,0.53,372.75,43.54
410,13.666667,2289,76,gloves,0.314357,156.24,183.89,164.94,197.82
411,13.700000,1996,0,person,0.791484,230.98,39.45,269.57,157.10
411,13.700000,2002,0,person,0.693278,608.99,154.39,639.66,265.15
411,13.700000,2111,2,helmet,0.774468,241.32,39.81,261.67,53.36
411,13.700000,2004,36,trash can,0.431894,212.21,151.45,233.01,178.22
411,13.700000,2006,0,person,0.794546,132.72,111.52,215.54,223.27
411,13.700000,2179,74,bucket,0.441748,580.60,242.50,607.37,279.04
411,13.700000,2277,2,helmet,0.556058,146.22,112.17,167.87,129.90
411,13.700000,2285,74,bucket,0.508145,211.62,151.53,233.54,178.17
411,13.700000,2257,0,person,0.377692,341.05,0.53,372.85,43.55
412,13.733333,1996,0,person,0.788280,230.88,39.59,269.48,157.23
412,13.733333,2002,0,person,0.695647,608.90,154.51,639.64,265.22
412,13.733333,2111,2,helmet,0.771633,241.30,39.99,261.67,53.55
412,13.733333,2006,0,person,0.795440,134.44,111.23,215.26,223.52
412,13.733333,2179,74,bucket,0.485515,580.54,242.57,607.28,279.07
412,13.733333,2277,2,helmet,0.548045,146.75,111.84,168.25,129.72
412,13.733333,2268,54,scissor lift,0.352631,470.25,0.43,571.79,91.30
413,13.766667,1996,0,person,0.800498,230.55,39.63,269.25,157.42
413,13.766667,2002,0,person,0.676017,609.18,154.68,639.85,265.13
413,13.766667,2111,2,helmet,0.770984,241.30,40.07,261.67,53.61
413,13.766667,2006,0,person,0.810715,136.15,110.63,215.21,223.85
413,13.766667,2179,74,bucket,0.462131,580.53,242.60,607.23,279.05
413,13.766667,2277,2,helmet,0.458503,148.52,111.26,167.77,127.29
413,13.766667,2004,74,bucket,0.540890,212.12,151.75,232.95,178.35
414,13.800000,1996,0,person,0.800946,230.59,39.72,269.26,157.35
414,13.800000,2002,0,person,0.689713,608.93,154.94,639.62,265.06
414,13.800000,2111,2,helmet,0.774357,241.44,40.17,261.65,53.57
414,13.800000,2006,0,person,0.803527,137.15,109.85,214.77,224.31
414,13.800000,2179,74,bucket,0.486504,580.34,242.63,607.03,279.04
414,13.800000,2277,2,helmet,0.452785,149.12,110.43,167.97,126.18
414,13.800000,2291,36,trash can,0.444192,211.50,151.38,233.61,178.44
414,13.800000,2004,74,bucket,0.535082,212.02,151.76,233.02,178.41
414,13.800000,2268,54,scissor lift,0.352629,470.27,0.45,572.05,91.53
415,13.833333,1996,0,person,0.790642,230.92,39.80,269.51,157.31
415,13.833333,2002,0,person,0.682500,608.89,154.97,639.68,265.23
415,13.833333,2111,2,helmet,0.775948,241.49,40.26,261.84,53.70
415,13.833333,2006,0,person,0.799855,138.27,109.59,214.11,224.48
415,13.833333,2179,74,bucket,0.455929,580.39,242.69,607.10,279.15
415,13.833333,2277,2,helmet,0.444705,149.43,110.14,168.21,125.91
415,13.833333,2291,36,trash can,0.441118,211.50,151.39,233.61,178.44
415,13.833333,2004,74,bucket,0.538679,211.95,151.77,233.08,178.42
415,13.833333,2268,54,scissor lift,0.346887,470.29,0.43,572.15,91.58
416,13.866667,1996,0,person,0.776110,231.10,39.91,269.64,157.39
416,13.866667,2002,0,person,0.686180,609.11,155.12,639.98,265.80
416,13.866667,2111,2,helmet,0.766497,241.61,40.43,261.79,53.70
416,13.866667,2006,0,person,0.809116,139.26,109.20,213.33,224.30
416,13.866667,2179,74,bucket,0.480686,580.24,242.78,607.10,279.45
416,13.866667,2277,2,helmet,0.501819,149.25,109.77,168.55,126.13
416,13.866667,2291,36,trash can,0.507217,211.16,150.70,233.88,178.53
416,13.866667,2004,74,bucket,0.486359,211.69,151.27,233.32,178.52
416,13.866667,2268,54,scissor lift,0.368733,470.33,0.46,572.31,91.72
417,13.900000,1996,0,person,0.757677,230.91,40.29,269.46,157.57
417,13.900000,2002,0,person,0.661347,609.44,155.21,640.00,266.03
417,13.900000,2111,2,helmet,0.734126,241.84,40.70,262.11,53.98
417,13.900000,2006,0,person,0.675122,139.92,109.15,211.66,222.84
417,13.900000,2179,74,bucket,0.419738,580.35,242.80,607.28,279.56
417,13.900000,2277,2,helmet,0.455406,149.52,109.66,168.24,125.57
417,13.900000,2291,74,bucket,0.496275,210.97,149.97,234.40,178.73
417,13.900000,2004,36,trash can,0.431197,211.46,150.40,233.88,178.75
417,13.900000,2268,54,scissor lift,0.257893,470.54,0.53,572.58,91.81
417,13.900000,2169,0,person,0.347662,333.43,0.68,355.09,40.55
418,13.933333,1996,0,person,0.792841,231.23,40.54,269.80,157.87
418,13.933333,2002,0,person,0.674221,609.28,155.29,640.00,266.18
418,13.933333,2111,2,helmet,0.752221,241.98,40.90,262.75,54.52
418,13.933333,2006,0,person,0.680928,140.35,109.04,210.66,222.31
418,13.933333,2179,74,bucket,0.406487,580.63,242.95,607.63,279.81
418,13.933333,2277,2,helmet,0.517409,149.58,109.63,168.23,125.51
418,13.933333,2291,74,bucket,0.502742,211.25,150.01,234.84,179.04
418,13.933333,2004,36,trash can,0.499908,211.75,150.52,234.26,179.05
418,13.933333,2268,54,scissor lift,0.315150,470.59,0.53,572.91,92.07
418,13.933333,2169,0,person,0.349543,334.25,0.66,355.24,40.14
419,13.966667,1996,0,person,0.795810,231.47,40.64,270.11,158.00
419,13.966667,2002,0,person,0.674837,609.15,155.14,640.00,266.24
419,13.966667,2111,2,helmet,0.752151,242.27,40.96,263.21,54.71
419,13.966667,2006,0,person,0.770355,140.63,108.90,209.59,221.41
419,13.966667,2179,74,bucket,0.519237,580.76,243.02,607.76,279.88
419,13.966667,2277,2,helmet,0.490594,149.26,109.49,168.04,125.52
419,13.966667,2291,74,bucket,0.478071,211.36,149.96,234.99,179.15
419,13.966667,2004,36,trash can,0.508296,211.82,150.40,234.46,179.17
419,13.966667,2169,0,person,0.498676,334.73,0.53,355.53,40.04
420,14.000000,1996,0,person,0.793969,231.53,40.69,270.18,157.95
420,14.000000,2002,0,person,0.672821,609.26,155.08,640.00,266.29
420,14.000000,2111,2,helmet,0.748176,242.39,40.98,263.37,54.78
420,14.000000,2006,0,person,0.789759,141.08,108.82,208.88,220.84
420,14.000000,2179,74,bucket,0.518060,580.97,243.05,607.96,279.90
420,14.000000,2277,2,helmet,0.484443,148.60,109.45,167.26,125.43
420,14.000000,2291,74,bucket,0.501451,211.58,150.03,235.14,179.23
420,14.000000,2004,36,trash can,0.485785,212.02,150.48,234.60,179.22
420,14.000000,2169,0,person,0.492614,334.95,0.51,355.51,39.88
421,14.033333,1996,0,person,0.785839,231.71,40.72,270.39,157.93
421,14.033333,2002,0,person,0.658593,609.45,155.07,640.00,266.30
421,14.033333,2111,2,helmet,0.753013,242.57,40.99,263.50,54.79
421,14.033333,2006,0,person,0.808752,142.10,108.81,208.88,220.58
421,14.033333,2179,74,bucket,0.515254,581.06,243.07,608.04,279.91
421,14.033333,2277,2,helmet,0.507402,148.52,109.48,167.19,125.49
421,14.033333,2291,74,bucket,0.517479,211.71,149.59,235.49,179.20
421,14.033333,2004,36,trash can,0.498122,212.13,150.14,234.91,179.23
421,14.033333,2169,0,person,0.458040,335.25,0.49,355.61,39.69
422,14.066667,1996,0,person,0.776662,231.70,40.84,270.46,158.13
422,14.066667,2002,0,person,0.661875,609.47,155.03,640.00,266.26
422,14.066667,2111,2,helmet,0.758324,242.67,41.11,263.60,54.95
422,14.066667,2006,0,person,0.791179,140.83,108.52,207.28,220.35
422,14.066667,2179,74,bucket,0.521439,581.16,243.28,607.98,279.90
422,14.066667,2277,2,helmet,0.504848,146.60,109.06,166.13,125.83
422,14.066667,2291,74,bucket,0.545850,211.78,149.63,235.62,179.44
422,14.066667,2004,36,trash can,0.488556,212.17,150.19,235.03,179.47
422,14.066667,2169,0,person,0.500232,335.26,0.46,355.75,40.14
422,14.066667,2268,54,scissor lift,0.294752,471.27,0.45,573.73,92.16
423,14.100000,1996,0,person,0.771957,231.57,41.05,270.42,158.26
423,14.100000,2002,0,person,0.677342,609.56,155.37,640.00,266.24
423,14.100000,2111,2,helmet,0.747744,242.72,41.31,263.55,55.11
423,14.100000,2006,0,person,0.774025,139.71,108.54,206.07,220.62
423,14.100000,2179,74,bucket,0.277063,581.19,243.11,608.18,280.00
423,14.100000,2277,2,helmet,0.439078,145.12,108.88,164.90,125.89
423,14.100000,2291,74,bucket,0.539883,211.78,149.69,235.71,179.77
423,14.100000,2004,36,trash can,0.530596,212.14,150.18,235.15,179.77
423,14.100000,2169,0,person,0.433393,335.35,0.33,355.69,39.86
423,14.100000,2268,54,scissor lift,0.254047,471.20,0.48,573.78,92.33
424,14.133333,1996,0,person,0.742444,231.77,41.31,270.64,158.49
424,14.133333,2002,0,person,0.689207,609.53,155.59,640.00,266.30
424,14.133333,2111,2,helmet,0.742219,242.84,41.64,263.58,55.41
424,14.133333,2006,0,person,0.785155,139.37,108.68,205.62,220.99
424,14.133333,2277,2,helmet,0.479234,144.54,108.92,164.33,125.94
424,14.133333,2291,74,bucket,0.508561,211.67,149.67,235.78,180.18
424,14.133333,2004,36,trash can,0.563281,212.05,150.16,235.22,180.11
424,14.133333,2169,0,person,0.336140,335.37,0.36,355.54,39.81
425,14.166667,1996,0,person,0.742209,231.84,41.41,270.69,158.42
425,14.166667,2002,0,person,0.679636,609.64,155.57,640.00,266.04
425,14.166667,2111,2,helmet,0.740640,242.90,41.76,263.58,55.51
425,14.166667,2006,0,person,0.693972,138.96,108.88,204.88,220.62
425,14.166667,2277,2,helmet,0.504539,143.11,108.94,162.23,125.43
425,14.166667,2291,74,bucket,0.518543,211.80,149.70,235.70,180.10
425,14.166667,2004,36,trash can,0.577732,212.14,150.18,235.17,180.04
426,14.200000,1996,0,person,0.771384,231.59,41.22,270.56,158.38
426,14.200000,2002,0,person,0.687383,609.60,155.61,640.00,266.30
426,14.200000,2111,2,helmet,0.739607,242.81,41.55,263.51,55.34
426,14.200000,2006,0,person,0.809008,137.57,109.02,203.58,220.57
426,14.200000,2277,2,helmet,0.418556,141.54,109.07,159.97,124.91
426,14.200000,2291,74,bucket,0.503924,211.74,149.77,235.43,180.03
426,14.200000,2004,36,trash can,0.570579,212.09,150.33,234.90,179.98
426,14.200000,2179,36,trash can,0.286643,580.90,243.07,607.98,280.08
426,14.200000,2169,0,person,0.510593,334.48,0.41,354.89,40.17
427,14.233333,1996,0,person,0.769449,231.26,41.16,270.31,158.36
427,14.233333,2002,0,person,0.694392,609.47,155.59,640.00,266.55
427,14.233333,2111,2,helmet,0.726278,242.63,41.45,263.39,55.29
427,14.233333,2006,0,person,0.797675,136.85,108.96,203.03,220.51
427,14.233333,2277,2,helmet,0.375807,140.43,109.08,158.81,124.88
427,14.233333,2291,74,bucket,0.484181,211.81,149.95,235.25,180.04
427,14.233333,2004,36,trash can,0.555716,212.08,150.37,234.77,179.94
427,14.233333,2169,0,person,0.519973,333.94,0.40,354.66,40.68
428,14.266667,1996,0,person,0.765316,231.21,41.14,270.29,158.32
428,14.266667,2002,0,person,0.697820,609.68,155.94,640.00,266.74
428,14.266667,2111,2,helmet,0.728842,242.50,41.41,263.28,55.29
428,14.266667,2006,0,person,0.805448,134.66,108.95,201.45,220.48
428,14.266667,2277,2,helmet,0.353746,138.55,109.18,156.94,124.93
428,14.266667,2291,74,bucket,0.459571,211.63,149.97,235.02,180.11
428,14.266667,2004,36,trash can,0.569500,211.90,150.14,234.70,179.96
428,14.266667,2169,0,person,0.589114,332.85,0.33,354.20,41.64
428,14.266667,2179,36,trash can,0.320231,580.61,243.31,607.49,279.96
429,14.300000,1996,0,person,0.765309,230.70,41.13,269.98,158.57
429,14.300000,2002,0,person,0.696879,609.93,156.11,640.00,266.56
429,14.300000,2111,2,helmet,0.730316,242.33,41.41,263.32,55.50
429,14.300000,2006,0,person,0.789118,133.57,109.31,200.39,220.05
429,14.300000,2277,2,helmet,0.320490,136.48,109.52,155.10,125.43
429,14.300000,2291,74,bucket,0.464617,211.53,150.19,234.62,180.01
429,14.300000,2004,36,trash can,0.589253,211.70,150.11,234.48,179.98
429,14.300000,2169,0,person,0.464252,331.73,0.31,353.50,41.85
429,14.300000,2179,74,bucket,0.432464,580.39,243.64,607.06,279.89
429,14.300000,2268,37,shelf,0.282006,471.07,2.70,571.48,92.52
430,14.333333,1996,0,person,0.784070,230.61,41.13,269.88,158.49
430,14.333333,2002,0,person,0.701414,609.95,156.31,640.00,266.46
430,14.333333,2111,2,helmet,0.734024,241.96,41.40,263.09,55.60
430,14.333333,2006,0,person,0.797035,133.29,109.34,199.93,219.23
430,14.333333,2277,2,helmet,0.340658,135.40,109.54,153.95,125.41
430,14.333333,2004,36,trash can,0.582673,211.13,149.63,234.17,179.96
430,14.333333,2169,0,person,0.281213,328.98,0.29,351.78,42.31
430,14.333333,2179,74,bucket,0.413668,579.98,243.73,606.61,279.86
431,14.366667,1996,0,person,0.792787,230.33,40.99,269.71,158.43
431,14.366667,2002,0,person,0.696020,609.83,156.43,640.00,266.39
431,14.366667,2111,2,helmet,0.723242,241.87,41.29,262.55,55.18
431,14.366667,2006,0,person,0.795863,131.93,109.63,198.15,217.81
431,14.366667,2004,36,trash can,0.574178,210.98,149.56,234.00,179.93
431,14.366667,2169,0,person,0.386787,330.57,0.24,353.22,42.10
431,14.366667,2179,74,bucket,0.277447,579.70,243.43,606.58,279.90
431,14.366667,2268,37,shelf,0.261686,471.95,6.10,569.49,92.64
432,14.400000,1996,0,person,0.777707,230.44,40.93,269.81,158.26
432,14.400000,2002,0,person,0.697249,610.01,156.29,640.00,266.37
432,14.400000,2111,2,helmet,0.725971,241.85,41.20,262.62,55.19
432,14.400000,2006,0,person,0.791923,130.32,110.48,195.05,213.93
432,14.400000,2004,36,trash can,0.569528,211.17,149.84,233.93,179.91
432,14.400000,2169,0,person,0.414313,331.25,0.21,353.77,41.97
432,14.400000,2179,74,bucket,0.453644,579.84,243.66,606.74,280.16
432,14.400000,2300,74,bucket,0.457143,211.31,149.86,233.82,179.81
432,14.400000,2268,37,shelf,0.284149,471.92,6.59,569.51,92.65
432,14.400000,2277,2,helmet,0.314497,132.57,110.58,151.48,126.96
433,14.433333,1996,0,person,0.775167,230.29,41.05,269.74,158.36
433,14.433333,2002,0,person,0.699284,610.01,156.19,640.00,266.71
433,14.433333,2111,2,helmet,0.726237,242.27,41.34,262.89,55.25
433,14.433333,2006,0,person,0.782893,129.56,110.91,194.33,212.45
433,14.433333,2004,74,bucket,0.453593,211.12,149.78,234.05,180.12
433,14.433333,2169,0,person,0.444463,331.76,0.21,354.04,41.66
433,14.433333,2300,36,trash can,0.592336,211.22,149.70,234.05,180.10
433,14.433333,2268,37,shelf,0.271774,471.23,5.69,570.18,92.74
433,14.433333,2277,2,helmet,0.359272,132.12,110.90,151.02,127.44
434,14.466667,1996,0,person,0.783058,230.18,40.92,269.66,158.15
434,14.466667,2002,0,person,0.698682,609.83,156.48,639.97,266.50
434,14.466667,2111,2,helmet,0.725493,242.16,41.26,262.49,54.93
434,14.466667,2006,0,person,0.823899,131.03,111.73,194.05,209.61
434,14.466667,2004,36,trash can,0.608243,211.10,149.76,233.77,179.78
434,14.466667,2169,0,person,0.250133,332.60,0.33,354.43,41.28
434,14.466667,2268,37,shelf,0.279807,470.36,4.12,570.97,92.67
434,14.466667,2179,36,trash can,0.379410,579.67,243.47,606.59,279.95
435,14.500000,1996,0,person,0.781168,230.47,40.90,269.95,158.19
435,14.500000,2002,0,person,0.684921,609.72,156.43,639.94,266.70
435,14.500000,2111,2,helmet,0.715060,242.29,41.23,262.54,54.79
435,14.500000,2006,0,person,0.789537,130.37,112.90,192.11,208.24
435,14.500000,2004,36,trash can,0.574323,211.31,150.15,233.65,179.66
435,14.500000,2169,0,person,0.266561,332.43,0.32,354.38,41.63
435,14.500000,2268,37,shelf,0.275195,470.61,4.74,570.71,92.66
436,14.533333,1996,0,person,0.715790,230.66,41.30,270.16,158.42
436,14.533333,2002,0,person,0.688722,610.07,156.48,640.00,266.76
436,14.533333,2111,2,helmet,0.724662,242.62,41.61,263.09,55.35
436,14.533333,2006,0,person,0.827184,131.02,113.97,192.22,208.01
436,14.533333,2004,36,trash can,0.622662,211.18,149.77,233.96,179.95
436,14.533333,2179,36,trash can,0.313633,579.92,243.68,606.98,280.37
437,14.566667,1996,0,person,0.757445,230.32,41.42,269.92,158.57
437,14.566667,2002,0,person,0.712960,609.75,156.49,639.97,266.90
437,14.566667,2111,2,helmet,0.730104,242.79,41.73,262.95,55.24
437,14.566667,2006,0,person,0.815286,130.10,115.40,190.38,207.54
437,14.566667,2004,36,trash can,0.627924,211.04,149.59,233.99,180.09
437,14.566667,2179,36,trash can,0.271828,579.69,243.67,606.72,280.26
437,14.566667,2268,37,shelf,0.250569,470.01,3.93,571.18,92.82
438,14.600000,1996,0,person,0.768432,229.90,41.22,269.63,158.52
438,14.600000,2002,0,person,0.705657,609.68,156.58,639.90,266.92
438,14.600000,2111,2,helmet,0.709630,242.40,41.55,262.80,55.24
438,14.600000,2006,0,person,0.788983,128.63,117.42,187.91,207.60
438,14.600000,2004,36,trash can,0.666521,210.91,149.68,233.65,179.92
438,14.600000,2179,74,bucket,0.432476,579.58,243.74,606.59,280.26
438,14.600000,2169,0,person,0.406537,332.53,0.36,354.33,41.77
439,14.633333,1996,0,person,0.778297,230.06,41.18,269.84,158.61
439,14.633333,2002,0,person,0.695153,609.68,156.57,639.94,266.96
439,14.633333,2111,2,helmet,0.722425,242.51,41.49,262.97,55.24
439,14.633333,2006,0,person,0.813719,128.59,118.39,187.53,207.69
439,14.633333,2004,36,trash can,0.662780,211.02,149.43,233.98,180.07
439,14.633333,2179,74,bucket,0.370947,579.81,243.72,606.81,280.20
439,14.633333,2313,2,helmet,0.449547,129.19,118.65,145.04,135.38
439,14.633333,2169,0,person,0.373968,332.80,0.39,354.41,41.76
440,14.666667,1996,0,person,0.747348,230.40,41.36,270.13,158.55
440,14.666667,2002,0,person,0.694912,609.85,156.52,640.00,266.84
440,14.666667,2111,2,helmet,0.727426,243.04,41.65,263.18,55.18
440,14.666667,2006,0,person,0.818261,129.59,120.81,187.14,207.48
440,14.666667,2004,36,trash can,0.634193,211.42,149.92,234.16,180.33
440,14.666667,2179,74,bucket,0.345835,580.03,243.75,607.08,280.31
440,14.666667,2313,2,helmet,0.357101,129.79,121.14,144.27,136.39
440,14.666667,2169,0,person,0.394788,331.92,0.34,354.25,43.01
441,14.700000,1996,0,person,0.612567,227.96,41.41,268.41,158.63
441,14.700000,2002,0,person,0.697031,609.88,156.47,640.00,266.81
441,14.700000,2111,2,helmet,0.719090,243.38,41.69,263.49,55.20
441,14.700000,2006,0,person,0.749668,130.25,123.13,186.76,207.54
441,14.700000,2004,36,trash can,0.591783,211.89,150.37,234.35,180.42
441,14.700000,2179,74,bucket,0.359249,580.26,243.78,607.42,280.50
441,14.700000,2169,0,person,0.413012,332.24,0.34,354.52,43.01
441,14.700000,2317,74,bucket,0.550445,212.27,149.58,234.31,180.44
441,14.700000,2318,36,trash can,0.362122,580.53,243.76,607.64,280.39
442,14.733333,1996,0,person,0.603580,229.51,41.58,269.92,158.73
442,14.733333,2002,0,person,0.696340,609.96,156.47,640.00,266.82
442,14.733333,2111,2,helmet,0.710892,243.65,41.91,263.46,55.18
442,14.733333,2006,0,person,0.770783,130.54,124.17,186.74,207.52
442,14.733333,2004,36,trash can,0.619299,211.73,150.06,234.52,180.61
442,14.733333,2179,74,bucket,0.295105,580.23,243.78,607.45,280.56
442,14.733333,2169,0,person,0.409872,332.21,0.34,354.59,43.21
442,14.733333,2317,74,bucket,0.514761,211.98,149.31,234.39,180.67
442,14.733333,2318,36,trash can,0.358478,580.45,243.74,607.59,280.42
443,14.766667,1996,0,person,0.725466,230.41,41.71,270.64,158.76
443,14.766667,2002,0,person,0.689938,609.97,156.46,640.00,266.81
443,14.766667,2111,2,helmet,0.711670,243.57,42.00,263.27,55.16
443,14.766667,2006,0,person,0.770064,131.38,126.78,186.14,207.25
443,14.766667,2004,36,trash can,0.626484,211.52,150.00,234.38,180.70
443,14.766667,2179,74,bucket,0.287006,580.19,243.78,607.41,280.59
443,14.766667,2169,0,person,0.438472,331.63,0.33,354.13,43.37
443,14.766667,2317,74,bucket,0.508161,211.67,149.22,234.21,180.79
443,14.766667,2318,36,trash can,0.334756,580.33,243.74,607.48,280.44
444,14.800000,1996,0,person,0.729994,230.67,41.76,270.79,158.77
444,14.800000,2002,0,person,0.687706,609.97,156.45,640.00,266.80
444,14.800000,2111,2,helmet,0.709929,243.52,42.02,263.21,55.14
444,14.800000,2006,0,person,0.748485,132.75,129.87,185.84,207.02
444,14.800000,2004,36,trash can,0.626006,211.45,149.96,234.33,180.73
444,14.800000,2179,74,bucket,0.283760,580.18,243.78,607.39,280.60
444,14.800000,2169,0,person,0.432081,331.27,0.31,354.04,43.71
444,14.800000,2317,74,bucket,0.510441,211.57,149.18,234.17,180.82
444,14.800000,2318,36,trash can,0.336728,580.30,243.74,607.45,280.44
445,14.833333,1996,0,person,0.742729,231.31,41.76,271.28,158.94
445,14.833333,2002,0,person,0.691199,610.02,156.45,640.00,266.84
445,14.833333,2111,2,helmet,0.710390,243.49,42.03,263.20,55.14
445,14.833333,2006,0,person,0.692972,133.18,131.14,185.93,207.07
445,14.833333,2004,36,trash can,0.634505,211.43,149.96,234.29,180.74
445,14.833333,2169,0,person,0.432726,331.13,0.30,354.02,43.83
445,14.833333,2317,74,bucket,0.506783,211.55,149.18,234.16,180.83
446,14.866667,1996,0,person,0.749174,231.61,41.75,271.42,159.02
446,14.866667,2002,0,person,0.693395,609.96,156.43,640.00,266.87
446,14.866667,2111,2,helmet,0.711101,243.46,42.03,263.20,55.13
446,14.866667,2006,0,person,0.332864,134.62,133.56,186.47,207.66
446,14.866667,2004,36,trash can,0.628106,211.43,149.96,234.27,180.74
446,14.866667,2169,0,person,0.435699,331.01,0.29,354.08,44.07
446,14.866667,2317,74,bucket,0.517232,211.54,149.17,234.16,180.83
446,14.866667,2268,37,shelf,0.288786,469.42,1.39,572.85,92.82
446,14.866667,2179,36,trash can,0.300257,580.39,243.72,607.57,280.51
447,14.900000,1996,0,person,0.722759,231.80,41.72,271.40,158.90
447,14.900000,2002,0,person,0.682470,609.95,156.46,640.00,266.87
447,14.900000,2111,2,helmet,0.693461,243.65,42.05,263.18,55.00
447,14.900000,2004,36,trash can,0.637113,211.53,150.07,234.17,180.57
447,14.900000,2169,0,person,0.424425,330.95,0.26,354.20,44.28
447,14.900000,2317,74,bucket,0.514149,211.64,149.22,234.07,180.61
447,14.900000,2179,36,trash can,0.345911,580.43,243.69,607.63,280.52
448,14.933333,1996,0,person,0.780561,231.38,41.74,270.87,158.66
448,14.933333,2002,0,person,0.691003,609.97,156.44,640.00,266.84
448,14.933333,2111,2,helmet,0.666713,243.66,41.99,263.31,55.02
448,14.933333,2004,36,trash can,0.624709,211.55,150.31,234.15,180.75
448,14.933333,2169,0,person,0.421966,331.03,0.24,354.28,44.24
448,14.933333,2317,74,bucket,0.506720,211.58,149.23,234.17,180.84
448,14.933333,2179,36,trash can,0.300413,580.47,243.70,607.63,280.48
448,14.933333,2320,46,box,0.320788,134.40,222.84,232.89,326.25
449,14.966667,1996,0,person,0.771211,231.93,41.92,271.32,159.05
449,14.966667,2002,0,person,0.686183,610.10,156.58,640.00,267.30
449,14.966667,2111,2,helmet,0.677823,243.85,42.20,263.55,55.27
449,14.966667,2004,36,trash can,0.614731,211.58,150.12,234.36,180.91
449,14.966667,2169,0,person,0.416969,330.66,0.27,354.15,44.54
449,14.966667,2317,74,bucket,0.536071,211.69,149.27,234.35,181.05
449,14.966667,2179,36,trash can,0.302837,580.38,243.99,607.42,280.53
449,14.966667,2006,0,person,0.352162,137.08,137.14,187.03,207.66
450,15.000000,1996,0,person,0.776182,232.19,42.10,271.41,159.19
450,15.000000,2002,0,person,0.696575,610.10,156.71,640.00,267.52
450,15.000000,2111,2,helmet,0.689266,243.87,42.42,263.59,55.51
450,15.000000,2004,36,trash can,0.604264,211.61,150.02,234.43,180.97
450,15.000000,2169,0,person,0.447394,330.26,0.42,354.17,45.33
450,15.000000,2317,74,bucket,0.553464,211.73,149.26,234.41,181.12
450,15.000000,2179,36,trash can,0.328373,580.32,244.25,607.36,280.72
450,15.000000,2324,0,person,0.363849,306.21,0.35,335.04,27.92
450,15.000000,2268,37,shelf,0.257386,469.14,1.02,572.96,93.33
450,15.000000,2320,46,box,0.281908,134.75,223.21,232.76,326.13
451,15.033333,1996,0,person,0.758610,232.50,42.11,271.61,159.31
451,15.033333,2002,0,person,0.699824,610.10,156.80,640.00,267.85
451,15.033333,2111,2,helmet,0.709249,243.80,42.39,263.78,55.66
451,15.033333,2004,36,trash can,0.583164,211.75,150.22,234.49,181.11
451,15.033333,2169,0,person,0.447973,330.02,0.48,354.09,45.63
451,15.033333,2317,74,bucket,0.540698,211.85,149.40,234.51,181.28
451,15.033333,2179,36,trash can,0.336974,580.50,244.36,607.55,280.81
451,15.033333,2324,0,person,0.375565,305.98,0.36,334.83,27.95
452,15.066667,1996,0,person,0.701330,232.70,42.29,271.62,159.35
452,15.066667,2002,0,person,0.696105,610.20,156.84,640.00,267.95
452,15.066667,2111,2,helmet,0.652591,244.00,42.51,263.86,55.69
452,15.066667,2004,36,trash can,0.577517,211.89,150.39,234.44,181.03
452,15.066667,2169,0,person,0.468552,330.36,0.27,354.39,45.25
452,15.066667,2317,74,bucket,0.534491,211.96,149.52,234.48,181.19
452,15.066667,2179,36,trash can,0.340483,580.54,244.40,607.63,280.85
452,15.066667,2324,0,person,0.591460,304.71,0.25,334.29,28.47
452,15.066667,2006,0,person,0.252861,140.02,138.07,189.93,208.03
452,15.066667,2268,54,scissor lift,0.271561,469.45,1.07,572.81,93.42
453,15.100000,1996,0,person,0.763463,232.54,42.11,271.40,159.27
453,15.100000,2002,0,person,0.681746,610.20,156.95,640.00,267.73
453,15.100000,2111,2,helmet,0.653376,244.11,42.37,264.04,55.57
453,15.100000,2004,36,trash can,0.596381,211.76,150.13,234.43,181.01
453,15.100000,2169,0,person,0.454793,330.36,0.25,354.40,45.27
453,15.100000,2317,74,bucket,0.526018,211.86,149.38,234.43,181.17
453,15.100000,2179,36,trash can,0.331737,580.40,244.26,607.63,280.85
453,15.100000,2324,0,person,0.404993,304.20,0.39,333.50,28.24
453,15.100000,2006,0,person,0.696706,138.75,137.26,190.07,208.31
454,15.133333,1996,0,person,0.733424,231.49,41.96,270.45,158.95
454,15.133333,2002,0,person,0.683159,610.22,156.87,640.00,267.76
454,15.133333,2111,2,helmet,0.619695,244.00,42.17,263.99,55.40
454,15.133333,2004,74,bucket,0.488424,211.44,149.42,234.48,180.92
454,15.133333,2169,0,person,0.451205,330.44,0.27,354.35,45.02
454,15.133333,2317,36,trash can,0.607432,211.78,149.39,234.15,180.88
454,15.133333,2324,0,person,0.414251,302.97,0.32,332.21,28.02
454,15.133333,2006,0,person,0.748790,139.92,136.88,191.58,208.40
454,15.133333,2268,37,shelf,0.276238,469.97,0.99,572.57,92.95
455,15.166667,1996,0,person,0.757740,231.60,41.85,270.51,159.00
455,15.166667,2002,0,person,0.699319,610.24,156.89,640.00,267.79
455,15.166667,2111,2,helmet,0.594878,243.91,42.11,263.87,55.31
455,15.166667,2004,74,bucket,0.491183,211.32,149.34,234.44,181.05
455,15.166667,2169,0,person,0.478608,330.11,0.40,354.09,45.14
455,15.166667,2317,36,trash can,0.601767,211.78,149.76,233.94,180.93
455,15.166667,2324,0,person,0.341616,302.99,0.35,329.93,25.59
455,15.166667,2006,0,person,0.723311,140.28,136.55,192.18,208.58
455,15.166667,2268,54,scissor lift,0.267125,469.71,1.08,572.29,93.31
455,15.166667,2179,36,trash can,0.349859,580.14,244.38,607.44,281.04
456,15.200000,1996,0,person,0.764040,232.03,41.84,270.82,158.97
456,15.200000,2002,0,person,0.681452,610.15,157.00,640.00,267.82
456,15.200000,2111,2,helmet,0.586266,243.87,42.09,263.82,55.28
456,15.200000,2004,74,bucket,0.472669,211.25,149.50,234.13,180.87
456,15.200000,2169,0,person,0.488651,330.00,0.45,354.04,45.17
456,15.200000,2317,36,trash can,0.610925,211.67,149.86,233.71,180.78
456,15.200000,2324,0,person,0.496009,302.52,0.35,327.28,23.16
456,15.200000,2006,0,person,0.675572,140.46,136.27,192.36,208.43
456,15.200000,2179,36,trash can,0.331312,579.96,244.37,607.32,281.07
457,15.233333,1996,0,person,0.752132,232.27,41.82,271.02,159.12
457,15.233333,2002,0,person,0.683895,610.12,157.05,640.00,267.84
457,15.233333,2111,2,helmet,0.611806,243.86,42.06,263.77,55.20
457,15.233333,2004,74,bucket,0.444133,211.25,149.63,234.00,180.80
457,15.233333,2169,0,person,0.516396,329.93,0.45,354.04,45.18
457,15.233333,2317,36,trash can,0.614026,211.63,149.94,233.63,180.73
457,15.233333,2324,0,person,0.549744,302.28,0.34,326.44,22.21
457,15.233333,2006,0,person,0.759641,139.92,136.11,191.97,208.36
457,15.233333,2179,36,trash can,0.318077,579.89,244.37,607.29,281.08
458,15.266667,1996,0,person,0.711386,231.75,42.00,270.46,158.93
458,15.266667,2002,0,person,0.672329,610.19,156.95,640.00,267.80
458,15.266667,2111,2,helmet,0.629160,243.90,42.24,263.69,55.28
458,15.266667,2004,36,trash can,0.657154,211.23,149.66,234.01,180.94
458,15.266667,2169,0,person,0.515507,329.84,0.47,354.00,45.19
458,15.266667,2324,0,person,0.347020,301.22,0.23,325.74,22.16
458,15.266667,2006,0,person,0.740545,139.48,136.03,191.76,208.42
458,15.266667,2179,36,trash can,0.317062,580.03,244.37,607.46,281.11
458,15.266667,2268,54,scissor lift,0.272879,469.58,0.81,572.06,93.32
459,15.300000,1996,0,person,0.687577,231.64,42.02,270.38,158.99
459,15.300000,2002,0,person,0.675127,610.23,156.98,640.00,267.76
459,15.300000,2111,2,helmet,0.637412,243.94,42.29,263.75,55.33
459,15.300000,2004,36,trash can,0.637095,211.16,149.40,234.13,181.00
459,15.300000,2169,0,person,0.513084,329.86,0.50,354.05,45.21
459,15.300000,2006,0,person,0.767870,139.45,136.05,191.73,208.47
459,15.300000,2179,36,trash can,0.313950,580.09,244.38,607.53,281.10
459,15.300000,2268,54,scissor lift,0.288126,469.61,0.76,571.77,93.28
459,15.300000,2320,37,shelf,0.250082,134.26,223.39,232.60,326.56
460,15.333333,1996,0,person,0.797349,231.27,41.72,270.18,158.76
460,15.333333,2002,0,person,0.683448,610.30,156.81,640.00,267.64
460,15.333333,2111,2,helmet,0.635232,243.70,41.97,263.68,55.12
460,15.333333,2004,36,trash can,0.625478,211.29,149.70,233.93,180.87
460,15.333333,2169,0,person,0.485716,329.83,0.54,353.99,45.08
460,15.333333,2006,0,person,0.756019,139.48,135.89,191.72,208.29
460,15.333333,2268,54,scissor lift,0.281030,469.87,0.83,571.56,93.05
460,15.333333,2320,37,shelf,0.254369,134.28,223.42,232.61,326.54
461,15.366667,1996,0,person,0.799410,231.32,41.57,270.30,158.65
461,15.366667,2002,0,person,0.689576,610.39,156.77,640.00,267.58
461,15.366667,2111,2,helmet,0.565071,243.57,41.80,263.68,55.04
461,15.366667,2004,36,trash can,0.630610,211.24,149.45,233.97,180.80
461,15.366667,2169,0,person,0.505176,329.81,0.56,353.89,44.85
461,15.366667,2006,0,person,0.771303,139.48,135.71,191.70,208.14
462,15.400000,1996,0,person,0.802442,231.27,41.36,270.33,158.42
462,15.400000,2002,0,person,0.685792,610.38,156.72,640.00,267.26
462,15.400000,2111,2,helmet,0.492057,243.49,41.56,263.65,54.85
462,15.400000,2004,36,trash can,0.647351,211.29,149.39,233.89,180.56
462,15.400000,2169,0,person,0.484217,329.82,0.59,353.90,44.75
462,15.400000,2006,0,person,0.777128,139.48,135.72,191.51,207.85
462,15.400000,2320,37,shelf,0.254031,133.65,223.00,232.48,326.53
463,15.433333,1996,0,person,0.791818,231.17,41.33,270.31,158.32
463,15.433333,2002,0,person,0.677731,610.36,156.70,640.00,267.14
463,15.433333,2111,2,helmet,0.580181,243.57,41.50,263.62,54.73
463,15.433333,2004,36,trash can,0.646778,211.31,149.33,233.86,180.47
463,15.433333,2169,0,person,0.480617,329.86,0.64,354.03,44.87
463,15.433333,2006,0,person,0.781006,139.61,135.67,191.55,207.69
463,15.433333,2320,37,shelf,0.251711,133.39,222.92,232.41,326.50
464,15.466667,1996,0,person,0.795296,231.07,41.25,270.31,158.28
464,15.466667,2002,0,person,0.672037,610.35,156.69,640.00,267.16
464,15.466667,2111,2,helmet,0.624560,243.57,41.43,263.59,54.66
464,15.466667,2004,36,trash can,0.625522,211.40,149.36,233.77,180.21
464,15.466667,2169,0,person,0.419537,329.99,0.68,354.14,44.80
464,15.466667,2006,0,person,0.767959,139.81,135.74,191.60,207.61
464,15.466667,2320,37,shelf,0.252640,133.24,222.69,232.56,326.51
465,15.500000,1996,0,person,0.796497,231.00,41.16,270.31,158.25
465,15.500000,2002,0,person,0.667963,610.34,156.66,640.00,267.16
465,15.500000,2111,2,helmet,0.610582,243.51,41.31,263.66,54.65
465,15.500000,2004,36,trash can,0.631874,211.41,149.38,233.72,180.13
465,15.500000,2169,0,person,0.456252,330.00,0.69,354.19,44.80
465,15.500000,2006,0,person,0.782501,139.84,135.78,191.58,207.61
465,15.500000,2268,54,scissor lift,0.311079,470.42,0.78,571.50,92.55
466,15.533333,1996,0,person,0.795131,230.97,41.13,270.36,158.24
466,15.533333,2002,0,person,0.682849,610.31,156.56,640.00,267.18
466,15.533333,2111,2,helmet,0.621513,243.50,41.27,263.67,54.66
466,15.533333,2004,36,trash can,0.624544,211.32,149.32,233.80,180.31
466,15.533333,2169,0,person,0.448116,330.01,0.70,354.24,44.80
466,15.533333,2006,0,person,0.781608,139.82,135.96,191.36,207.58
466,15.533333,2268,54,scissor lift,0.278332,470.47,0.80,571.51,92.58
467,15.566667,1996,0,person,0.796854,230.89,41.11,270.32,158.13
467,15.566667,2002,0,person,0.673314,610.28,156.56,639.94,266.88
467,15.566667,2111,2,helmet,0.628984,243.52,41.25,263.65,54.63
467,15.566667,2004,36,trash can,0.633397,211.27,149.06,233.86,180.25
467,15.566667,2169,0,person,0.504336,330.15,0.46,354.30,44.44
467,15.566667,2006,0,person,0.769419,139.85,136.04,191.24,207.43
467,15.566667,2320,37,shelf,0.254018,133.50,222.40,232.80,326.18
468,15.600000,1996,0,person,0.761803,231.96,40.91,271.24,157.96
468,15.600000,2002,0,person,0.663467,609.92,155.95,639.83,267.05
468,15.600000,2111,2,helmet,0.579327,243.68,41.11,263.74,54.45
468,15.600000,2004,36,trash can,0.597117,211.51,148.96,234.02,180.03
468,15.600000,2169,0,person,0.473113,330.32,0.49,354.29,44.07
468,15.600000,2006,0,person,0.752127,139.91,135.87,191.31,207.26
468,15.600000,2339,0,person,0.319871,337.52,11.80,372.60,47.61
468,15.600000,2320,37,shelf,0.253838,133.66,222.39,232.91,326.11
468,15.600000,2268,54,scissor lift,0.280990,470.82,0.91,571.52,92.35
469,15.633333,1996,0,person,0.749047,233.14,40.78,272.14,157.91
469,15.633333,2002,0,person,0.657642,610.31,155.74,640.00,266.69
469,15.633333,2111,2,helmet,0.591873,243.84,41.07,263.92,54.43
469,15.633333,2004,36,trash can,0.574794,211.84,148.90,234.30,179.89
469,15.633333,2169,0,person,0.447494,330.65,0.50,354.42,43.64
469,15.633333,2006,0,person,0.736899,139.26,135.80,190.84,207.20
469,15.633333,2339,0,person,0.276866,337.74,11.72,372.87,47.59
469,15.633333,2340,74,bucket,0.461194,211.79,148.53,234.56,179.90
469,15.633333,2341,0,person,0.330122,286.37,0.27,305.83,16.39
469,15.633333,2268,54,scissor lift,0.261320,471.14,0.91,571.69,92.16
470,15.666667,1996,0,person,0.761122,233.44,40.84,272.30,158.02
470,15.666667,2002,0,person,0.661396,610.75,156.08,640.00,266.74
470,15.666667,2111,2,helmet,0.616374,244.19,41.11,264.16,54.40
470,15.666667,2004,36,trash can,0.605418,212.06,148.68,234.64,179.87
470,15.666667,2169,0,person,0.460978,330.71,0.67,354.70,44.05
470,15.666667,2006,0,person,0.724692,139.33,135.83,191.11,207.22
470,15.666667,2340,74,bucket,0.471774,212.03,148.38,234.89,179.89
470,15.666667,2341,0,person,0.354040,284.98,0.23,304.82,16.63
470,15.666667,2268,54,scissor lift,0.286727,471.48,0.89,572.10,92.10
471,15.700000,1996,0,person,0.797065,233.68,40.65,272.36,157.80
471,15.700000,2002,0,person,0.632236,611.26,156.23,640.00,266.32
471,15.700000,2111,2,helmet,0.613182,244.45,40.96,264.41,54.25
471,15.700000,2004,36,trash can,0.581154,212.23,148.66,234.69,179.65
471,15.700000,2169,0,person,0.504078,330.81,0.71,354.87,44.07
471,15.700000,2006,0,person,0.751150,139.17,135.59,191.00,206.92
471,15.700000,2341,0,person,0.432763,283.18,0.32,303.19,16.73
472,15.733333,1996,0,person,0.803880,234.14,40.30,272.74,157.71
472,15.733333,2002,0,person,0.636012,611.56,156.10,640.00,266.03
472,15.733333,2111,2,helmet,0.515182,244.55,40.72,264.39,53.91
472,15.733333,2004,36,trash can,0.551168,212.41,149.09,234.57,179.58
472,15.733333,2169,0,person,0.423454,330.84,0.71,354.88,43.88
472,15.733333,2006,0,person,0.745232,138.94,135.49,190.89,206.80
472,15.733333,2341,0,person,0.324466,282.19,0.22,302.82,16.99
473,15.766667,1996,0,person,0.802491,234.22,39.89,272.77,157.56
473,15.766667,2002,0,person,0.629644,611.82,155.81,640.00,265.77
473,15.766667,2111,2,helmet,0.655184,244.47,40.41,264.31,53.55
473,15.766667,2004,36,trash can,0.555142,212.56,148.88,234.73,179.33
473,15.766667,2169,0,person,0.355954,330.99,0.68,355.01,43.67
473,15.766667,2006,0,person,0.727104,137.36,135.30,189.84,206.76
473,15.766667,2341,0,person,0.438169,279.60,0.18,302.21,18.37
473,15.766667,2320,37,shelf,0.304367,134.76,222.00,233.98,325.83
473,15.766667,2268,54,scissor lift,0.291926,472.39,0.79,572.62,91.54
474,15.800000,1996,0,person,0.808934,234.29,39.51,272.79,157.39
474,15.800000,2002,0,person,0.635984,612.02,155.41,640.00,265.50
474,15.800000,2111,2,helmet,0.652961,244.31,40.03,264.42,53.35
474,15.800000,2004,36,trash can,0.553670,212.77,149.10,234.67,179.07
474,15.800000,2169,0,person,0.276949,331.04,0.67,354.99,43.39
474,15.800000,2006,0,person,0.724444,137.93,135.10,190.52,206.56
474,15.800000,2343,74,bucket,0.425385,212.51,148.23,234.98,179.04
474,15.800000,2320,37,shelf,0.298656,134.90,221.84,234.20,325.84
475,15.833333,1996,0,person,0.809111,234.49,39.48,273.02,157.47
475,15.833333,2002,0,person,0.645498,611.59,155.23,640.00,265.77
475,15.833333,2111,2,helmet,0.663875,244.60,39.96,264.75,53.30
475,15.833333,2004,36,trash can,0.580189,212.93,148.80,235.15,179.17
475,15.833333,2169,0,person,0.262647,331.22,0.66,355.14,43.18
475,15.833333,2006,0,person,0.744665,138.64,135.16,191.25,206.77
475,15.833333,2343,74,bucket,0.429071,212.76,148.07,235.49,179.24
475,15.833333,2320,37,shelf,0.281686,135.06,221.91,234.49,326.00
475,15.833333,2179,36,trash can,0.270770,582.33,242.87,609.88,279.70
476,15.866667,1996,0,person,0.811439,234.63,39.72,273.03,157.48
476,15.866667,2002,0,person,0.636830,611.56,155.23,640.00,265.76
476,15.866667,2111,2,helmet,0.646583,244.77,40.22,264.74,53.41
476,15.866667,2169,0,person,0.342102,331.26,0.64,355.29,43.26
476,15.866667,2006,0,person,0.718777,138.80,135.25,191.29,206.81
476,15.866667,2320,37,shelf,0.284814,135.14,221.97,234.47,326.05
476,15.866667,2268,54,scissor lift,0.262556,472.98,0.75,573.38,91.55
477,15.900000,1996,0,person,0.790220,234.57,39.53,272.87,157.40
477,15.900000,2002,0,person,0.629945,611.75,155.27,640.00,265.31
477,15.900000,2111,2,helmet,0.671252,244.54,40.06,264.61,53.31
477,15.900000,2169,0,person,0.356999,331.06,0.66,355.17,43.29
477,15.900000,2006,0,person,0.700344,138.73,135.17,191.12,206.58
477,15.900000,2320,37,shelf,0.276194,134.83,221.83,234.15,325.93
477,15.900000,2004,36,trash can,0.543727,212.90,148.95,234.98,179.00
478,15.933333,1996,0,person,0.803682,234.52,39.43,272.72,157.38
478,15.933333,2002,0,person,0.625730,611.61,155.20,640.00,265.45
478,15.933333,2111,2,helmet,0.661824,244.43,39.98,264.42,53.14
478,15.933333,2169,0,person,0.272285,330.96,0.65,355.12,43.26
478,15.933333,2006,0,person,0.697481,138.71,135.13,191.01,206.40
478,15.933333,2320,37,shelf,0.268212,134.86,221.64,234.21,325.83
478,15.933333,2004,36,trash can,0.560654,212.84,149.14,234.79,178.91
479,15.966667,1996,0,person,0.802795,234.61,39.26,272.70,157.31
479,15.966667,2002,0,person,0.633589,611.63,155.08,640.00,265.29
479,15.966667,2111,2,helmet,0.692406,244.27,39.79,264.48,53.09
479,15.966667,2169,0,person,0.284815,330.89,0.66,355.10,43.24
479,15.966667,2006,0,person,0.684663,138.78,135.12,190.92,206.15
479,15.966667,2320,37,shelf,0.278860,134.88,221.56,234.21,325.78
479,15.966667,2004,36,trash can,0.560881,212.71,149.08,234.70,178.80
480,16.000000,1996,0,person,0.777405,233.43,39.47,271.64,157.18
480,16.000000,2002,0,person,0.658294,611.89,156.19,640.00,265.73
480,16.000000,2111,2,helmet,0.746157,244.30,39.77,264.16,52.84
480,16.000000,2169,0,person,0.353294,333.59,0.71,356.15,41.01
480,16.000000,2006,0,person,0.599636,137.42,135.06,191.07,206.51
480,16.000000,2320,46,box,0.278679,135.04,221.83,233.82,325.46
480,16.000000,2004,74,bucket,0.643284,212.38,147.52,235.13,178.40
481,16.033333,1996,0,person,0.787241,232.95,39.44,271.44,157.42
481,16.033333,2002,0,person,0.658997,612.23,156.66,640.00,266.27
481,16.033333,2111,2,helmet,0.752202,244.47,39.76,264.28,52.77
481,16.033333,2169,0,person,0.425328,334.76,0.74,356.58,40.29
481,16.033333,2006,0,person,0.635583,137.03,135.03,191.92,206.58
481,16.033333,2320,46,box,0.303669,135.28,222.03,233.77,325.30
481,16.033333,2004,74,bucket,0.645366,212.42,146.93,235.43,178.26
481,16.033333,2345,2,helmet,0.320975,131.76,140.61,144.45,156.61
482,16.066667,1996,0,person,0.787591,232.73,39.42,271.42,157.52
482,16.066667,2002,0,person,0.660269,612.53,157.21,640.00,266.46
482,16.066667,2111,2,helmet,0.751428,244.52,39.76,264.33,52.75
482,16.066667,2169,0,person,0.417880,335.45,0.76,356.83,39.98
482,16.066667,2006,0,person,0.649838,136.57,135.05,192.49,206.61
482,16.066667,2320,46,box,0.331750,135.49,222.01,233.77,325.05
482,16.066667,2004,74,bucket,0.643091,212.45,146.71,235.53,178.21
482,16.066667,2345,2,helmet,0.355522,131.78,140.47,144.63,156.66
483,16.100000,1996,0,person,0.759040,232.56,39.37,271.40,157.54
483,16.100000,2002,0,person,0.648062,612.73,157.10,640.00,266.52
483,16.100000,2111,2,helmet,0.743765,244.53,39.68,264.33,52.65
483,16.100000,2169,0,person,0.403364,335.75,0.79,356.74,39.77
483,16.100000,2006,0,person,0.609352,135.75,134.87,192.50,206.46
483,16.100000,2320,46,box,0.374209,135.52,222.00,233.86,325.10
483,16.100000,2004,74,bucket,0.604915,212.46,146.62,235.61,178.27
484,16.133333,1996,0,person,0.792078,233.05,39.25,271.92,157.13
484,16.133333,2002,0,person,0.672310,612.01,156.87,640.00,266.68
484,16.133333,2111,2,helmet,0.744315,244.68,39.76,264.44,52.70
484,16.133333,2169,0,person,0.448631,335.81,0.77,356.63,39.84
484,16.133333,2006,0,person,0.430649,135.49,134.79,193.09,206.57
484,16.133333,2320,46,box,0.365440,135.75,221.98,234.12,325.12
484,16.133333,2004,74,bucket,0.661803,212.71,146.52,235.94,178.34
484,16.133333,2268,54,scissor lift,0.252516,474.00,0.58,573.87,90.84
485,16.166667,1996,0,person,0.804370,233.18,39.24,272.14,157.08
485,16.166667,2002,0,person,0.660056,612.04,157.16,640.00,266.79
485,16.166667,2111,2,helmet,0.740983,244.81,39.84,264.51,52.70
485,16.166667,2169,0,person,0.472192,336.25,0.81,356.86,39.74
485,16.166667,2006,0,person,0.607300,135.26,134.97,193.50,206.68
485,16.166667,2320,46,box,0.338548,135.80,222.08,234.29,325.30
485,16.166667,2004,74,bucket,0.639309,212.87,146.74,235.95,178.46
486,16.200000,1996,0,person,0.800900,233.57,39.62,272.44,157.05
486,16.200000,2002,0,person,0.662115,612.05,157.67,639.94,266.70
486,16.200000,2111,2,helmet,0.753447,244.94,40.20,264.54,52.96
486,16.200000,2169,0,person,0.459435,336.37,0.78,356.93,39.85
486,16.200000,2006,0,person,0.655454,134.82,135.21,193.59,206.91
486,16.200000,2320,46,box,0.285144,135.97,222.13,234.57,325.45
486,16.200000,2004,74,bucket,0.655827,213.08,146.86,236.10,178.54
486,16.200000,2345,2,helmet,0.267507,132.32,140.46,145.46,157.02
487,16.233333,1996,0,person,0.798705,233.96,39.73,272.84,157.10
487,16.233333,2002,0,person,0.665641,612.10,157.92,639.96,266.80
487,16.233333,2111,2,helmet,0.754546,245.06,40.33,264.78,53.13
487,16.233333,2169,0,person,0.447116,336.55,0.71,356.93,39.56
487,16.233333,2006,0,person,0.703897,134.73,135.29,193.97,206.96
487,16.233333,2320,46,box,0.299133,136.47,222.15,235.18,325.59
487,16.233333,2004,74,bucket,0.648251,213.35,147.11,236.18,178.55
487,16.233333,2345,2,helmet,0.335494,132.57,140.56,145.71,157.09
488,16.266667,1996,0,person,0.750193,234.46,39.68,273.40,157.23
488,16.266667,2002,0,person,0.661346,612.52,158.03,640.00,266.30
488,16.266667,2111,2,helmet,0.770497,245.43,40.37,265.14,53.13
488,16.266667,2169,0,person,0.418097,337.14,0.84,357.26,39.31
488,16.266667,2006,0,person,0.746159,134.42,135.37,194.04,207.18
488,16.266667,2004,74,bucket,0.675450,213.78,147.30,236.50,178.55
488,16.266667,2345,2,helmet,0.472084,132.90,140.42,146.52,157.55
489,16.300000,1996,0,person,0.744761,234.88,39.79,273.81,157.29
489,16.300000,2002,0,person,0.626987,613.14,158.43,640.00,265.89
489,16.300000,2111,2,helmet,0.780840,245.78,40.41,265.42,53.10
489,16.300000,2169,0,person,0.393165,337.51,0.82,357.54,39.26
489,16.300000,2006,0,person,0.702542,134.79,135.32,194.74,207.13
489,16.300000,2004,74,bucket,0.715377,214.18,147.44,236.83,178.51
489,16.300000,2345,2,helmet,0.297847,133.19,140.37,146.95,157.70
489,16.300000,2320,46,box,0.302578,137.03,222.14,235.74,325.57
490,16.333333,1996,0,person,0.765027,234.76,39.81,273.75,157.35
490,16.333333,2002,0,person,0.649089,612.83,158.72,640.00,265.97
490,16.333333,2111,2,helmet,0.784290,245.84,40.40,265.47,53.01
490,16.333333,2169,0,person,0.385773,337.89,0.86,357.62,38.83
490,16.333333,2006,0,person,0.643345,135.24,135.31,195.38,206.94
490,16.333333,2004,74,bucket,0.719200,214.39,147.22,237.21,178.51
490,16.333333,2320,46,box,0.322728,137.22,222.13,235.96,325.58
491,16.366667,1996,0,person,0.765517,234.72,40.02,273.73,157.43
491,16.366667,2002,0,person,0.629400,613.59,158.67,640.00,265.75
491,16.366667,2111,2,helmet,0.767319,245.85,40.55,265.39,53.05
491,16.366667,2169,0,person,0.375310,337.98,0.91,357.77,39.12
491,16.366667,2006,0,person,0.724830,135.18,135.49,195.62,207.08
491,16.366667,2004,74,bucket,0.712525,214.47,147.38,237.22,178.55
491,16.366667,2345,2,helmet,0.372259,133.48,140.66,147.23,157.99
492,16.400000,1996,0,person,0.782064,234.66,40.06,273.68,157.46
492,16.400000,2002,0,person,0.657885,613.09,158.29,640.00,265.91
492,16.400000,2111,2,helmet,0.767441,245.66,40.58,265.21,53.03
492,16.400000,2169,0,person,0.424313,337.84,0.88,357.70,39.42
492,16.400000,2006,0,person,0.731021,134.74,135.56,195.51,207.21
492,16.400000,2004,74,bucket,0.694194,214.18,147.56,236.86,178.60
492,16.400000,2345,2,helmet,0.420130,133.30,140.70,147.07,158.07
493,16.433333,1996,0,person,0.803778,234.55,39.99,273.52,157.41
493,16.433333,2002,0,person,0.652112,612.81,158.15,640.00,266.17
493,16.433333,2111,2,helmet,0.758904,245.27,40.58,264.98,53.12
493,16.433333,2169,0,person,0.429977,337.48,0.94,357.21,39.30
493,16.433333,2006,0,person,0.743079,134.82,135.58,195.90,207.18
493,16.433333,2004,74,bucket,0.639792,213.87,147.61,236.52,178.62
493,16.433333,2345,2,helmet,0.410053,132.97,140.71,146.63,157.98
494,16.466667,1996,0,person,0.791047,234.62,39.95,273.49,157.37
494,16.466667,2002,0,person,0.652250,612.47,158.11,639.97,266.98
494,16.466667,2111,2,helmet,0.757590,244.94,40.55,264.83,53.19
494,16.466667,2169,0,person,0.459165,337.30,0.95,356.99,39.33
494,16.466667,2006,0,person,0.711393,134.29,135.50,195.65,207.16
494,16.466667,2004,74,bucket,0.606901,213.54,147.51,236.24,178.62
494,16.466667,2345,2,helmet,0.373097,132.67,140.68,146.17,157.75
494,16.466667,2320,46,box,0.286372,136.45,222.16,235.25,325.70
495,16.500000,1996,0,person,0.794951,234.60,39.89,273.40,157.36
495,16.500000,2002,0,person,0.647924,612.36,158.09,639.95,267.27
495,16.500000,2111,2,helmet,0.757349,244.81,40.53,264.78,53.22
495,16.500000,2169,0,person,0.371463,337.12,0.81,356.88,39.37
495,16.500000,2006,0,person,0.702951,134.02,135.46,195.55,207.09
495,16.500000,2004,74,bucket,0.619591,213.41,147.45,236.14,178.61
495,16.500000,2345,2,helmet,0.351130,132.56,140.67,145.99,157.67
495,16.500000,2320,46,box,0.308316,136.40,222.15,235.23,325.71
496,16.533333,1996,0,person,0.812731,234.41,39.94,273.15,157.27
496,16.533333,2002,0,person,0.644457,612.61,158.40,639.99,266.80
496,16.533333,2111,2,helmet,0.756920,244.77,40.57,264.75,53.25
496,16.533333,2169,0,person,0.372014,337.01,0.75,356.81,39.43
496,16.533333,2006,0,person,0.705950,132.94,135.46,194.49,207.13
496,16.533333,2004,74,bucket,0.631134,213.44,147.39,236.21,178.63
496,16.533333,2345,2,helmet,0.296594,132.45,140.70,145.91,157.78
496,16.533333,2320,46,box,0.319665,136.39,222.17,235.23,325.72
497,16.566667,1996,0,person,0.796251,234.66,39.77,273.35,157.11
497,16.566667,2002,0,person,0.636822,612.67,157.76,640.00,266.95
497,16.566667,2111,2,helmet,0.761975,244.68,40.42,264.72,53.12
497,16.566667,2169,0,person,0.353593,337.03,0.79,356.71,39.23
497,16.566667,2006,0,person,0.659095,132.39,135.29,193.88,207.08
497,16.566667,2004,74,bucket,0.631122,213.43,147.09,236.32,178.54
497,16.566667,2320,46,box,0.411577,136.42,222.17,235.04,325.47
497,16.566667,2348,0,person,0.317175,248.52,0.19,281.97,50.86
498,16.600000,1996,0,person,0.802570,234.26,39.44,273.03,156.94
498,16.600000,2002,0,person,0.642168,612.60,157.38,640.00,266.84
498,16.600000,2111,2,helmet,0.766754,244.06,40.05,264.47,52.94
498,16.600000,2169,0,person,0.355063,337.01,0.92,356.65,39.28
498,16.600000,2006,0,person,0.568879,132.73,134.79,194.30,206.74
498,16.600000,2004,74,bucket,0.644554,213.29,146.77,236.24,178.38
498,16.600000,2320,46,box,0.390952,136.12,221.87,234.76,325.21
499,16.633333,1996,0,person,0.794182,234.12,39.18,272.91,156.82
499,16.633333,2002,0,person,0.652818,612.33,157.15,639.95,266.69
499,16.633333,2111,2,helmet,0.747203,243.67,39.77,264.22,52.77
499,16.633333,2169,0,person,0.342584,336.67,0.93,356.47,39.58
499,16.633333,2006,0,person,0.635486,132.87,134.50,194.54,206.57
499,16.633333,2004,74,bucket,0.637392,213.24,146.65,236.21,178.32
499,16.633333,2320,46,box,0.399621,136.02,221.78,234.66,325.13
500,16.666667,1996,0,person,0.757576,234.26,39.22,273.01,156.85
500,16.666667,2002,0,person,0.662343,612.08,157.36,639.78,266.95
500,16.666667,2111,2,helmet,0.758749,243.59,39.83,264.12,52.79
500,16.666667,2169,0,person,0.323526,336.62,0.94,356.50,39.72
500,16.666667,2006,0,person,0.486833,132.34,134.47,193.95,206.72
500,16.666667,2004,74,bucket,0.620446,213.38,146.66,236.33,178.38
500,16.666667,2320,46,box,0.413319,136.30,221.87,234.90,325.15
501,16.700000,1996,0,person,0.740743,234.70,39.50,273.31,157.06
501,16.700000,2002,0,person,0.650324,612.15,157.68,639.71,266.48
501,16.700000,2111,2,helmet,0.741778,243.55,40.16,264.01,53.05
501,16.700000,2169,0,person,0.350528,336.95,0.91,356.76,39.57
501,16.700000,2006,0,person,0.671227,133.26,134.80,194.58,206.85
501,16.700000,2004,74,bucket,0.666216,213.73,147.02,236.54,178.55
501,16.700000,2320,46,box,0.357328,136.58,221.97,235.14,325.13
502,16.733333,1996,0,person,0.777215,234.83,39.90,273.29,157.23
502,16.733333,2002,0,person,0.646799,612.20,158.18,639.67,266.33
502,16.733333,2111,2,helmet,0.763982,243.41,40.43,263.74,53.23
502,16.733333,2169,0,person,0.354179,336.98,0.87,356.90,39.73
502,16.733333,2006,0,person,0.689836,133.49,135.24,194.66,207.00
502,16.733333,2004,74,bucket,0.688523,213.91,147.43,236.54,178.71
502,16.733333,2320,46,box,0.354365,136.67,222.16,235.21,325.24
502,16.733333,2345,2,helmet,0.353561,132.68,140.71,146.03,157.70
503,16.766667,1996,0,person,0.767465,234.72,40.22,273.09,157.26
503,16.766667,2002,0,person,0.655892,612.19,158.26,639.69,266.26
503,16.766667,2111,2,helmet,0.762977,243.44,40.66,263.54,53.30
503,16.766667,2169,0,person,0.355858,336.99,0.85,356.94,39.77
503,16.766667,2006,0,person,0.686174,133.54,135.40,194.72,207.06
503,16.766667,2004,74,bucket,0.689084,213.97,147.59,236.54,178.76
503,16.766667,2320,46,box,0.354361,136.68,222.23,235.25,325.29
503,16.766667,2345,2,helmet,0.335994,132.70,140.70,146.02,157.69
504,16.800000,1996,0,person,0.774583,234.58,40.32,272.96,157.28
504,16.800000,2002,0,person,0.658707,612.09,158.24,639.71,266.53
504,16.800000,2111,2,helmet,0.756130,243.20,40.74,263.48,53.49
504,16.800000,2169,0,person,0.351473,336.99,0.83,356.96,39.78
504,16.800000,2006,0,person,0.691644,133.28,135.55,194.28,207.05
504,16.800000,2004,74,bucket,0.687688,213.99,147.64,236.54,178.79
504,16.800000,2320,46,box,0.357266,136.67,222.26,235.28,325.30
504,16.800000,2345,2,helmet,0.335501,132.84,140.88,146.18,157.87
505,16.833333,1996,0,person,0.767897,234.59,40.39,272.94,157.26
505,16.833333,2002,0,person,0.648052,612.24,158.39,639.89,266.77
505,16.833333,2111,2,helmet,0.749362,243.11,40.77,263.47,53.56
505,16.833333,2169,0,person,0.355109,337.01,0.83,356.96,39.74
505,16.833333,2006,0,person,0.658950,133.75,135.69,194.71,207.07
505,16.833333,2004,74,bucket,0.700383,214.02,147.70,236.54,178.80
505,16.833333,2320,46,box,0.391630,136.73,222.22,235.40,325.31
506,16.866667,1996,0,person,0.746315,234.68,40.43,272.99,157.18
506,16.866667,2002,0,person,0.653769,612.18,157.98,639.90,266.53
506,16.866667,2111,2,helmet,0.752389,243.08,40.79,263.47,53.59
506,16.866667,2169,0,person,0.291190,337.35,0.76,357.19,39.56
506,16.866667,2006,0,person,0.633508,135.28,135.86,195.70,207.11
506,16.866667,2004,74,bucket,0.726923,214.25,147.74,236.79,178.80
506,16.866667,2320,46,box,0.398580,136.85,222.19,235.62,325.38
507,16.900000,1996,0,person,0.765249,235.17,40.40,273.42,157.23
507,16.900000,2002,0,person,0.679760,611.87,158.18,639.69,266.80
507,16.900000,2111,2,helmet,0.739911,242.90,40.80,263.71,53.90
507,16.900000,2169,0,person,0.303066,337.52,0.74,357.28,39.44
507,16.900000,2006,0,person,0.638240,135.67,135.94,195.85,207.17
507,16.900000,2004,74,bucket,0.693177,214.45,147.64,237.11,178.83
507,16.900000,2320,46,box,0.397881,137.00,222.20,235.80,325.37
508,16.933333,1996,0,person,0.737376,235.10,40.50,273.31,157.18
508,16.933333,2002,0,person,0.674697,612.01,158.84,639.74,266.90
508,16.933333,2111,2,helmet,0.739463,242.63,40.86,263.65,54.17
508,16.933333,2006,0,person,0.609133,136.02,135.94,195.93,207.18
508,16.933333,2004,74,bucket,0.691899,214.50,147.59,237.23,178.83
508,16.933333,2320,46,box,0.416583,137.09,222.21,235.87,325.35
509,16.966667,1996,0,person,0.684255,235.23,40.52,273.35,157.11
509,16.966667,2002,0,person,0.650523,612.20,158.71,639.91,266.71
509,16.966667,2111,2,helmet,0.742693,242.45,40.88,263.53,54.28
509,16.966667,2006,0,person,0.646180,135.78,135.96,195.39,207.14
509,16.966667,2004,74,bucket,0.698674,214.45,147.57,237.17,178.74
509,16.966667,2320,46,box,0.416385,136.99,222.19,235.70,325.22
509,16.966667,2169,0,person,0.261567,337.92,0.85,357.49,39.27
510,17.000000,1996,0,person,0.571841,235.09,40.53,273.16,157.07
510,17.000000,2002,0,person,0.658101,612.15,158.48,639.90,266.56
510,17.000000,2111,2,helmet,0.741384,242.05,40.92,263.08,54.30
510,17.000000,2006,0,person,0.575996,136.09,135.95,195.58,207.19
510,17.000000,2004,74,bucket,0.678177,214.25,147.63,236.94,178.72
510,17.000000,2320,46,box,0.394084,136.84,222.15,235.58,325.17
510,17.000000,2169,0,person,0.267246,337.76,0.88,357.36,39.40
511,17.033333,1996,0,person,0.518351,231.70,40.74,270.61,157.51
511,17.033333,2002,0,person,0.657849,612.13,158.38,639.91,266.51
511,17.033333,2111,2,helmet,0.711620,241.79,41.08,262.77,54.42
511,17.033333,2006,0,person,0.627345,136.09,135.93,195.34,207.15
511,17.033333,2004,74,bucket,0.699779,214.18,147.65,236.89,178.70
511,17.033333,2320,46,box,0.373499,136.78,222.12,235.60,325.18
511,17.033333,2169,0,person,0.268362,337.65,0.90,357.30,39.54
512,17.066667,1996,0,person,0.696701,234.04,40.74,272.65,157.24
512,17.066667,2002,0,person,0.657766,612.09,158.15,639.94,266.52
512,17.066667,2111,2,helmet,0.750554,241.70,41.04,262.60,54.33
512,17.066667,2006,0,person,0.591882,136.32,135.77,195.62,206.99
512,17.066667,2004,74,bucket,0.659548,214.15,147.53,236.90,178.59
512,17.066667,2320,46,box,0.393212,136.79,221.95,235.72,325.13
512,17.066667,2169,0,person,0.289425,337.66,0.92,357.29,39.52
513,17.100000,1996,0,person,0.785034,234.90,41.10,273.22,157.12
513,17.100000,2002,0,person,0.660325,612.06,158.04,639.95,266.55
513,17.100000,2111,2,helmet,0.717282,241.76,41.36,262.32,54.39
513,17.100000,2006,0,person,0.656212,136.57,135.70,195.75,206.96
513,17.100000,2004,74,bucket,0.649373,214.18,147.24,237.14,178.63
513,17.100000,2320,46,box,0.376125,136.83,221.92,235.72,325.05
514,17.133333,1996,0,person,0.742119,234.78,41.67,272.91,157.05
514,17.133333,2002,0,person,0.660572,612.02,157.81,639.98,266.53
514,17.133333,2111,2,helmet,0.592206,241.43,42.01,261.54,54.74
514,17.133333,2006,0,person,0.652574,135.55,135.76,194.55,206.84
514,17.133333,2004,74,bucket,0.665691,214.25,147.37,237.20,178.78
514,17.133333,2320,46,box,0.360289,136.75,221.87,235.77,325.13
515,17.166667,1996,0,person,0.731891,232.10,41.86,270.88,157.47
515,17.166667,2002,0,person,0.644766,611.97,157.46,640.00,266.87
515,17.166667,2111,2,helmet,0.636538,241.10,42.31,261.19,55.00
515,17.166667,2006,0,person,0.686915,134.86,135.79,193.83,206.77
515,17.166667,2004,74,bucket,0.667551,214.13,147.53,236.91,178.75
515,17.166667,2320,46,box,0.324423,136.58,221.84,235.56,325.02
516,17.200000,1996,0,person,0.693246,232.90,42.28,271.66,157.55
516,17.200000,2002,0,person,0.654648,612.08,158.03,639.99,266.62
516,17.200000,2111,2,helmet,0.658930,240.84,42.68,260.71,55.16
516,17.200000,2006,0,person,0.631302,135.16,136.01,194.04,206.96
516,17.200000,2004,74,bucket,0.679734,214.09,147.68,236.80,178.84
516,17.200000,2320,46,box,0.370080,136.63,221.99,235.59,325.13
517,17.233333,1996,0,person,0.754843,234.61,42.56,272.98,157.26
517,17.233333,2002,0,person,0.638500,612.12,157.82,640.00,266.95
517,17.233333,2111,2,helmet,0.645811,240.49,42.96,260.34,55.35
517,17.233333,2006,0,person,0.726249,135.72,136.30,194.18,206.94
517,17.233333,2004,74,bucket,0.695971,214.19,147.68,236.92,178.87
517,17.233333,2320,46,box,0.303462,136.96,222.06,235.93,325.21
517,17.233333,2349,2,helmet,0.406863,196.95,67.51,212.72,85.41
517,17.233333,2345,2,helmet,0.267044,134.05,140.72,147.13,157.42
517,17.233333,2169,0,person,0.303669,338.98,1.13,358.26,38.89
518,17.266667,1996,0,person,0.721461,234.53,42.53,272.91,157.14
518,17.266667,2002,0,person,0.623609,612.40,157.81,640.00,266.88
518,17.266667,2111,2,helmet,0.705898,240.05,43.00,259.94,55.41
518,17.266667,2006,0,person,0.728666,135.32,136.27,193.87,206.96
518,17.266667,2004,74,bucket,0.678922,214.18,147.58,236.98,178.88
518,17.266667,2320,46,box,0.260884,137.05,221.96,236.16,325.28
518,17.266667,2349,2,helmet,0.570341,197.13,67.26,212.80,85.00
518,17.266667,2345,2,helmet,0.339637,134.20,140.68,147.39,157.55
518,17.266667,2169,0,person,0.358128,339.19,1.10,358.37,38.48
519,17.300000,1996,0,person,0.700313,235.33,42.41,273.55,157.21
519,17.300000,2002,0,person,0.622502,612.52,157.77,640.00,266.90
519,17.300000,2111,2,helmet,0.698102,239.45,42.81,259.90,55.60
519,17.300000,2006,0,person,0.720614,135.70,136.36,193.91,206.79
519,17.300000,2004,74,bucket,0.681696,214.19,147.41,237.10,178.89
519,17.300000,2320,46,box,0.303411,137.04,221.88,236.17,325.22
519,17.300000,2349,2,helmet,0.680307,197.65,67.38,213.01,84.71
519,17.300000,2345,2,helmet,0.295130,134.40,140.57,147.61,157.49
519,17.300000,2169,0,person,0.324564,339.25,1.14,358.52,38.44
520,17.333333,1996,0,person,0.632816,234.15,42.31,272.46,157.24
520,17.333333,2002,0,person,0.589257,613.44,157.35,640.00,266.08
520,17.333333,2111,2,helmet,0.710685,238.47,42.76,259.14,55.73
520,17.333333,2006,0,person,0.766097,135.21,136.42,193.35,206.81
520,17.333333,2004,74,bucket,0.706714,214.22,147.15,237.23,178.81
520,17.333333,2349,2,helmet,0.745485,197.92,67.42,213.23,84.62
520,17.333333,2345,2,helmet,0.505269,135.03,140.22,147.75,156.32
520,17.333333,2169,0,person,0.378704,339.57,0.97,358.97,38.30
521,17.366667,1996,0,person,0.706056,232.37,42.39,271.12,157.43
521,17.366667,2002,0,person,0.602848,614.24,157.43,640.00,265.50
521,17.366667,2111,2,helmet,0.723726,237.99,42.84,258.88,56.00
521,17.366667,2006,0,person,0.746392,135.41,136.53,193.49,206.97
521,17.366667,2004,74,bucket,0.720857,214.32,147.21,237.36,178.90
521,17.366667,2349,2,helmet,0.750407,198.32,67.62,213.54,84.61
521,17.366667,2345,2,helmet,0.468036,135.33,140.14,148.13,156.22
521,17.366667,2169,0,person,0.438930,339.68,0.88,359.29,38.44
522,17.400000,1996,0,person,0.714896,233.17,42.32,271.91,157.27
522,17.400000,2002,0,person,0.600738,614.74,157.71,640.00,265.57
522,17.400000,2111,2,helmet,0.705545,237.32,42.87,257.98,55.95
522,17.400000,2006,0,person,0.753314,136.15,136.61,193.94,206.95
522,17.400000,2004,74,bucket,0.671745,214.37,147.17,237.45,178.92
522,17.400000,2349,2,helmet,0.722869,198.55,67.62,213.95,84.73
522,17.400000,2345,2,helmet,0.437439,135.50,140.06,148.46,156.25
522,17.400000,2169,0,person,0.483924,340.32,0.81,359.80,38.09
523,17.433333,1996,0,person,0.752684,231.89,42.33,271.13,157.49
523,17.433333,2002,0,person,0.600129,614.98,157.93,640.00,266.00
523,17.433333,2111,2,helmet,0.678215,236.55,42.86,257.51,56.23
523,17.433333,2006,0,person,0.753417,136.81,136.72,194.47,207.02
523,17.433333,2004,74,bucket,0.684994,214.37,147.22,237.48,179.12
523,17.433333,2349,2,helmet,0.723181,198.48,67.54,214.41,85.15
523,17.433333,2345,2,helmet,0.434280,136.29,139.58,149.44,155.97
523,17.433333,2169,0,person,0.411624,340.92,0.80,360.08,37.63
524,17.466667,1996,0,person,0.771661,230.75,42.32,270.55,157.58
524,17.466667,2002,0,person,0.599188,615.14,158.03,640.00,266.16
524,17.466667,2111,2,helmet,0.599139,235.91,42.68,257.19,56.30
524,17.466667,2006,0,person,0.754787,137.05,136.84,194.58,206.99
524,17.466667,2004,74,bucket,0.688796,214.39,147.23,237.47,179.17
524,17.466667,2349,2,helmet,0.713778,198.44,67.42,214.84,85.48
524,17.466667,2345,2,helmet,0.369909,136.78,139.39,149.68,155.37
524,17.466667,2169,0,person,0.382850,341.25,0.77,360.41,37.84
524,17.466667,2352,76,gloves,0.375396,223.45,64.85,240.62,80.35
524,17.466667,2320,46,box,0.251349,137.67,221.82,236.87,325.27
525,17.500000,1996,0,person,0.802018,229.34,42.11,269.89,157.60
525,17.500000,2002,0,person,0.600602,615.35,158.06,640.00,265.98
525,17.500000,2111,2,helmet,0.635920,234.87,42.47,256.58,56.43
525,17.500000,2006,0,person,0.734857,137.44,136.83,195.12,207.16
525,17.500000,2004,74,bucket,0.692365,214.40,147.24,237.45,179.22
525,17.500000,2349,2,helmet,0.761457,198.62,67.04,214.97,85.02
525,17.500000,2352,76,gloves,0.331882,223.93,66.13,239.89,80.48
525,17.500000,2354,0,person,0.443883,194.56,66.71,225.21,135.68
525,17.500000,2320,46,box,0.256976,137.67,221.81,236.81,325.26
526,17.533333,1996,0,person,0.807176,228.09,41.67,269.57,157.78
526,17.533333,2002,0,person,0.599182,614.75,158.50,640.00,265.96
526,17.533333,2111,2,helmet,0.708263,233.69,42.05,256.11,56.57
526,17.533333,2006,0,person,0.740024,137.63,136.93,195.65,207.46
526,17.533333,2004,74,bucket,0.649208,214.41,147.35,237.48,179.39
526,17.533333,2349,2,helmet,0.761787,198.93,67.00,214.97,84.59
526,17.533333,2354,0,person,0.393007,193.95,66.72,226.27,139.52
526,17.533333,2345,2,helmet,0.319760,136.99,138.94,150.07,155.10
527,17.566667,1996,0,person,0.801963,230.27,41.67,271.75,158.05
527,17.566667,2002,0,person,0.592389,615.01,158.48,640.00,266.06
527,17.566667,2111,2,helmet,0.682199,232.87,42.07,255.77,57.07
527,17.566667,2006,0,person,0.734861,138.29,137.20,196.36,207.60
527,17.566667,2004,74,bucket,0.658461,214.43,147.62,237.45,179.63
527,17.566667,2349,2,helmet,0.750914,198.85,67.14,215.00,84.79
527,17.566667,2354,0,person,0.371473,193.87,66.87,226.66,140.85
528,17.600000,1996,0,person,0.804053,227.97,41.63,270.12,158.18
528,17.600000,2002,0,person,0.607198,615.52,158.51,640.00,265.93
528,17.600000,2111,2,helmet,0.673593,231.84,42.00,254.73,57.17
528,17.600000,2006,0,person,0.762166,137.67,137.28,195.71,207.70
528,17.600000,2004,74,bucket,0.695412,214.44,147.75,237.35,179.61
528,17.600000,2349,2,helmet,0.714506,198.93,67.23,215.01,84.76
528,17.600000,2345,2,helmet,0.309208,137.38,138.94,149.82,154.11
529,17.633333,1996,0,person,0.771232,227.20,41.17,270.01,158.23
529,17.633333,2002,0,person,0.603767,615.74,158.43,640.00,265.91
529,17.633333,2111,2,helmet,0.747998,230.98,41.59,253.71,56.82
529,17.633333,2006,0,person,0.764860,137.70,137.31,195.84,207.78
529,17.633333,2004,74,bucket,0.617863,214.52,148.12,237.19,179.68
529,17.633333,2349,2,helmet,0.748685,198.72,67.01,214.96,84.68
529,17.633333,2345,2,helmet,0.289879,137.47,138.96,149.69,153.67
529,17.633333,2354,0,person,0.421646,193.93,66.82,226.30,140.01
530,17.666667,1996,0,person,0.774880,226.23,40.97,269.72,158.34
530,17.666667,2002,0,person,0.595795,615.53,158.31,640.00,265.76
530,17.666667,2111,2,helmet,0.752601,230.76,41.43,253.26,56.65
530,17.666667,2006,0,person,0.770354,137.53,137.36,195.60,207.85
530,17.666667,2004,74,bucket,0.605391,214.67,148.31,237.31,179.82
530,17.666667,2349,2,helmet,0.751453,198.69,67.05,214.89,84.64
530,17.666667,2345,2,helmet,0.336415,137.97,139.01,149.72,152.91
530,17.666667,2354,0,person,0.450444,194.27,66.99,226.21,139.39
531,17.700000,1996,0,person,0.802642,226.91,40.90,270.72,158.35
531,17.700000,2002,0,person,0.611713,616.21,158.36,640.00,265.93
531,17.700000,2111,2,helmet,0.755536,230.33,41.34,252.78,56.68
531,17.700000,2006,0,person,0.770722,138.20,137.43,195.97,207.61
531,17.700000,2004,74,bucket,0.629919,214.86,148.32,237.58,179.93
531,17.700000,2349,2,helmet,0.723562,198.85,67.28,214.75,84.44
531,17.700000,2354,0,person,0.447799,194.70,67.23,226.75,140.05
532,17.733333,1996,0,person,0.803007,227.23,40.73,271.33,158.46
532,17.733333,2002,0,person,0.589028,616.27,158.43,640.00,265.84
532,17.733333,2111,2,helmet,0.739606,229.24,41.16,251.53,56.57
532,17.733333,2006,0,person,0.775442,138.08,137.44,195.83,207.59
532,17.733333,2004,74,bucket,0.620393,214.77,148.36,237.49,179.97
532,17.733333,2349,2,helmet,0.726415,198.48,67.12,214.77,84.67
532,17.733333,2354,0,person,0.398073,194.81,67.05,226.95,140.27
532,17.733333,2345,2,helmet,0.301669,138.25,138.96,149.66,152.15
533,17.766667,1996,0,person,0.797844,227.24,40.39,271.57,158.31
533,17.766667,2002,0,person,0.597249,615.97,158.51,640.00,266.10
533,17.766667,2111,2,helmet,0.739128,228.92,40.86,250.88,56.20
533,17.766667,2006,0,person,0.765599,138.25,137.36,195.94,207.62
533,17.766667,2004,74,bucket,0.623322,214.93,148.57,237.39,179.81
533,17.766667,2349,2,helmet,0.715489,198.21,66.95,214.74,84.72
533,17.766667,2354,0,person,0.316797,194.80,66.84,226.90,140.16
534,17.800000,1996,0,person,0.812108,227.39,40.37,271.91,158.48
534,17.800000,2002,0,person,0.604904,616.23,158.37,640.00,266.49
534,17.800000,2111,2,helmet,0.752263,228.73,40.79,250.28,55.95
534,17.800000,2006,0,person,0.758613,138.51,137.50,196.02,207.79
534,17.800000,2004,74,bucket,0.634685,215.00,148.58,237.55,179.91
534,17.800000,2349,2,helmet,0.713816,198.02,66.81,214.97,85.07
535,17.833333,1996,0,person,0.813170,227.38,40.36,272.02,158.61
535,17.833333,2002,0,person,0.585056,615.46,158.51,640.00,266.73
535,17.833333,2111,2,helmet,0.750347,228.59,40.79,249.89,55.86
535,17.833333,2006,0,person,0.761043,138.99,137.71,196.46,207.97
535,17.833333,2004,74,bucket,0.649507,215.20,148.74,237.87,180.23
535,17.833333,2349,2,helmet,0.742053,198.01,66.93,214.94,85.18
535,17.833333,2354,0,person,0.338299,194.98,66.82,226.87,139.89
536,17.866667,1996,0,person,0.821522,227.60,40.35,272.34,158.65
536,17.866667,2002,0,person,0.561035,615.32,158.57,639.91,266.50
536,17.866667,2111,2,helmet,0.748772,228.60,40.79,249.72,55.82
536,17.866667,2006,0,person,0.775092,139.20,137.77,196.68,208.01
536,17.866667,2004,74,bucket,0.623001,215.37,148.83,237.90,180.11
536,17.866667,2349,2,helmet,0.765842,198.06,66.99,214.89,85.11
536,17.866667,2354,0,person,0.502177,194.85,66.83,227.14,141.02
537,17.900000,1996,0,person,0.818457,227.55,40.11,272.41,158.57
537,17.900000,2002,0,person,0.580714,614.90,158.48,639.65,266.66
537,17.900000,2111,2,helmet,0.742951,228.30,40.58,249.42,55.68
537,17.900000,2006,0,person,0.785775,139.06,137.79,196.59,208.05
537,17.900000,2004,74,bucket,0.620958,215.38,148.85,237.94,180.14
537,17.900000,2349,2,helmet,0.744527,197.96,66.97,214.97,85.30
538,17.933333,1996,0,person,0.809295,227.21,39.91,272.23,158.53
538,17.933333,2002,0,person,0.580265,614.73,158.39,639.60,266.72
538,17.933333,2111,2,helmet,0.739849,227.77,40.36,248.82,55.50
538,17.933333,2006,0,person,0.787456,139.44,137.80,196.91,208.03
538,17.933333,2004,74,bucket,0.619390,215.41,148.85,237.93,180.07
538,17.933333,2349,2,helmet,0.736208,197.92,66.94,215.04,85.45
539,17.966667,1996,0,person,0.816739,226.97,39.69,272.13,158.41
539,17.966667,2002,0,person,0.593489,614.93,158.50,639.83,266.96
539,17.966667,2111,2,helmet,0.756305,227.27,40.07,248.25,55.30
539,17.966667,2006,0,person,0.786240,138.77,137.65,196.19,207.70
539,17.966667,2004,74,bucket,0.603802,215.38,148.64,237.93,179.89
539,17.966667,2349,2,helmet,0.766540,198.08,66.87,215.01,85.22
539,17.966667,2345,2,helmet,0.476401,137.73,139.42,151.07,154.87
539,17.966667,2354,0,person,0.368213,195.40,66.72,227.05,139.51
540,18.000000,1996,0,person,0.824780,227.03,39.45,272.37,158.48
540,18.000000,2002,0,person,0.580012,615.14,158.83,640.00,267.22
540,18.000000,2111,2,helmet,0.759777,226.96,39.82,247.90,55.19
540,18.000000,2006,0,person,0.800019,138.50,137.71,196.03,207.81
540,18.000000,2004,74,bucket,0.626064,215.63,148.80,238.13,179.97
540,18.000000,2349,2,helmet,0.733011,198.14,66.73,215.04,85.14
540,18.000000,2345,2,helmet,0.481322,137.84,139.56,151.43,155.45
541,18.033333,1996,0,person,0.803615,226.68,39.40,272.24,158.57
541,18.033333,2002,0,person,0.596056,614.89,159.22,639.76,267.34
541,18.033333,2111,2,helmet,0.756748,226.93,39.73,247.73,55.15
541,18.033333,2006,0,person,0.796574,138.39,137.83,196.01,207.93
541,18.033333,2004,74,bucket,0.647042,215.79,149.11,238.30,180.26
541,18.033333,2349,2,helmet,0.747977,198.08,66.77,215.10,85.44
541,18.033333,2345,2,helmet,0.523947,137.83,139.68,151.64,155.96
542,18.066667,1996,0,person,0.807992,226.70,39.34,272.39,158.61
542,18.066667,2002,0,person,0.592138,614.51,159.51,639.46,267.29
542,18.066667,2111,2,helmet,0.751224,226.89,39.66,247.67,55.20
542,18.066667,2006,0,person,0.775251,138.26,137.83,195.90,207.85
542,18.066667,2004,74,bucket,0.655200,215.84,149.21,238.37,180.35
542,18.066667,2349,2,helmet,0.755447,198.12,66.81,215.29,85.74
542,18.066667,2345,2,helmet,0.422512,137.87,139.77,151.78,156.13
543,18.100000,1996,0,person,0.802812,226.41,39.35,272.22,158.73
543,18.100000,2002,0,person,0.596421,614.38,159.78,639.41,267.35
543,18.100000,2111,2,helmet,0.757014,226.70,39.66,247.40,55.27
543,18.100000,2006,0,person,0.772693,138.64,137.91,196.34,207.73
543,18.100000,2004,74,bucket,0.646611,215.85,149.29,238.40,180.44
543,18.100000,2349,2,helmet,0.749565,198.44,67.11,215.31,85.71
543,18.100000,2345,2,helmet,0.463655,137.89,139.76,151.82,156.21
544,18.133333,1996,0,person,0.801160,225.77,39.22,271.73,158.76
544,18.133333,2002,0,person,0.581327,614.44,159.81,639.52,267.26
544,18.133333,2111,2,helmet,0.750261,226.68,39.52,247.25,55.15
544,18.133333,2006,0,person,0.721923,137.82,137.74,195.84,207.55
544,18.133333,2004,74,bucket,0.652984,215.97,149.33,238.51,180.48
544,18.133333,2349,2,helmet,0.669809,198.94,67.20,214.13,83.83
544,18.133333,2345,2,helmet,0.324616,137.27,139.72,152.76,158.53
545,18.166667,1996,0,person,0.802610,225.56,39.18,271.54,158.73
545,18.166667,2002,0,person,0.572424,615.23,160.00,640.00,267.00
545,18.166667,2111,2,helmet,0.751260,226.56,39.50,246.91,55.06
545,18.166667,2006,0,person,0.716134,140.16,137.76,197.69,207.51
545,18.166667,2004,74,bucket,0.659918,215.81,149.28,238.39,180.51
545,18.166667,2349,2,helmet,0.725578,198.90,67.21,213.66,83.28
546,18.200000,1996,0,person,0.804718,225.18,39.00,271.26,158.73
546,18.200000,2002,0,person,0.572618,615.55,160.05,640.00,266.90
546,18.200000,2111,2,helmet,0.739274,226.64,39.32,246.75,54.77
546,18.200000,2006,0,person,0.700183,141.52,137.82,198.38,207.20
546,18.200000,2004,74,bucket,0.663933,215.74,149.29,238.31,180.50
546,18.200000,2349,2,helmet,0.664145,198.85,67.22,213.34,82.91
546,18.200000,2320,15,concrete block,0.260170,138.53,223.02,237.82,326.92
547,18.233333,1996,0,person,0.810078,225.13,38.77,271.31,158.74
547,18.233333,2002,0,person,0.569509,615.37,160.14,640.00,266.67
547,18.233333,2111,2,helmet,0.716802,226.72,39.07,246.62,54.43
547,18.233333,2006,0,person,0.447784,148.77,141.36,201.31,207.23
547,18.233333,2004,74,bucket,0.625454,215.68,149.12,238.26,180.36
547,18.233333,2349,2,helmet,0.635539,198.73,67.26,213.15,82.85
547,18.233333,2320,46,box,0.345820,138.70,223.13,237.72,326.94
548,18.266667,1996,0,person,0.783782,224.98,38.67,271.21,158.74
548,18.266667,2002,0,person,0.592022,614.61,159.89,639.59,267.04
548,18.266667,2111,2,helmet,0.727842,226.89,38.95,246.74,54.32
548,18.266667,2006,0,person,0.458263,151.38,140.53,203.42,207.66
548,18.266667,2004,74,bucket,0.597492,215.87,149.19,238.50,180.54
548,18.266667,2349,2,helmet,0.591738,198.86,67.55,213.15,82.95
548,18.266667,2320,15,concrete block,0.304972,138.83,223.09,237.83,326.96
549,18.300000,1996,0,person,0.790899,225.14,38.62,271.33,158.72
549,18.300000,2002,0,person,0.581188,614.36,159.61,639.53,267.14
549,18.300000,2111,2,helmet,0.733737,227.13,38.91,246.99,54.33
549,18.300000,2006,0,person,0.506057,155.63,140.56,205.52,207.55
549,18.300000,2004,74,bucket,0.585461,215.96,149.26,238.56,180.61
549,18.300000,2349,2,helmet,0.641755,198.98,67.69,213.17,82.92
549,18.300000,2363,36,trash can,0.489254,216.21,149.39,238.40,180.43
550,18.333333,1996,0,person,0.797263,225.01,38.39,271.24,158.69
550,18.333333,2002,0,person,0.578484,614.38,159.77,639.58,267.06
550,18.333333,2111,2,helmet,0.713130,226.77,38.66,246.67,54.20
550,18.333333,2006,0,person,0.393856,156.34,140.52,205.05,207.62
550,18.333333,2004,74,bucket,0.562691,215.93,149.21,238.50,180.56
550,18.333333,2349,2,helmet,0.610199,198.86,67.73,212.92,82.79
550,18.333333,2363,36,trash can,0.493600,216.10,149.27,238.31,180.34
550,18.333333,2320,15,concrete block,0.303210,138.69,223.04,237.68,327.01
551,18.366667,1996,0,person,0.784611,224.16,38.19,270.53,158.61
551,18.366667,2002,0,person,0.589339,614.32,159.90,639.54,266.85
551,18.366667,2111,2,helmet,0.669682,226.20,38.41,246.12,54.05
551,18.366667,2006,0,person,0.505499,159.01,140.06,207.07,207.72
551,18.366667,2349,2,helmet,0.519781,198.29,67.47,212.71,82.95
551,18.366667,2364,0,person,0.484683,335.22,0.44,359.72,37.19
551,18.366667,2320,15,concrete block,0.319544,138.44,223.05,237.31,326.91
552,18.400000,1996,0,person,0.782653,223.45,38.09,269.96,158.58
552,18.400000,2002,0,person,0.580158,615.49,160.03,640.00,266.76
552,18.400000,2111,2,helmet,0.678198,225.58,38.27,246.07,54.47
552,18.400000,2006,0,person,0.405707,159.50,139.75,206.16,207.42
552,18.400000,2349,2,helmet,0.509618,198.05,67.36,212.65,83.07
552,18.400000,2364,0,person,0.276130,334.88,0.51,360.02,38.27
552,18.400000,2320,15,concrete block,0.314231,138.32,223.05,237.06,326.85
552,18.400000,2004,74,bucket,0.633508,215.46,148.97,238.00,180.27
553,18.433333,1996,0,person,0.782492,222.86,38.18,269.55,158.69
553,18.433333,2002,0,person,0.564853,615.91,159.88,640.00,267.16
553,18.433333,2111,2,helmet,0.629556,225.35,38.40,246.02,54.88
553,18.433333,2349,2,helmet,0.586747,198.09,67.54,212.62,83.21
553,18.433333,2364,0,person,0.432359,333.99,0.34,359.98,39.50
553,18.433333,2004,74,bucket,0.630940,215.27,148.88,237.92,180.36
554,18.466667,1996,0,person,0.787649,222.81,38.52,269.58,158.85
554,18.466667,2002,0,person,0.576373,615.39,159.81,640.00,267.46
554,18.466667,2111,2,helmet,0.581797,225.27,38.80,245.76,55.24
554,18.466667,2364,0,person,0.560335,333.46,0.31,359.82,40.20
554,18.466667,2004,74,bucket,0.606842,215.08,149.01,237.60,180.28
554,18.466667,2320,46,box,0.332145,138.42,223.42,236.99,327.14
555,18.500000,1996,0,person,0.789734,222.37,38.63,269.38,158.94
555,18.500000,2002,0,person,0.570688,615.14,159.74,640.00,267.35
555,18.500000,2111,2,helmet,0.592696,224.88,38.94,245.96,56.02
555,18.500000,2364,0,person,0.626230,332.45,0.23,360.02,42.24
555,18.500000,2004,74,bucket,0.626409,215.03,149.25,237.73,180.80
555,18.500000,2369,46,box,0.306128,138.90,223.53,236.38,327.20
555,18.500000,2320,15,concrete block,0.338944,138.40,223.56,236.87,327.21
555,18.500000,2349,2,helmet,0.397132,198.04,68.11,212.41,83.68
556,18.533333,1996,0,person,0.789035,222.61,38.64,269.63,158.83
556,18.533333,2002,0,person,0.564522,615.21,159.82,640.00,266.78
556,18.533333,2111,2,helmet,0.604119,224.62,38.96,245.83,56.31
556,18.533333,2364,0,person,0.650427,331.54,0.25,359.78,43.53
556,18.533333,2349,2,helmet,0.373968,197.94,68.26,212.07,83.60
557,18.566667,1996,0,person,0.786864,222.44,38.63,269.45,158.74
557,18.566667,2002,0,person,0.565100,615.22,159.84,639.99,266.58
557,18.566667,2111,2,helmet,0.610268,224.47,38.94,245.66,56.42
557,18.566667,2364,0,person,0.652077,331.29,0.44,359.16,43.37
557,18.566667,2349,2,helmet,0.324940,197.90,68.29,211.96,83.60
557,18.566667,2320,46,box,0.324540,138.27,223.72,236.64,327.33
558,18.600000,1996,0,person,0.792034,222.52,38.99,269.44,158.90
558,18.600000,2002,0,person,0.567937,614.94,160.37,639.74,266.90
558,18.600000,2111,2,helmet,0.706753,224.44,39.37,245.72,57.08
558,18.600000,2364,0,person,0.687240,331.11,0.38,358.62,42.93
558,18.600000,2349,2,helmet,0.441449,197.75,68.43,211.75,83.72
558,18.600000,2320,46,box,0.325230,138.29,223.80,236.67,327.47
559,18.633333,1996,0,person,0.767423,221.33,39.31,268.23,158.51
559,18.633333,2002,0,person,0.574646,614.90,160.84,639.68,267.00
559,18.633333,2111,2,helmet,0.735121,224.41,39.69,245.81,57.65
559,18.633333,2364,0,person,0.715719,330.25,0.29,357.60,42.60
559,18.633333,2349,2,helmet,0.501884,197.96,68.58,211.77,83.70
560,18.666667,1996,0,person,0.801834,222.86,39.75,269.66,158.90
560,18.666667,2002,0,person,0.574058,615.42,160.53,640.00,267.30
560,18.666667,2111,2,helmet,0.654317,223.85,40.19,246.11,59.12
560,18.666667,2364,0,person,0.558316,329.70,0.23,356.81,42.31
560,18.666667,2320,46,box,0.329032,139.08,223.56,236.65,326.20
561,18.700000,1996,0,person,0.703374,223.29,40.27,269.87,158.89
561,18.700000,2002,0,person,0.562115,615.55,160.16,640.00,267.19
561,18.700000,2111,2,helmet,0.512229,224.03,40.72,246.14,59.75
561,18.700000,2364,0,person,0.668213,329.50,0.35,356.49,42.07
561,18.700000,2320,46,box,0.327868,139.34,223.52,236.99,326.12
562,18.733333,1996,0,person,0.787945,224.26,41.15,269.43,155.49
562,18.733333,2002,0,person,0.562539,615.69,160.31,640.00,267.07
562,18.733333,2111,2,helmet,0.347627,223.63,41.66,246.10,61.28
562,18.733333,2364,0,person,0.582834,328.83,0.29,355.60,41.57
562,18.733333,2320,46,box,0.351557,139.48,223.69,237.02,326.04
563,18.766667,1996,0,person,0.786012,224.91,41.70,269.35,153.39
563,18.766667,2002,0,person,0.565029,615.73,160.39,640.00,267.10
563,18.766667,2111,2,helmet,0.297022,223.04,42.14,246.31,62.82
563,18.766667,2364,0,person,0.423541,329.31,0.24,355.62,40.72
563,18.766667,2320,46,box,0.349766,139.61,223.82,236.90,325.77
564,18.800000,1996,0,person,0.786268,225.13,42.73,269.19,152.49
564,18.800000,2002,0,person,0.559752,615.94,160.57,640.00,267.28
564,18.800000,2364,0,person,0.363172,329.20,0.26,355.13,39.95
564,18.800000,2320,46,box,0.379632,139.48,223.95,236.97,326.01
565,18.833333,1996,0,person,0.775582,226.06,45.37,270.38,154.48
565,18.833333,2002,0,person,0.531301,616.02,160.27,640.00,267.38
565,18.833333,2364,0,person,0.628982,328.57,0.29,354.21,39.21
565,18.833333,2320,46,box,0.451582,139.84,224.38,237.00,325.93
566,18.866667,1996,0,person,0.758664,227.58,46.84,269.76,148.75
566,18.866667,2002,0,person,0.545666,616.52,160.90,640.00,267.54
566,18.866667,2364,0,person,0.657072,327.90,0.30,353.21,38.61
566,18.866667,2320,46,box,0.471013,139.91,224.46,237.20,326.05
567,18.900000,1996,0,person,0.794751,228.03,48.86,269.78,148.05
567,18.900000,2002,0,person,0.537770,616.14,160.77,640.00,267.45
567,18.900000,2364,0,person,0.563332,327.60,0.34,352.77,38.35
567,18.900000,2320,46,box,0.387669,139.95,224.43,237.36,326.09
568,18.933333,1996,0,person,0.803433,229.07,51.59,270.20,147.94
568,18.933333,2002,0,person,0.502628,616.06,161.23,640.00,267.50
568,18.933333,2364,0,person,0.600653,326.72,0.41,352.10,38.46
568,18.933333,2320,46,box,0.425630,140.10,224.50,237.44,326.05
569,18.966667,1996,0,person,0.807229,229.81,52.99,270.68,147.35
569,18.966667,2002,0,person,0.487540,615.84,160.22,640.00,267.66
569,18.966667,2364,0,person,0.548437,326.38,0.43,352.08,38.77
569,18.966667,2320,46,box,0.406938,140.06,224.50,237.61,326.26
570,19.000000,1996,0,person,0.771618,230.58,54.01,271.54,147.27
570,19.000000,2002,0,person,0.486172,615.77,159.88,640.00,267.72
570,19.000000,2364,0,person,0.672814,325.31,0.31,351.70,39.41
570,19.000000,2320,46,box,0.391279,140.15,224.46,237.83,326.41
571,19.033333,1996,0,person,0.761388,232.70,54.54,274.09,147.21
571,19.033333,2002,0,person,0.493875,616.65,160.93,640.00,267.71
571,19.033333,2364,0,person,0.648136,323.79,0.34,350.58,39.80
571,19.033333,2320,46,box,0.402650,140.18,224.42,237.92,326.45
572,19.066667,1996,0,person,0.746080,236.04,54.37,278.80,147.15
572,19.066667,2002,0,person,0.457656,617.22,161.86,640.00,267.57
572,19.066667,2364,0,person,0.682411,322.82,0.35,350.00,40.21
572,19.066667,2320,46,box,0.431422,140.24,224.57,237.85,326.46
573,19.100000,1996,0,person,0.806889,237.69,55.09,281.26,147.52
573,19.100000,2002,0,person,0.484846,618.06,162.78,640.00,267.58
573,19.100000,2364,0,person,0.639895,321.72,0.32,349.26,40.64
573,19.100000,2320,46,box,0.403266,140.13,224.63,237.69,326.40
573,19.100000,2349,2,helmet,0.574155,198.40,67.62,213.48,84.26
574,19.133333,1996,0,person,0.735658,240.83,56.19,285.21,147.56
574,19.133333,2002,0,person,0.478185,617.76,162.60,640.00,267.50
574,19.133333,2364,0,person,0.652272,320.72,0.30,348.51,40.85
574,19.133333,2320,46,box,0.383723,139.86,224.46,237.76,326.56
574,19.133333,2349,2,helmet,0.349820,198.44,66.31,213.91,83.65
575,19.166667,1996,0,person,0.713698,243.45,57.12,288.86,146.90
575,19.166667,2002,0,person,0.471982,618.20,162.47,640.00,267.70
575,19.166667,2364,0,person,0.626783,320.37,0.28,348.15,40.70
575,19.166667,2320,46,box,0.450752,140.32,224.99,237.79,326.59
575,19.166667,2349,2,helmet,0.538785,198.80,65.08,214.30,82.57
576,19.200000,1996,0,person,0.718799,244.91,58.75,290.97,146.63
576,19.200000,2002,0,person,0.478178,618.38,162.31,640.00,267.73
576,19.200000,2364,0,person,0.644980,319.82,0.28,347.85,40.95
576,19.200000,2320,46,box,0.452987,140.38,225.14,237.76,326.61
576,19.200000,2349,2,helmet,0.570548,198.80,64.31,214.40,82.05
577,19.233333,2364,0,person,0.263573,319.74,0.25,347.21,39.78
577,19.233333,2320,46,box,0.562500,140.21,225.38,237.68,326.91
578,19.266667,2364,0,person,0.474187,318.91,0.20,346.33,39.24
578,19.266667,2320,46,box,0.579558,140.30,225.74,237.69,327.15
579,19.300000,2364,0,person,0.626939,318.70,0.18,345.81,38.36
579,19.300000,2320,46,box,0.558571,140.24,225.87,237.67,327.31
580,19.333333,2364,0,person,0.591388,317.35,0.16,344.52,38.30
580,19.333333,2320,46,box,0.558983,140.33,226.25,237.56,327.43
581,19.366667,2364,0,person,0.492531,316.17,0.14,343.22,38.23
581,19.366667,2320,46,box,0.527900,140.19,226.97,237.39,328.06
582,19.400000,2364,0,person,0.489002,313.93,0.17,340.98,38.90
582,19.400000,2320,46,box,0.560234,139.62,227.26,237.03,328.48
583,19.433333,2320,46,box,0.531171,139.10,227.33,236.65,328.61
583,19.433333,2383,37,shelf,0.416672,473.85,0.31,574.98,95.79
584,19.466667,2320,46,box,0.523327,139.04,227.78,236.66,329.01
584,19.466667,2383,37,shelf,0.376103,473.53,0.31,575.19,96.29
585,19.500000,2320,46,box,0.511251,139.12,228.41,236.79,329.62
585,19.500000,2383,37,shelf,0.293188,473.09,0.38,575.38,97.01
586,19.533333,2320,46,box,0.543395,139.26,228.70,236.56,329.35
587,19.566667,2320,46,box,0.460954,139.16,228.94,236.57,329.57
587,19.566667,2387,2,helmet,0.589903,200.91,47.87,219.11,65.57
587,19.566667,2388,0,person,0.525404,196.44,46.99,230.39,139.50
588,19.600000,2320,46,box,0.423569,139.62,229.26,237.26,330.07
588,19.600000,2387,2,helmet,0.703239,201.84,46.28,220.16,64.15
588,19.600000,2388,0,person,0.707564,195.67,45.72,229.50,137.61
589,19.633333,2320,46,box,0.384832,140.10,229.65,238.04,330.70
589,19.633333,2387,2,helmet,0.704513,203.08,44.37,221.47,62.36
589,19.633333,2388,0,person,0.672112,195.14,44.17,229.36,136.92
589,19.633333,1996,0,person,0.563582,278.50,76.81,323.35,164.89
590,19.666667,2320,46,box,0.344923,140.35,230.30,238.55,331.65
590,19.666667,2387,2,helmet,0.675047,203.96,43.66,222.26,61.66
590,19.666667,2388,0,person,0.664272,194.79,43.68,230.27,139.63
590,19.666667,2383,37,shelf,0.277903,472.47,0.41,577.05,99.51
591,19.700000,2320,46,box,0.339993,140.42,230.54,238.72,332.00
591,19.700000,2387,2,helmet,0.673296,204.25,43.49,222.44,61.48
591,19.700000,2388,0,person,0.663535,194.67,43.56,230.61,140.55
591,19.700000,2383,37,shelf,0.278341,472.60,0.41,577.01,99.66
592,19.733333,2320,46,box,0.400391,140.33,230.83,238.49,332.15
592,19.733333,2387,2,helmet,0.729458,203.94,43.18,222.15,61.28
592,19.733333,2388,0,person,0.635683,194.55,43.02,231.62,142.86
592,19.733333,2383,37,shelf,0.299586,472.32,0.42,576.80,100.12
593,19.766667,2320,46,box,0.354729,140.13,230.87,238.43,332.37
593,19.766667,2387,2,helmet,0.725512,204.20,42.13,221.85,59.75
593,19.766667,2388,0,person,0.715957,193.45,41.87,230.04,140.46
593,19.766667,2383,37,shelf,0.286181,472.23,0.39,576.61,100.36
594,19.800000,2320,46,box,0.254664,140.09,231.02,238.27,332.39
594,19.800000,2387,2,helmet,0.711759,204.45,41.31,221.35,58.19
594,19.800000,2388,0,person,0.711405,193.16,40.88,229.24,138.14
594,19.800000,2383,37,shelf,0.278039,472.14,0.42,576.38,100.59
595,19.833333,2387,2,helmet,0.671522,204.10,40.26,221.09,57.24
595,19.833333,2388,0,person,0.707812,192.82,39.84,228.85,136.99
595,19.833333,2383,37,shelf,0.272352,472.19,0.44,576.16,100.67
596,19.866667,2387,2,helmet,0.771526,203.98,39.49,220.93,56.43
596,19.866667,2388,0,person,0.762253,192.30,39.10,228.82,137.64
596,19.866667,2383,37,shelf,0.303014,472.17,0.53,576.02,100.96
596,19.866667,2320,46,box,0.285914,139.82,231.43,237.76,332.42
597,19.900000,2387,2,helmet,0.767751,203.98,39.11,220.80,55.90
597,19.900000,2388,0,person,0.733735,191.93,38.81,228.25,136.83
597,19.900000,2383,37,shelf,0.319870,472.00,0.54,575.87,101.33
597,19.900000,2320,46,box,0.327961,139.66,231.69,237.52,332.55
597,19.900000,1996,0,person,0.690942,290.20,89.40,339.35,185.44
598,19.933333,2387,2,helmet,0.753249,203.85,38.69,220.56,55.34
598,19.933333,2388,0,person,0.730734,191.68,38.52,227.90,136.35
598,19.933333,2383,37,shelf,0.331882,471.86,0.58,575.47,101.43
598,19.933333,2320,46,box,0.252198,139.12,231.78,237.12,332.57
598,19.933333,2394,2,helmet,0.369483,292.23,90.35,312.05,112.06
598,19.933333,1996,0,person,0.672565,291.03,90.39,340.29,186.65
599,19.966667,2387,2,helmet,0.735890,203.85,38.19,220.47,54.72
599,19.966667,2388,0,person,0.703217,191.45,37.96,228.34,137.94
599,19.966667,2383,37,shelf,0.329961,471.87,0.57,575.23,101.47
599,19.966667,2394,2,helmet,0.499021,292.54,93.60,313.10,116.18
599,19.966667,1996,0,person,0.758937,292.68,93.34,341.15,186.85
600,20.000000,2387,2,helmet,0.746872,203.83,37.56,220.55,54.18
600,20.000000,2388,0,person,0.704719,192.01,37.30,228.80,137.12
600,20.000000,2383,37,shelf,0.342307,471.96,0.55,575.08,101.51
600,20.000000,1996,0,person,0.758750,297.08,94.88,346.76,187.11
600,20.000000,2320,46,box,0.265703,139.29,231.84,237.36,332.74
601,20.033333,2387,2,helmet,0.761172,204.03,37.08,220.72,53.67
601,20.033333,2388,0,person,0.713830,193.23,36.69,229.54,135.23
601,20.033333,2383,37,shelf,0.335686,472.40,0.55,575.06,101.29
601,20.033333,1996,0,person,0.834738,299.31,96.82,349.78,187.08
601,20.033333,2320,46,box,0.304979,139.74,231.61,237.84,332.57
601,20.033333,2394,2,helmet,0.490671,293.78,97.31,314.30,119.96
602,20.066667,2387,2,helmet,0.757796,204.74,36.82,221.15,53.06
602,20.066667,2388,0,person,0.621173,193.37,36.51,230.61,138.17
602,20.066667,2383,37,shelf,0.361163,473.06,0.58,575.32,101.20
602,20.066667,1996,0,person,0.842067,300.08,98.94,351.46,187.85
602,20.066667,2320,46,box,0.271932,140.12,231.53,238.25,332.57
602,20.066667,2394,2,helmet,0.597273,295.52,99.58,315.56,121.77
603,20.100000,2387,2,helmet,0.749360,205.24,36.61,221.45,52.60
603,20.100000,2388,0,person,0.717098,194.85,36.20,231.00,135.22
603,20.100000,2383,37,shelf,0.346843,473.66,0.63,575.51,101.06
603,20.100000,1996,0,person,0.791847,301.00,99.91,353.65,187.92
603,20.100000,2320,46,box,0.261685,140.37,231.28,238.57,332.44
603,20.100000,2394,2,helmet,0.573888,296.58,100.44,316.20,122.19
604,20.133333,2387,2,helmet,0.748740,205.14,36.31,221.61,52.51
604,20.133333,2388,0,person,0.724524,195.02,35.98,231.18,135.39
604,20.133333,2383,37,shelf,0.326380,473.74,0.61,575.38,101.05
604,20.133333,1996,0,person,0.795169,300.76,100.38,354.42,187.39
604,20.133333,2320,46,box,0.267454,140.37,231.22,238.43,332.29
604,20.133333,2394,2,helmet,0.525617,296.99,100.85,316.43,122.39
605,20.166667,2387,2,helmet,0.735837,204.75,35.82,221.55,52.44
605,20.166667,2388,0,person,0.718320,194.10,35.63,230.78,137.10
605,20.166667,2383,37,shelf,0.296971,473.47,0.64,574.89,100.99
605,20.166667,1996,0,person,0.755643,298.98,101.31,356.32,192.64
605,20.166667,2394,2,helmet,0.583090,297.29,101.72,316.53,123.06
606,20.200000,2387,2,helmet,0.737532,203.82,35.51,220.91,52.51
606,20.200000,2388,0,person,0.762810,192.54,35.14,229.58,138.18
606,20.200000,2383,37,shelf,0.303161,472.60,0.51,574.07,101.05
606,20.200000,1996,0,person,0.760396,298.03,102.31,356.78,194.29
606,20.200000,2394,2,helmet,0.659448,296.60,102.57,316.40,124.53
607,20.233333,2387,2,helmet,0.747709,203.30,35.11,220.46,52.24
607,20.233333,2388,0,person,0.710776,191.93,34.64,229.00,138.40
607,20.233333,2383,37,shelf,0.308807,472.02,0.46,573.47,101.10
607,20.233333,1996,0,person,0.782648,296.12,102.41,356.27,194.90
607,20.233333,2394,2,helmet,0.606380,295.08,102.72,315.40,125.18
607,20.233333,2320,46,box,0.272168,138.46,230.88,236.62,331.93
608,20.266667,2387,2,helmet,0.727906,203.25,34.94,220.46,52.21
608,20.266667,2388,0,person,0.756452,191.11,34.47,228.28,138.55
608,20.266667,2383,37,shelf,0.302072,471.93,0.46,573.27,101.11
608,20.266667,1996,0,person,0.812397,296.21,103.40,356.95,195.62
608,20.266667,2394,2,helmet,0.641756,294.64,103.78,315.32,126.73
608,20.266667,2402,0,person,0.338142,306.09,0.54,326.86,27.46
609,20.300000,2387,2,helmet,0.740091,203.45,34.99,220.64,52.28
609,20.300000,2388,0,person,0.718672,191.31,34.54,228.57,139.03
609,20.300000,2383,37,shelf,0.324527,471.85,0.54,573.11,101.21
609,20.300000,1996,0,person,0.813540,295.81,104.64,356.79,196.07
609,20.300000,2394,2,helmet,0.666192,293.74,105.14,314.64,128.30
609,20.300000,2402,0,person,0.381872,306.02,0.60,327.18,28.05
610,20.333333,2387,2,helmet,0.731826,203.36,35.09,220.33,52.22
610,20.333333,2388,0,person,0.719776,190.85,34.67,227.99,139.00
610,20.333333,2383,37,shelf,0.309843,471.47,0.49,572.96,101.51
610,20.333333,1996,0,person,0.794209,294.72,105.26,356.15,195.96
610,20.333333,2394,2,helmet,0.297488,292.55,105.89,313.54,129.08
610,20.333333,2402,0,person,0.260764,305.73,0.66,327.25,28.59
610,20.333333,2405,37,shelf,0.315563,333.63,27.14,438.53,118.69
611,20.366667,2387,2,helmet,0.737947,202.90,35.05,219.67,51.96
611,20.366667,2388,0,person,0.742334,190.29,34.58,227.33,138.73
611,20.366667,2383,37,shelf,0.308659,471.14,0.52,572.60,101.51
611,20.366667,1996,0,person,0.763110,291.56,106.39,354.24,196.77
611,20.366667,2402,0,person,0.387220,305.54,0.66,327.09,28.68
611,20.366667,2405,37,shelf,0.316848,332.18,25.24,439.00,118.51
612,20.400000,2387,2,helmet,0.711191,202.44,34.88,219.25,51.88
612,20.400000,2388,0,person,0.732090,190.15,34.39,227.13,138.73
612,20.400000,2383,37,shelf,0.301854,470.46,0.51,571.86,101.53
612,20.400000,1996,0,person,0.739150,286.55,107.60,353.78,203.39
612,20.400000,2402,0,person,0.337932,305.08,0.62,326.59,28.63
612,20.400000,2405,37,shelf,0.297006,331.73,25.79,438.03,118.62
613,20.433333,2387,2,helmet,0.727681,202.32,35.00,219.07,51.97
613,20.433333,2388,0,person,0.734378,191.10,34.51,228.01,138.88
613,20.433333,2383,37,shelf,0.256497,469.87,0.57,571.23,101.67
613,20.433333,1996,0,person,0.729451,284.71,108.97,353.50,205.79
613,20.433333,2402,0,person,0.409556,304.81,0.59,326.23,28.55
613,20.433333,2405,37,shelf,0.304431,330.35,23.88,438.97,118.86
614,20.466667,2387,2,helmet,0.737446,202.45,35.07,219.07,51.88
614,20.466667,2388,0,person,0.725912,191.30,34.67,227.99,138.74
614,20.466667,1996,0,person,0.778749,283.61,111.87,351.98,206.71
614,20.466667,2402,0,person,0.417869,304.68,0.59,326.08,28.62
614,20.466667,2405,37,shelf,0.267527,329.95,23.31,439.17,118.99
615,20.500000,2387,2,helmet,0.733389,202.42,35.08,219.13,51.98
615,20.500000,2388,0,person,0.726672,191.26,34.70,228.04,139.19
615,20.500000,1996,0,person,0.628529,278.89,117.50,343.07,207.17
615,20.500000,2402,0,person,0.487871,304.59,0.59,326.00,28.74
615,20.500000,2405,37,shelf,0.262869,330.36,24.10,438.72,119.12
615,20.500000,2320,46,box,0.273795,136.56,231.92,233.93,332.25
616,20.533333,2387,2,helmet,0.733530,202.37,35.09,219.17,52.09
616,20.533333,2388,0,person,0.738171,191.18,34.73,227.86,139.07
616,20.533333,1996,0,person,0.499723,277.28,127.96,333.77,207.32
616,20.533333,2402,0,person,0.462162,304.64,0.59,326.11,28.96
616,20.533333,2405,37,shelf,0.267175,329.93,23.36,438.96,119.19
616,20.533333,2320,46,box,0.263571,136.37,232.06,233.74,332.38
617,20.566667,2387,2,helmet,0.723444,202.53,34.99,219.45,52.15
617,20.566667,2388,0,person,0.722893,191.65,34.65,228.26,139.10
617,20.566667,1996,0,person,0.355843,276.50,129.46,331.29,206.95
617,20.566667,2402,0,person,0.392495,304.94,0.64,326.49,29.20
617,20.566667,2405,37,shelf,0.293238,330.49,24.20,438.46,119.20
617,20.566667,2320,46,box,0.345759,136.49,232.07,233.92,332.47
618,20.600000,2387,2,helmet,0.715962,202.78,35.02,219.76,52.26
618,20.600000,2388,0,person,0.725460,191.91,34.67,228.42,139.20
618,20.600000,1996,0,person,0.433445,281.14,137.67,327.47,203.51
618,20.600000,2402,0,person,0.370460,305.37,0.68,326.84,29.25
618,20.600000,2405,37,shelf,0.274872,330.96,24.53,438.39,119.16
618,20.600000,2320,46,box,0.262225,136.53,232.06,234.00,332.48
619,20.633333,2387,2,helmet,0.729211,203.07,35.05,220.07,52.32
619,20.633333,2388,0,person,0.722197,192.32,34.72,228.61,138.71
619,20.633333,1996,0,person,0.459844,283.02,140.29,326.33,202.06
619,20.633333,2402,0,person,0.370188,305.72,0.70,327.11,29.27
619,20.633333,2405,37,shelf,0.259589,331.43,24.85,438.32,119.10
619,20.633333,2383,54,scissor lift,0.297422,470.34,0.49,571.50,101.53
620,20.666667,2387,2,helmet,0.740847,203.38,35.08,220.28,52.19
620,20.666667,2388,0,person,0.719479,192.54,34.74,228.94,139.20
620,20.666667,2402,0,person,0.421997,305.98,0.74,327.29,29.32
620,20.666667,2405,37,shelf,0.257271,331.17,24.06,438.75,119.11
620,20.666667,2383,54,scissor lift,0.334632,470.42,0.46,571.51,101.52
621,20.700000,2387,2,helmet,0.721941,203.49,35.09,220.41,52.21
621,20.700000,2388,0,person,0.725078,192.61,34.75,228.92,139.05
621,20.700000,2402,0,person,0.371133,306.05,0.77,327.49,29.69
621,20.700000,2405,37,shelf,0.265174,331.66,24.90,438.22,119.10
621,20.700000,2383,54,scissor lift,0.261002,470.43,0.46,571.38,101.47
621,20.700000,2320,46,box,0.335989,136.63,232.01,234.15,332.53
621,20.700000,1996,0,person,0.388248,272.87,143.58,319.14,207.49
622,20.733333,2387,2,helmet,0.749903,203.58,35.27,220.42,52.27
622,20.733333,2388,0,person,0.726549,192.73,34.95,228.98,138.93
622,20.733333,2402,0,person,0.550540,305.73,0.58,328.50,31.60
622,20.733333,2383,54,scissor lift,0.304358,470.30,0.45,571.24,101.60
622,20.733333,2320,46,box,0.271686,136.97,231.88,234.31,332.14
623,20.766667,2387,2,helmet,0.740466,203.96,35.63,220.70,52.50
623,20.766667,2388,0,person,0.728442,192.92,35.36,229.65,140.67
623,20.766667,2402,0,person,0.575986,306.05,0.45,329.39,32.53
623,20.766667,2383,54,scissor lift,0.332517,470.61,0.44,571.69,101.79
623,20.766667,2320,46,box,0.298898,137.46,232.44,234.46,332.31
623,20.766667,2405,37,shelf,0.293751,332.03,25.76,438.14,119.64
623,20.766667,1996,0,person,0.528853,263.41,146.89,319.76,224.28
624,20.800000,2387,2,helmet,0.746228,204.11,36.30,220.78,53.08
624,20.800000,2388,0,person,0.727293,192.97,36.08,229.74,141.55
624,20.800000,2402,0,person,0.663204,305.72,0.30,330.22,34.46
624,20.800000,2383,54,scissor lift,0.336629,470.21,0.44,571.80,102.45
624,20.800000,2320,46,box,0.269278,137.43,232.89,234.51,332.77
624,20.800000,2405,37,shelf,0.267392,331.75,25.90,438.31,120.33
625,20.833333,2387,2,helmet,0.746245,204.08,36.82,220.88,53.73
625,20.833333,2388,0,person,0.691251,193.04,36.53,230.22,143.22
625,20.833333,2402,0,person,0.659651,305.48,0.23,330.58,35.73
625,20.833333,2383,54,scissor lift,0.378818,469.97,0.45,571.78,102.88
625,20.833333,2320,46,box,0.278398,137.75,233.12,234.62,332.77
625,20.833333,2405,37,shelf,0.259302,331.45,25.41,438.80,120.80
625,20.833333,1996,0,person,0.465014,261.04,151.18,318.36,229.08
626,20.866667,2387,2,helmet,0.744244,204.06,37.01,220.93,53.99
626,20.866667,2388,0,person,0.708071,193.19,36.71,230.22,142.89
626,20.866667,2402,0,person,0.659515,305.80,0.22,330.37,35.35
626,20.866667,2383,54,scissor lift,0.353260,469.70,0.47,571.40,103.02
626,20.866667,1996,0,person,0.616682,260.48,151.45,318.70,229.77
627,20.900000,2387,2,helmet,0.741357,204.00,36.95,220.74,53.78
627,20.900000,2388,0,person,0.708200,193.05,36.65,230.01,142.65
627,20.900000,2402,0,person,0.669967,305.55,0.21,330.51,36.42
627,20.900000,2383,54,scissor lift,0.316733,469.67,0.46,571.19,102.96
627,20.900000,1996,0,person,0.387326,250.50,150.69,314.97,234.71
627,20.900000,2407,76,gloves,0.739830,607.38,222.72,627.14,238.62
627,20.900000,2320,46,box,0.266650,137.17,233.03,234.25,332.79
627,20.900000,2405,37,shelf,0.252242,330.96,24.91,438.59,120.81
628,20.933333,2387,2,helmet,0.746214,203.91,36.91,220.67,53.76
628,20.933333,2388,0,person,0.705285,192.73,36.70,229.75,142.85
628,20.933333,2402,0,person,0.667035,305.94,0.22,329.94,35.32
628,20.933333,2383,54,scissor lift,0.355964,469.54,0.46,570.97,103.03
628,20.933333,1996,0,person,0.525308,254.72,150.68,317.55,232.03
629,20.966667,2387,2,helmet,0.746975,203.87,36.90,220.64,53.75
629,20.966667,2388,0,person,0.705735,192.61,36.71,229.64,142.92
629,20.966667,2402,0,person,0.667520,306.14,0.22,329.65,34.84
629,20.966667,2383,54,scissor lift,0.353183,469.55,0.46,570.85,103.06
629,20.966667,1996,0,person,0.526404,256.49,150.55,318.80,230.78
629,20.966667,2409,0,person,0.461389,239.43,180.34,274.85,235.59
630,21.000000,2387,2,helmet,0.745468,203.85,36.89,220.63,53.75
630,21.000000,2388,0,person,0.704523,192.54,36.69,229.64,143.10
630,21.000000,2402,0,person,0.664799,306.26,0.23,329.49,34.65
630,21.000000,2383,54,scissor lift,0.363012,469.58,0.45,570.70,103.01
630,21.000000,1996,0,person,0.602049,256.17,149.85,318.68,230.00
630,21.000000,2409,0,person,0.398341,239.70,180.03,274.46,234.16
631,21.033333,2387,2,helmet,0.735719,203.27,36.48,220.02,53.33
631,21.033333,2388,0,person,0.696040,192.41,36.22,228.93,141.10
631,21.033333,2402,0,person,0.648217,305.85,0.25,329.68,35.94
631,21.033333,2383,54,scissor lift,0.376275,469.65,0.46,570.49,102.83
631,21.033333,1996,0,person,0.528096,255.79,149.02,318.68,229.48
631,21.033333,2409,0,person,0.277783,239.41,179.04,274.65,233.56
631,21.033333,2405,37,shelf,0.252097,330.87,25.01,437.60,120.30
632,21.066667,2387,2,helmet,0.736930,202.83,36.36,219.56,53.18
632,21.066667,2388,0,person,0.693176,192.06,36.05,228.57,141.23
632,21.066667,2402,0,person,0.648798,305.78,0.25,329.46,36.00
632,21.066667,2383,54,scissor lift,0.401075,469.56,0.44,570.25,102.70
632,21.066667,2320,46,box,0.307474,136.34,232.65,233.92,332.90
633,21.100000,2387,2,helmet,0.736888,202.74,36.65,219.26,53.26
633,21.100000,2388,0,person,0.691149,192.30,36.30,228.73,141.18
633,21.100000,2402,0,person,0.665707,306.01,0.25,328.85,34.87
633,21.100000,2383,54,scissor lift,0.359672,469.32,0.41,570.27,103.00
633,21.100000,2320,46,box,0.357412,136.44,232.69,233.88,332.93
633,21.100000,1996,0,person,0.418298,255.04,149.19,317.80,229.29
634,21.133333,2387,2,helmet,0.750804,202.43,36.92,218.69,53.23
634,21.133333,2388,0,person,0.695946,192.14,36.40,228.41,140.51
634,21.133333,2402,0,person,0.665915,305.71,0.26,328.62,35.20
634,21.133333,2383,54,scissor lift,0.365365,468.96,0.43,569.91,103.11
634,21.133333,2320,46,box,0.284216,135.63,232.55,232.97,332.67
635,21.166667,2387,2,helmet,0.745077,201.65,36.40,218.13,52.92
635,21.166667,2388,0,person,0.692337,190.81,36.02,227.98,142.89
635,21.166667,2402,0,person,0.629680,304.78,0.26,328.39,36.72
635,21.166667,2383,54,scissor lift,0.255438,468.30,0.46,568.89,102.82
635,21.166667,2320,46,box,0.317029,134.86,232.40,232.29,332.67
635,21.166667,1996,0,person,0.342917,254.07,148.21,317.50,228.81
636,21.200000,2387,2,helmet,0.755964,200.76,36.33,217.39,53.03
636,21.200000,2388,0,person,0.699794,189.84,35.95,227.50,144.30
636,21.200000,2402,0,person,0.613294,304.56,0.28,327.26,35.41
636,21.200000,2383,37,shelf,0.251984,467.51,0.57,568.24,103.15
636,21.200000,1996,0,person,0.750011,245.63,145.83,312.85,229.00
637,21.233333,2387,2,helmet,0.735078,199.62,36.25,216.09,52.80
637,21.233333,2388,0,person,0.704650,189.17,35.95,226.80,144.27
637,21.233333,2402,0,person,0.645836,303.81,0.23,326.16,34.96
637,21.233333,2417,0,person,0.336328,581.59,96.02,609.76,165.32
638,21.266667,2387,2,helmet,0.747921,198.62,36.24,215.17,52.86
638,21.266667,2388,0,person,0.711143,188.32,35.87,225.92,144.13
638,21.266667,2402,0,person,0.643729,302.89,0.21,325.43,35.45
638,21.266667,2417,0,person,0.391339,581.32,96.02,609.67,165.65
638,21.266667,2320,46,box,0.262910,131.70,232.34,229.11,332.39
639,21.300000,2387,2,helmet,0.752239,198.07,35.94,214.71,52.67
639,21.300000,2388,0,person,0.730391,188.02,35.56,224.91,142.04
639,21.300000,2402,0,person,0.624050,302.76,0.21,324.59,34.39
639,21.300000,2417,0,person,0.301884,578.69,95.13,607.10,164.90
640,21.333333,2387,2,helmet,0.761718,197.81,35.48,214.66,52.49
640,21.333333,2388,0,person,0.702352,188.15,35.07,225.67,144.33
640,21.333333,2402,0,person,0.603127,302.50,0.23,324.44,34.78
640,21.333333,2417,0,person,0.454543,572.62,93.76,602.00,165.28
640,21.333333,1996,0,person,0.648855,251.14,152.75,313.14,228.06
641,21.366667,2387,2,helmet,0.743159,197.80,35.61,214.69,52.72
641,21.366667,2388,0,person,0.676039,188.50,35.30,225.78,144.70
641,21.366667,2402,0,person,0.613202,302.29,0.26,324.51,35.49
641,21.366667,2417,0,person,0.410238,569.57,93.53,599.67,165.86
641,21.366667,2423,2,helmet,0.466471,250.65,154.61,268.37,174.17
641,21.366667,1996,0,person,0.646616,251.64,153.97,313.66,228.17
642,21.400000,2387,2,helmet,0.769965,197.81,36.34,214.49,53.23
642,21.400000,2388,0,person,0.674940,188.98,35.95,225.96,145.01
642,21.400000,2402,0,person,0.601133,302.23,0.26,324.58,35.95
642,21.400000,2417,0,person,0.464732,566.29,93.45,597.44,167.15
642,21.400000,2423,2,helmet,0.540287,250.89,154.73,267.80,173.37
642,21.400000,1996,0,person,0.692472,251.69,154.08,314.45,228.27
643,21.433333,2387,2,helmet,0.768360,197.55,36.10,214.33,53.12
643,21.433333,2388,0,person,0.641486,189.06,35.68,226.30,146.02
643,21.433333,2402,0,person,0.597085,302.14,0.27,324.30,35.84
643,21.433333,2417,0,person,0.463904,558.11,93.45,596.99,184.72
643,21.433333,2423,2,helmet,0.655764,250.43,152.87,268.45,172.77
643,21.433333,1996,0,person,0.760182,251.48,152.65,315.64,227.93
644,21.466667,2387,2,helmet,0.768728,197.22,35.60,214.21,52.89
644,21.466667,2388,0,person,0.633478,188.77,35.24,226.06,146.21
644,21.466667,2402,0,person,0.615189,302.00,0.28,323.96,35.63
644,21.466667,2423,2,helmet,0.653269,250.00,152.20,268.02,172.13
644,21.466667,1996,0,person,0.756682,250.90,152.12,315.76,227.62
645,21.500000,2387,2,helmet,0.763719,196.93,35.65,213.74,52.75
645,21.500000,2388,0,person,0.628328,188.57,35.28,225.49,145.69
645,21.500000,2402,0,person,0.599477,301.91,0.28,323.59,35.28
645,21.500000,1996,0,person,0.526550,249.44,151.02,315.67,227.34
646,21.533333,2387,2,helmet,0.764747,196.84,35.67,213.57,52.70
646,21.533333,2388,0,person,0.651721,188.58,35.29,225.00,144.61
646,21.533333,2402,0,person,0.594108,301.90,0.28,323.44,35.13
646,21.533333,1996,0,person,0.744554,247.86,150.11,315.59,227.17
647,21.566667,2387,2,helmet,0.752234,196.76,35.79,213.65,53.04
647,21.566667,2388,0,person,0.659373,188.49,35.38,224.15,142.74
647,21.566667,2402,0,person,0.616258,301.86,0.27,323.43,35.28
647,21.566667,1996,0,person,0.698018,248.40,149.78,316.55,226.80
648,21.600000,2387,2,helmet,0.756858,196.62,36.17,213.38,53.31
648,21.600000,2388,0,person,0.645664,188.30,35.70,224.11,143.94
648,21.600000,2402,0,person,0.636537,301.62,0.25,323.33,35.63
648,21.600000,1996,0,person,0.479139,252.60,147.79,321.02,226.49
648,21.600000,2417,0,person,0.336964,544.94,91.93,588.78,193.79
649,21.633333,2387,2,helmet,0.758730,196.39,36.31,213.06,53.43
649,21.633333,2388,0,person,0.650128,188.34,35.80,223.51,142.44
649,21.633333,2402,0,person,0.636128,301.48,0.22,323.14,35.62
649,21.633333,1996,0,person,0.688615,250.06,144.98,320.41,226.07
649,21.633333,2417,0,person,0.274113,543.72,97.14,585.79,194.12
650,21.666667,2387,2,helmet,0.761234,196.33,36.38,212.93,53.47
650,21.666667,2388,0,person,0.644829,188.26,35.85,223.01,141.52
650,21.666667,2402,0,person,0.630071,301.45,0.21,323.07,35.64
650,21.666667,1996,0,person,0.714290,249.17,143.67,320.29,225.86
650,21.666667,2417,0,person,0.579472,542.89,97.42,585.06,194.15
651,21.700000,2387,2,helmet,0.764046,196.42,36.68,212.83,53.60
651,21.700000,2388,0,person,0.648833,188.36,36.14,222.89,141.26
651,21.700000,2402,0,person,0.644974,301.36,0.19,323.13,36.01
651,21.700000,1996,0,person,0.688731,248.15,142.31,320.09,225.72
651,21.700000,2417,0,person,0.412025,543.52,96.54,585.17,193.61
652,21.733333,2387,2,helmet,0.765166,196.48,36.94,212.78,53.77
652,21.733333,2388,0,person,0.644589,188.35,36.42,223.14,142.73
652,21.733333,2402,0,person,0.646582,301.29,0.17,323.20,36.35
652,21.733333,1996,0,person,0.623504,247.05,140.61,320.18,225.80
652,21.733333,2417,0,person,0.457214,541.06,92.82,584.09,194.48
653,21.766667,2387,2,helmet,0.758032,196.51,37.16,212.79,54.00
653,21.766667,2388,0,person,0.626611,188.37,36.68,223.31,143.72
653,21.766667,2402,0,person,0.634777,301.28,0.16,323.21,36.50
653,21.766667,1996,0,person,0.555141,246.92,140.24,320.10,225.85
653,21.766667,2417,0,person,0.525409,539.57,90.31,583.53,195.61
653,21.766667,2432,0,person,0.484455,560.02,169.38,623.95,308.93
654,21.800000,2387,2,helmet,0.758928,196.44,36.98,212.66,53.75
654,21.800000,2388,0,person,0.625464,188.18,36.45,222.92,142.89
654,21.800000,2402,0,person,0.635236,301.18,0.18,322.94,36.38
654,21.800000,1996,0,person,0.687602,246.06,137.61,320.68,225.89
654,21.800000,2417,0,person,0.607313,538.56,84.85,583.41,193.92
655,21.833333,2387,2,helmet,0.747393,196.12,36.40,212.47,53.33
655,21.833333,2388,0,person,0.628461,187.90,35.89,222.23,141.31
655,21.833333,2402,0,person,0.623471,301.28,0.20,322.69,35.88
655,21.833333,1996,0,person,0.587163,248.15,138.30,321.27,225.58
655,21.833333,2417,0,person,0.449004,537.86,86.52,581.82,194.75
656,21.866667,2387,2,helmet,0.744816,196.08,36.19,212.47,53.19
656,21.866667,2388,0,person,0.636594,187.86,35.70,221.93,140.50
656,21.866667,2402,0,person,0.626697,301.32,0.21,322.59,35.71
656,21.866667,1996,0,person,0.489092,247.75,136.98,321.12,225.37
656,21.866667,2417,0,person,0.435390,537.69,87.59,581.13,195.25
657,21.900000,2387,2,helmet,0.748454,196.12,36.37,212.45,53.31
657,21.900000,2388,0,person,0.638734,187.74,35.84,221.88,141.04
657,21.900000,2402,0,person,0.645824,301.27,0.21,322.65,36.03
657,21.900000,1996,0,person,0.547899,246.83,132.25,322.96,225.58
657,21.900000,2417,0,person,0.416945,535.66,86.37,577.99,191.32
658,21.933333,2387,2,helmet,0.750318,196.33,36.68,212.56,53.50
658,21.933333,2388,0,person,0.650357,188.14,36.14,222.47,142.23
658,21.933333,2402,0,person,0.618295,301.53,0.21,322.86,35.96
658,21.933333,1996,0,person,0.538473,247.17,130.20,323.40,225.63
658,21.933333,2417,0,person,0.566366,532.00,91.50,573.24,192.39
659,21.966667,2387,2,helmet,0.739542,196.39,36.80,212.63,53.60
659,21.966667,2388,0,person,0.653005,188.34,36.27,222.75,142.97
659,21.966667,2402,0,person,0.619101,301.64,0.21,322.94,35.94
659,21.966667,1996,0,person,0.574710,248.03,129.92,323.12,225.64
659,21.966667,2417,0,person,0.547513,530.53,93.73,571.51,192.70
660,22.000000,2387,2,helmet,0.740142,196.25,36.85,212.50,53.65
660,22.000000,2388,0,person,0.633099,188.21,36.32,223.02,144.26
660,22.000000,2402,0,person,0.631559,301.54,0.21,322.98,36.30
660,22.000000,1996,0,person,0.599641,247.83,126.66,323.45,225.75
660,22.000000,2417,0,person,0.611562,525.68,95.12,567.01,192.78
661,22.033333,2387,2,helmet,0.752583,195.99,36.98,212.23,53.73
661,22.033333,2388,0,person,0.647938,187.75,36.47,222.41,144.02
661,22.033333,2402,0,person,0.635305,301.13,0.17,322.78,36.76
661,22.033333,1996,0,person,0.490826,246.86,123.66,322.37,225.24
661,22.033333,2417,0,person,0.485961,520.47,94.19,562.75,190.57
662,22.066667,2387,2,helmet,0.730548,195.86,36.91,212.12,53.65
662,22.066667,2388,0,person,0.649174,187.54,36.40,222.12,143.81
662,22.066667,2402,0,person,0.643304,301.04,0.18,322.68,36.89
662,22.066667,1996,0,person,0.516519,245.82,119.70,321.53,224.66
662,22.066667,2417,0,person,0.503386,516.63,93.05,560.90,190.23
663,22.100000,2387,2,helmet,0.722494,195.95,36.85,212.26,53.63
663,22.100000,2388,0,person,0.639520,187.56,36.33,222.27,144.30
663,22.100000,2402,0,person,0.646025,301.21,0.19,322.78,36.90
663,22.100000,1996,0,person,0.573831,246.91,116.33,320.11,220.47
663,22.100000,2417,0,person,0.432127,512.52,95.72,556.88,189.50
664,22.133333,2387,2,helmet,0.729337,195.98,36.84,212.32,53.62
664,22.133333,2388,0,person,0.647463,187.64,36.33,222.06,143.61
664,22.133333,2402,0,person,0.641055,301.33,0.19,322.78,36.81
664,22.133333,1996,0,person,0.530157,247.91,114.48,316.81,214.80
664,22.133333,2417,0,person,0.547380,507.71,90.67,555.03,189.14
665,22.166667,2387,2,helmet,0.728148,195.92,36.59,212.40,53.52
665,22.166667,2388,0,person,0.646301,187.68,36.05,221.93,143.03
665,22.166667,2402,0,person,0.646867,301.39,0.20,322.78,36.78
665,22.166667,1996,0,person,0.527001,248.69,113.86,315.13,212.66
665,22.166667,2417,0,person,0.565495,505.69,88.67,554.62,189.13
666,22.200000,2387,2,helmet,0.733570,195.96,36.89,212.39,53.74
666,22.200000,2388,0,person,0.669924,187.67,36.39,222.17,144.36
666,22.200000,2402,0,person,0.622410,301.42,0.18,322.82,36.91
666,22.200000,1996,0,person,0.551708,251.28,113.74,316.38,211.08
666,22.200000,2417,0,person,0.566892,503.64,88.13,552.77,188.56
667,22.233333,2387,2,helmet,0.737579,195.98,37.23,212.49,54.16
667,22.233333,2388,0,person,0.666858,187.93,36.76,222.76,145.85
667,22.233333,2402,0,person,0.627664,301.13,0.15,322.83,37.50
667,22.233333,1996,0,person,0.446067,251.74,113.70,315.02,208.79
667,22.233333,2417,0,person,0.493764,501.89,87.85,551.05,188.94
668,22.266667,2387,2,helmet,0.740310,195.95,37.65,212.54,54.64
668,22.266667,2388,0,person,0.637674,187.97,37.24,222.84,146.69
668,22.266667,2402,0,person,0.632363,300.91,0.11,322.77,37.80
668,22.266667,1996,0,person,0.357673,252.86,113.40,314.75,208.82
668,22.266667,2417,0,person,0.329131,501.27,87.95,550.04,188.94
668,22.266667,2437,2,helmet,0.415476,266.73,113.52,285.52,128.77
669,22.300000,2387,2,helmet,0.711058,195.98,38.30,212.68,55.43
669,22.300000,2388,0,person,0.637307,188.36,37.89,223.10,146.98
669,22.300000,2402,0,person,0.617220,300.63,0.09,322.75,38.27
669,22.300000,1996,0,person,0.511709,254.69,112.87,316.56,209.39
669,22.300000,2417,0,person,0.417374,499.50,89.03,547.46,189.35
669,22.300000,2437,2,helmet,0.341283,267.23,113.25,286.65,129.03
670,22.333333,2387,2,helmet,0.713824,196.00,38.54,212.73,55.73
670,22.333333,2388,0,person,0.638979,188.36,38.14,222.84,146.60
670,22.333333,2402,0,person,0.621510,300.53,0.08,322.73,38.44
670,22.333333,1996,0,person,0.539450,254.52,112.18,316.33,208.93
670,22.333333,2417,0,person,0.503471,497.69,88.61,544.86,189.27
670,22.333333,2437,2,helmet,0.285444,267.93,112.63,287.08,128.19
671,22.366667,2387,2,helmet,0.719452,195.92,38.63,212.81,56.03
671,22.366667,2388,0,person,0.641545,188.55,38.23,222.93,146.27
671,22.366667,2402,0,person,0.622918,300.51,0.08,322.74,38.48
671,22.366667,1996,0,person,0.548102,254.51,112.01,316.34,209.07
671,22.366667,2417,0,person,0.587232,497.05,88.44,543.35,189.16
671,22.366667,2437,2,helmet,0.278983,267.98,112.48,287.43,128.29
672,22.400000,2387,2,helmet,0.711651,195.88,38.81,212.71,56.17
672,22.400000,2388,0,person,0.637695,188.61,38.40,222.86,145.92
672,22.400000,2402,0,person,0.628384,300.53,0.03,322.77,38.50
672,22.400000,1996,0,person,0.506804,255.56,113.54,315.91,208.18
672,22.400000,2417,0,person,0.624091,495.82,87.80,541.38,189.27
673,22.433333,2387,2,helmet,0.714523,195.89,38.72,212.66,56.01
673,22.433333,2388,0,person,0.647291,188.70,38.32,223.06,146.14
673,22.433333,2402,0,person,0.645510,300.53,0.06,322.78,38.59
673,22.433333,1996,0,person,0.399426,257.94,121.43,314.27,208.71
673,22.433333,2417,0,person,0.410262,495.21,87.37,539.89,189.21
674,22.466667,2387,2,helmet,0.725484,196.13,38.38,212.84,55.56
674,22.466667,2388,0,person,0.649894,188.89,37.98,223.15,145.56
674,22.466667,2402,0,person,0.627735,300.70,0.09,322.91,38.53
674,22.466667,1996,0,person,0.622512,256.90,114.64,316.51,207.43
674,22.466667,2417,0,person,0.321934,495.07,86.49,538.54,187.53
674,22.466667,2437,2,helmet,0.326698,273.12,111.54,291.69,126.43
675,22.500000,2387,2,helmet,0.720238,196.39,38.23,213.11,55.40
675,22.500000,2388,0,person,0.637620,189.09,37.83,223.30,145.32
675,22.500000,2402,0,person,0.627386,300.76,0.10,322.96,38.51
675,22.500000,1996,0,person,0.670837,257.07,112.44,317.10,206.20
675,22.500000,2417,0,person,0.582415,492.91,85.31,536.23,188.48
675,22.500000,2437,2,helmet,0.536687,274.05,111.64,291.68,125.70
676,22.533333,2387,2,helmet,0.717822,196.40,38.26,213.30,55.60
676,22.533333,2388,0,person,0.671031,188.88,37.91,223.47,146.67
676,22.533333,2402,0,person,0.621232,300.78,0.09,322.99,38.53
676,22.533333,1996,0,person,0.687591,257.60,111.76,317.49,205.62
676,22.533333,2417,0,person,0.595360,489.33,85.35,532.46,189.82
676,22.533333,2437,2,helmet,0.307461,274.41,111.76,292.06,125.73
676,22.533333,2441,0,person,0.526290,504.31,176.79,560.89,273.92
677,22.566667,2387,2,helmet,0.707157,196.19,38.66,213.09,55.99
677,22.566667,2388,0,person,0.672358,188.71,38.22,223.64,148.21
677,22.566667,2402,0,person,0.627099,300.57,0.11,323.02,38.99
677,22.566667,1996,0,person,0.671580,257.84,111.66,317.59,205.57
677,22.566667,2417,0,person,0.612540,488.77,85.31,530.89,189.35
677,22.566667,2437,2,helmet,0.371342,274.83,112.00,292.19,125.64
677,22.566667,2441,0,person,0.528744,503.72,176.92,560.40,274.17
677,22.566667,2443,0,person,0.363260,410.09,179.91,483.94,295.25
678,22.600000,2387,2,helmet,0.715904,196.12,38.74,213.12,56.20
678,22.600000,2388,0,person,0.651124,189.13,38.34,223.73,146.95
678,22.600000,2402,0,person,0.633147,300.26,0.13,322.65,38.79
678,22.600000,1996,0,person,0.550822,257.85,112.13,317.67,206.64
678,22.600000,2441,0,person,0.383132,502.98,176.95,560.28,275.25
678,22.600000,2443,0,person,0.517200,403.69,179.41,478.44,296.10
679,22.633333,2387,2,helmet,0.707220,196.08,38.83,213.02,56.21
679,22.633333,2388,0,person,0.648360,189.21,38.39,224.01,147.48
679,22.633333,2402,0,person,0.618752,300.11,0.14,322.52,38.73
679,22.633333,1996,0,person,0.701701,258.44,111.20,319.14,208.28
679,22.633333,2441,0,person,0.433811,499.45,177.31,556.65,275.57
679,22.633333,2417,0,person,0.695789,475.89,84.96,519.29,189.69
680,22.666667,2387,2,helmet,0.735763,196.02,39.05,212.79,56.20
680,22.666667,2388,0,person,0.677826,189.09,38.62,223.34,145.32
680,22.666667,2402,0,person,0.602079,300.26,0.12,322.24,37.83
680,22.666667,1996,0,person,0.765530,258.85,110.95,319.33,208.79
680,22.666667,2441,0,person,0.354084,489.11,177.58,557.20,296.11
680,22.666667,2417,0,person,0.586001,481.30,84.90,523.13,189.21
680,22.666667,2437,2,helmet,0.282386,277.82,111.35,295.13,124.94
681,22.700000,2387,2,helmet,0.739127,195.83,39.12,212.57,56.21
681,22.700000,2388,0,person,0.663336,188.37,38.69,222.89,145.96
681,22.700000,2402,0,person,0.598664,300.15,0.14,322.17,37.88
681,22.700000,1996,0,person,0.737068,259.10,110.55,318.67,207.63
681,22.700000,2441,0,person,0.473044,485.11,177.76,555.86,302.77
681,22.700000,2417,0,person,0.700879,470.09,84.74,513.88,190.33
681,22.700000,2437,2,helmet,0.448663,277.94,110.80,295.95,124.95
681,22.700000,2443,0,person,0.413934,388.85,177.44,464.69,297.60
682,22.733333,2387,2,helmet,0.744162,195.76,39.59,212.30,56.38
682,22.733333,2388,0,person,0.667088,187.78,39.11,222.18,145.71
682,22.733333,2402,0,person,0.608514,299.77,0.13,322.05,38.29
682,22.733333,1996,0,person,0.725507,258.32,110.10,318.14,208.42
682,22.733333,2441,0,person,0.493840,481.78,177.94,552.63,305.29
682,22.733333,2417,0,person,0.725840,463.19,85.15,508.34,190.37
682,22.733333,2437,2,helmet,0.391505,277.88,110.36,297.56,125.90
682,22.733333,2443,0,person,0.366773,384.25,176.97,460.09,299.02
683,22.766667,2387,2,helmet,0.758267,195.40,40.08,212.04,56.95
683,22.766667,2388,0,person,0.646522,187.64,39.52,222.02,145.70
683,22.766667,2402,0,person,0.622678,299.13,0.14,321.95,39.13
683,22.766667,1996,0,person,0.713560,257.98,110.07,317.76,209.07
683,22.766667,2417,0,person,0.676456,459.45,85.53,505.90,190.54
683,22.766667,2437,2,helmet,0.430905,277.89,110.33,298.07,126.31
683,22.766667,2443,0,person,0.483042,382.19,176.72,456.58,298.02
683,22.766667,2447,54,scissor lift,0.319938,460.57,0.43,560.78,108.39
684,22.800000,2387,2,helmet,0.748434,195.24,40.38,211.98,57.32
684,22.800000,2388,0,person,0.604306,187.03,39.84,221.27,145.59
684,22.800000,2402,0,person,0.630416,298.65,0.15,321.72,39.42
684,22.800000,1996,0,person,0.690740,257.42,109.88,317.11,209.21
684,22.800000,2417,0,person,0.661428,456.45,84.86,504.53,190.77
684,22.800000,2437,2,helmet,0.455760,277.97,110.19,299.36,127.17
684,22.800000,2447,54,scissor lift,0.377323,460.64,0.40,560.85,108.37
684,22.800000,2441,0,person,0.468471,474.99,179.04,544.19,306.59
685,22.833333,2387,2,helmet,0.754976,194.97,40.49,211.80,57.49
685,22.833333,2388,0,person,0.635118,186.79,39.95,220.93,145.55
685,22.833333,2402,0,person,0.635885,298.37,0.15,321.60,39.62
685,22.833333,1996,0,person,0.697793,256.56,109.44,315.95,208.25
685,22.833333,2417,0,person,0.632504,453.64,84.06,504.00,191.89
685,22.833333,2437,2,helmet,0.379455,278.43,109.67,300.61,127.57
685,22.833333,2447,54,scissor lift,0.279362,460.43,0.38,560.77,108.50
685,22.833333,2443,0,person,0.672206,367.37,173.07,443.68,297.40
686,22.866667,2387,2,helmet,0.759771,194.65,40.51,211.55,57.55
686,22.866667,2388,0,person,0.601379,186.33,39.99,220.98,147.51
686,22.866667,2402,0,person,0.633995,298.16,0.15,321.50,39.68
686,22.866667,1996,0,person,0.622622,256.04,110.60,315.02,208.54
686,22.866667,2417,0,person,0.646523,451.46,83.83,503.05,191.75
686,22.866667,2447,54,scissor lift,0.306264,460.28,0.36,560.72,108.61
686,22.866667,2443,0,person,0.679927,363.13,171.87,440.39,297.38
687,22.900000,2387,2,helmet,0.772608,194.62,40.80,211.49,57.78
687,22.900000,2388,0,person,0.543854,186.28,40.31,220.68,147.32
687,22.900000,2402,0,person,0.645657,297.70,0.15,321.39,40.08
687,22.900000,1996,0,person,0.539570,256.27,114.88,313.36,208.96
687,22.900000,2417,0,person,0.702650,449.46,83.22,501.59,190.99
687,22.900000,2447,54,scissor lift,0.326444,460.30,0.41,560.78,108.71
687,22.900000,2443,0,person,0.700932,358.68,169.77,436.85,297.23
688,22.933333,2387,2,helmet,0.768106,194.58,41.02,211.49,58.02
688,22.933333,2388,0,person,0.531293,186.79,40.52,220.35,144.70
688,22.933333,2402,0,person,0.643237,297.50,0.15,321.39,40.27
688,22.933333,1996,0,person,0.654001,254.10,111.24,313.50,209.15
688,22.933333,2417,0,person,0.549534,446.78,82.70,498.24,189.55
688,22.933333,2447,54,scissor lift,0.264551,460.15,0.45,560.71,108.87
688,22.933333,2443,0,person,0.611089,356.78,167.73,435.67,296.87
689,22.966667,2387,2,helmet,0.777203,194.49,41.20,211.52,58.30
689,22.966667,2388,0,person,0.467204,186.56,40.67,220.18,145.15
689,22.966667,2402,0,person,0.653308,297.24,0.14,321.45,40.68
689,22.966667,1996,0,person,0.650092,253.51,110.13,313.60,209.27
689,22.966667,2417,0,person,0.569017,445.73,82.77,496.98,189.59
689,22.966667,2443,0,person,0.705957,356.56,166.85,435.02,295.75
690,23.000000,2387,2,helmet,0.781054,194.21,41.67,210.87,58.39
690,23.000000,2388,0,person,0.590462,185.90,41.01,219.32,145.12
690,23.000000,2402,0,person,0.673641,297.07,0.14,321.54,41.04
690,23.000000,1996,0,person,0.637274,252.98,108.57,313.91,209.53
690,23.000000,2417,0,person,0.447331,444.02,82.46,495.37,190.53
690,23.000000,2443,0,person,0.764447,354.78,165.76,433.06,295.54
690,23.000000,2455,76,gloves,0.387073,296.68,166.15,308.84,186.24
691,23.033333,2387,2,helmet,0.772299,193.65,41.60,210.49,58.50
691,23.033333,2388,0,person,0.624559,185.20,40.95,218.82,146.00
691,23.033333,2402,0,person,0.674780,297.07,0.13,321.64,41.19
691,23.033333,1996,0,person,0.660479,252.27,105.38,314.92,209.57
691,23.033333,2443,0,person,0.715689,353.26,164.85,430.02,294.02
692,23.066667,2387,2,helmet,0.772228,193.45,41.60,210.33,58.54
692,23.066667,2388,0,person,0.647581,184.86,40.94,218.59,146.61
692,23.066667,2402,0,person,0.657635,297.20,0.13,321.78,41.11
692,23.066667,1996,0,person,0.659071,249.10,104.53,310.96,209.62
692,23.066667,2443,0,person,0.738753,352.45,164.12,426.77,291.51
692,23.066667,2457,2,helmet,0.339097,276.14,104.09,295.53,120.75
692,23.066667,2417,0,person,0.384071,442.36,81.77,492.97,190.29
693,23.100000,2387,2,helmet,0.757593,193.33,41.80,210.03,58.55
693,23.100000,2388,0,person,0.624811,184.94,41.14,218.47,146.63
693,23.100000,2402,0,person,0.665814,297.29,0.12,321.89,41.14
693,23.100000,1996,0,person,0.719301,249.23,103.30,310.97,209.74
693,23.100000,2443,0,person,0.787179,352.24,163.03,424.06,288.24
693,23.100000,2457,2,helmet,0.313495,275.25,102.98,294.04,119.11
694,23.133333,2387,2,helmet,0.762835,192.89,41.92,209.49,58.52
694,23.133333,2388,0,person,0.626731,185.14,41.28,218.34,146.02
694,23.133333,2402,0,person,0.666762,297.34,0.12,321.95,41.12
694,23.133333,1996,0,person,0.627376,248.26,106.28,307.01,209.63
694,23.133333,2443,0,person,0.722982,348.82,161.04,419.98,286.88
695,23.166667,2387,2,helmet,0.770300,192.44,41.93,209.00,58.47
695,23.166667,2388,0,person,0.560428,184.88,41.29,217.45,143.99
695,23.166667,2402,0,person,0.643615,297.20,0.14,321.77,41.02
695,23.166667,1996,0,person,0.666199,248.42,102.84,308.18,209.49
695,23.166667,2443,0,person,0.689656,346.79,160.10,416.65,285.80
695,23.166667,2417,0,person,0.449020,438.13,77.30,489.13,190.58
695,23.166667,2457,2,helmet,0.449110,274.75,101.18,292.30,116.22
696,23.200000,2387,2,helmet,0.772132,191.78,41.66,208.37,58.27
696,23.200000,2388,0,person,0.624617,185.26,41.09,217.35,142.16
696,23.200000,2402,0,person,0.647793,297.00,0.14,321.42,40.77
696,23.200000,1996,0,person,0.580445,246.85,99.66,306.74,209.06
696,23.200000,2443,0,person,0.709066,346.98,157.98,415.92,284.84
696,23.200000,2417,0,person,0.475724,438.33,78.40,486.00,187.48
696,23.200000,2457,2,helmet,0.341273,272.79,98.62,292.13,115.23
697,23.233333,2387,2,helmet,0.765471,191.45,42.15,207.83,58.59
697,23.233333,2388,0,person,0.643333,185.13,41.73,216.75,141.11
697,23.233333,2402,0,person,0.671551,296.57,0.14,321.07,40.87
697,23.233333,1996,0,person,0.667975,246.04,97.10,305.54,208.89
697,23.233333,2443,0,person,0.663462,344.18,155.20,413.20,285.63
697,23.233333,2417,0,person,0.356486,438.51,79.33,482.20,182.44
697,23.233333,2457,2,helmet,0.384201,271.39,96.74,291.44,114.01
698,23.266667,2387,2,helmet,0.761349,191.09,42.46,207.51,58.98
698,23.266667,2388,0,person,0.598574,184.71,42.08,216.11,140.31
698,23.266667,2402,0,person,0.665113,296.09,0.14,320.82,41.22
698,23.266667,1996,0,person,0.610538,245.44,96.16,304.24,209.34
698,23.266667,2443,0,person,0.343941,343.86,153.67,411.19,284.78
698,23.266667,2417,0,person,0.377123,436.03,79.78,479.99,186.25
698,23.266667,2457,2,helmet,0.378871,270.75,96.07,290.95,113.53
699,23.300000,2387,2,helmet,0.764926,190.01,42.68,206.50,59.25
699,23.300000,2388,0,person,0.615682,183.56,42.29,215.12,140.91
699,23.300000,2402,0,person,0.648783,295.81,0.13,320.65,41.44
699,23.300000,1996,0,person,0.545966,245.05,95.13,302.90,209.28
699,23.300000,2443,0,person,0.575927,338.88,150.45,406.39,284.14
699,23.300000,2417,0,person,0.530972,429.41,80.07,474.14,188.56
699,23.300000,2457,2,helmet,0.492223,270.27,95.26,289.15,111.60
700,23.333333,2387,2,helmet,0.761858,189.51,42.75,205.94,59.31
700,23.333333,2388,0,person,0.692839,182.91,42.36,214.54,141.13
700,23.333333,2402,0,person,0.651171,295.59,0.12,320.47,41.52
700,23.333333,1996,0,person,0.412850,245.03,93.03,302.40,209.33
700,23.333333,2443,0,person,0.618436,337.57,146.96,404.38,283.17
700,23.333333,2417,0,person,0.533331,418.08,80.28,465.10,190.75
700,23.333333,2457,2,helmet,0.561415,269.32,93.08,286.57,107.81
701,23.366667,2387,2,helmet,0.763894,189.17,42.74,205.58,59.34
701,23.366667,2388,0,person,0.698461,182.45,42.35,214.13,141.17
701,23.366667,2402,0,person,0.636903,295.31,0.12,320.18,41.51
701,23.366667,1996,0,person,0.348445,248.62,92.01,306.06,209.06
701,23.366667,2443,0,person,0.645462,337.41,144.79,403.35,283.48
701,23.366667,2417,0,person,0.502064,412.42,80.37,461.07,191.17
701,23.366667,2457,2,helmet,0.520857,268.81,92.36,285.47,106.39
701,23.366667,2463,0,person,0.381050,394.55,181.10,454.02,298.28
702,23.400000,2387,2,helmet,0.771515,188.88,43.13,204.95,59.35
702,23.400000,2388,0,person,0.717883,182.20,42.84,213.68,140.78
702,23.400000,2402,0,person,0.627327,294.86,0.08,319.63,41.25
702,23.400000,1996,0,person,0.704786,250.71,91.67,308.09,209.04
702,23.400000,2443,0,person,0.617776,337.05,143.25,401.61,282.67
702,23.400000,2417,0,person,0.430347,408.48,81.19,458.10,191.42
702,23.400000,2457,2,helmet,0.437086,266.43,91.67,284.00,106.26
702,23.400000,2463,0,person,0.474505,390.88,175.73,452.51,297.13
703,23.433333,2387,2,helmet,0.761178,188.78,43.47,204.63,59.39
703,23.433333,2388,0,person,0.676170,182.13,43.32,213.77,141.60
703,23.433333,2402,0,person,0.629665,294.58,0.07,319.43,41.27
703,23.433333,1996,0,person,0.623201,248.32,90.87,304.84,209.41
703,23.433333,2443,0,person,0.460214,339.48,141.05,397.46,268.85
703,23.433333,2417,0,person,0.508121,405.64,82.19,456.72,192.63
703,23.433333,2457,2,helmet,0.552464,264.18,90.72,281.77,105.19
703,23.433333,2463,0,person,0.600589,385.61,169.67,449.88,296.41
704,23.466667,2387,2,helmet,0.776120,189.04,43.90,205.15,60.01
704,23.466667,2388,0,person,0.564032,182.52,43.61,213.89,140.82
704,23.466667,2402,0,person,0.673268,294.70,0.07,319.91,41.86
704,23.466667,1996,0,person,0.655004,248.24,90.86,303.73,209.80
704,23.466667,2417,0,person,0.469118,404.09,82.55,456.48,192.94
704,23.466667,2457,2,helmet,0.608112,263.86,90.67,281.73,105.19
704,23.466667,2463,0,person,0.586500,384.02,169.39,448.37,296.91
704,23.466667,2467,0,person,0.351824,280.76,97.18,309.07,173.37
705,23.500000,2387,2,helmet,0.775223,189.61,44.23,205.87,60.45
705,23.500000,2388,0,person,0.586759,183.06,43.89,214.30,140.31
705,23.500000,2402,0,person,0.662300,294.82,0.07,320.31,42.36
705,23.500000,1996,0,person,0.569601,248.48,90.08,303.07,209.89
705,23.500000,2417,0,person,0.367927,402.30,82.72,456.08,192.92
705,23.500000,2457,2,helmet,0.615340,262.96,90.06,281.06,104.49
705,23.500000,2463,0,person,0.506880,381.57,168.26,446.23,297.31
706,23.533333,2387,2,helmet,0.748758,190.40,44.52,206.49,60.59
706,23.533333,2388,0,person,0.608804,183.71,44.33,214.94,140.20
706,23.533333,2402,0,person,0.657368,294.87,0.07,320.46,42.55
706,23.533333,1996,0,person,0.582514,248.60,89.22,302.30,209.95
706,23.533333,2417,0,person,0.522946,405.34,82.55,458.19,190.32
706,23.533333,2457,2,helmet,0.516792,261.52,89.29,279.89,103.69
706,23.533333,2447,54,scissor lift,0.261445,458.80,0.91,559.53,110.00
706,23.533333,2443,0,person,0.506013,338.58,135.13,389.99,249.79
706,23.533333,2467,0,person,0.305713,279.59,95.56,309.14,175.29
707,23.566667,2387,2,helmet,0.772876,190.59,44.67,206.73,60.72
707,23.566667,2388,0,person,0.415136,183.35,44.36,214.94,140.96
707,23.566667,2402,0,person,0.671254,294.73,0.08,320.29,42.50
707,23.566667,1996,0,person,0.660478,248.41,88.38,301.07,209.69
707,23.566667,2417,0,person,0.489620,406.55,82.43,458.14,186.77
707,23.566667,2457,2,helmet,0.643186,259.94,88.55,278.94,103.27
707,23.566667,2443,0,person,0.471378,340.01,134.11,388.12,242.94
707,23.566667,2467,0,person,0.296112,276.99,94.23,308.35,178.98
707,23.566667,2463,0,person,0.510732,372.50,164.83,437.92,296.02
708,23.600000,2387,2,helmet,0.771926,190.62,44.68,206.88,60.77
708,23.600000,2388,0,person,0.495332,183.44,44.41,215.39,141.73
708,23.600000,2402,0,person,0.655112,294.56,0.07,320.12,42.50
708,23.600000,1996,0,person,0.666856,248.45,88.08,299.98,209.74
708,23.600000,2417,0,person,0.469302,406.31,84.19,456.99,186.23
708,23.600000,2457,2,helmet,0.651342,258.83,88.36,277.74,102.81
708,23.600000,2443,0,person,0.599874,335.37,129.34,384.11,240.13
708,23.600000,2467,0,person,0.408597,275.58,93.55,308.50,182.80
708,23.600000,2463,0,person,0.433503,369.83,161.38,436.07,295.10
709,23.633333,2387,2,helmet,0.770924,191.38,44.84,207.88,61.11
709,23.633333,2388,0,person,0.675282,183.99,44.58,216.24,142.36
709,23.633333,2402,0,person,0.651387,294.49,0.08,320.02,42.49
709,23.633333,1996,0,person,0.630194,248.64,88.05,298.98,209.64
709,23.633333,2417,0,person,0.427569,404.84,82.95,453.56,181.49
709,23.633333,2457,2,helmet,0.656326,258.16,88.39,276.98,102.60
709,23.633333,2443,0,person,0.562580,331.81,127.69,381.21,240.19
709,23.633333,2467,0,person,0.482735,274.28,93.07,310.12,190.74
709,23.633333,2463,0,person,0.496880,365.99,157.78,432.72,293.80
710,23.666667,2387,2,helmet,0.764825,191.85,44.89,208.49,61.23
710,23.666667,2388,0,person,0.674126,184.19,44.63,216.84,143.22
710,23.666667,2402,0,person,0.649179,294.60,0.08,320.13,42.48
710,23.666667,1996,0,person,0.641593,249.29,87.86,298.68,209.69
710,23.666667,2417,0,person,0.455291,404.78,82.51,451.98,178.97
710,23.666667,2457,2,helmet,0.635306,257.84,88.21,276.95,102.52
710,23.666667,2443,0,person,0.547300,328.99,126.55,378.80,239.61
710,23.666667,2467,0,person,0.475697,273.83,92.58,311.69,196.57
710,23.666667,2463,0,person,0.545835,364.53,154.37,431.71,292.90
711,23.700000,2387,2,helmet,0.757609,192.78,45.05,209.56,61.45
711,23.700000,2388,0,person,0.633180,185.17,44.80,217.99,143.22
711,23.700000,2402,0,person,0.657858,294.64,0.08,320.19,42.52
711,23.700000,1996,0,person,0.639786,250.01,87.80,298.48,209.74
711,23.700000,2417,0,person,0.446481,403.65,81.44,449.76,177.10
711,23.700000,2457,2,helmet,0.668965,257.66,88.13,276.98,102.43
711,23.700000,2443,0,person,0.520623,326.58,126.24,376.52,239.32
711,23.700000,2467,0,person,0.575772,272.92,91.33,312.43,200.48
711,23.700000,2463,0,person,0.439313,363.64,151.81,431.26,293.15
712,23.733333,2387,2,helmet,0.751910,194.14,45.31,211.05,61.70
712,23.733333,2388,0,person,0.521376,186.98,44.99,219.20,140.86
712,23.733333,2402,0,person,0.661361,294.85,0.09,320.37,42.51
712,23.733333,1996,0,person,0.611693,250.53,87.64,298.05,209.52
712,23.733333,2417,0,person,0.492020,400.80,80.31,446.29,177.32
712,23.733333,2457,2,helmet,0.685955,257.58,87.96,277.25,102.38
712,23.733333,2443,0,person,0.448179,324.84,125.78,373.97,236.92
712,23.733333,2467,0,person,0.583710,273.63,90.67,314.28,203.01
712,23.733333,2463,0,person,0.465437,363.37,147.22,430.72,292.06
713,23.766667,2387,2,helmet,0.761152,194.43,45.28,211.52,61.68
713,23.766667,2388,0,person,0.569077,187.23,44.85,220.03,141.96
713,23.766667,2402,0,person,0.662105,294.79,0.09,320.31,42.49
713,23.766667,1996,0,person,0.527735,251.13,87.37,297.93,209.30
713,23.766667,2417,0,person,0.359532,399.36,80.09,442.84,174.76
713,23.766667,2457,2,helmet,0.621851,257.01,87.60,277.15,102.24
713,23.766667,2443,0,person,0.438405,323.65,125.89,372.76,237.07
713,23.766667,2467,0,person,0.479278,273.91,89.76,314.92,203.38
713,23.766667,2463,0,person,0.358225,363.98,144.40,423.31,272.76
713,23.766667,2447,54,scissor lift,0.294227,459.46,1.22,559.45,109.99
714,23.800000,2387,2,helmet,0.733762,195.68,45.11,212.85,61.42
714,23.800000,2388,0,person,0.437842,188.54,44.81,221.74,141.72
714,23.800000,2402,0,person,0.652632,294.91,0.10,320.19,42.02
714,23.800000,1996,0,person,0.465451,251.63,87.20,297.75,208.99
714,23.800000,2457,2,helmet,0.593569,256.52,87.33,276.89,102.05
714,23.800000,2443,0,person,0.354458,322.77,123.81,371.67,235.14
714,23.800000,2467,0,person,0.443700,273.66,89.26,315.34,204.93
714,23.800000,2463,0,person,0.365896,362.07,143.23,421.60,274.06
714,23.800000,2447,54,scissor lift,0.276087,459.56,1.22,559.09,109.75
715,23.833333,2387,2,helmet,0.735495,196.59,44.87,213.94,61.18
715,23.833333,2388,0,person,0.472730,190.47,44.68,222.68,137.36
715,23.833333,2402,0,person,0.646496,294.78,0.10,319.98,41.82
715,23.833333,1996,0,person,0.366166,251.96,87.14,297.53,208.97
715,23.833333,2457,2,helmet,0.606001,256.39,87.24,277.34,102.30
715,23.833333,2443,0,person,0.318603,322.37,122.45,369.86,230.92
715,23.833333,2467,0,person,0.327152,273.81,88.61,315.74,205.53
715,23.833333,2463,0,person,0.443783,360.35,142.10,419.54,274.74
715,23.833333,2447,54,scissor lift,0.256568,459.49,1.21,558.79,109.72
716,23.866667,2387,2,helmet,0.730057,197.02,44.40,214.56,60.76
716,23.866667,2388,0,person,0.500097,191.54,44.25,223.34,134.78
716,23.866667,2402,0,person,0.647558,294.82,0.10,319.91,41.57
716,23.866667,1996,0,person,0.319498,252.24,86.97,297.25,208.77
716,23.866667,2457,2,helmet,0.586164,256.50,87.06,277.78,102.26
716,23.866667,2443,0,person,0.303729,321.95,120.42,369.20,228.95
716,23.866667,2463,0,person,0.409334,360.37,141.49,417.09,270.56
716,23.866667,2447,54,scissor lift,0.287814,459.43,0.97,558.65,109.52
716,23.866667,2417,0,person,0.394036,391.00,79.19,439.18,188.00
717,23.900000,2387,2,helmet,0.728757,198.29,44.11,215.98,60.44
717,23.900000,2388,0,person,0.534827,192.42,43.89,225.06,135.58
717,23.900000,2402,0,person,0.650065,294.85,0.11,319.90,41.43
717,23.900000,1996,0,person,0.355949,252.86,87.01,297.39,208.52
717,23.900000,2457,2,helmet,0.652947,256.48,87.01,278.23,102.49
717,23.900000,2443,0,person,0.326691,321.60,116.94,368.43,225.05
717,23.900000,2463,0,person,0.447204,360.50,139.48,415.00,264.95
717,23.900000,2447,54,scissor lift,0.266571,459.60,0.87,558.66,109.30
717,23.900000,2417,0,person,0.377037,390.02,81.09,436.95,190.60
717,23.900000,2467,0,person,0.334814,274.18,87.30,316.28,206.18
718,23.933333,2387,2,helmet,0.712943,199.58,43.55,217.31,59.81
718,23.933333,2388,0,person,0.558114,193.22,43.34,225.81,133.27
718,23.933333,2402,0,person,0.636161,295.14,0.12,319.89,40.85
718,23.933333,1996,0,person,0.299837,252.78,86.82,296.63,208.10
718,23.933333,2457,2,helmet,0.625406,257.03,86.92,279.15,102.62
718,23.933333,2443,0,person,0.261309,319.76,113.59,365.06,219.24
718,23.933333,2463,0,person,0.338696,360.06,137.07,412.36,258.05
718,23.933333,2447,54,scissor lift,0.283975,459.72,0.74,558.61,109.08
718,23.933333,2417,0,person,0.307731,389.25,85.15,433.58,191.13
718,23.933333,2479,31,truck,0.332309,322.91,25.54,427.40,123.49
718,23.933333,2467,0,person,0.275417,275.67,86.80,317.62,205.03
719,23.966667,2387,2,helmet,0.702330,200.05,43.02,217.83,59.23
719,23.966667,2388,0,person,0.530713,193.31,42.70,226.26,132.08
719,23.966667,2402,0,person,0.636315,295.29,0.11,319.93,40.66
719,23.966667,1996,0,person,0.257981,252.92,86.64,296.22,207.70
719,23.966667,2457,2,helmet,0.583122,257.07,86.76,279.26,102.50
719,23.966667,2443,0,person,0.262850,318.19,111.66,362.61,216.30
719,23.966667,2463,0,person,0.386337,359.93,133.50,411.86,254.50
719,23.966667,2447,54,scissor lift,0.261692,459.65,0.64,558.36,108.78
719,23.966667,2417,0,person,0.283154,388.76,85.02,431.99,191.00
719,23.966667,2479,31,truck,0.388458,323.19,25.29,426.97,122.54
720,24.000000,2387,2,helmet,0.704662,201.25,42.24,219.11,58.36
720,24.000000,2388,0,person,0.554908,193.88,42.08,228.16,134.00
720,24.000000,2402,0,person,0.588109,295.93,0.13,320.07,39.95
720,24.000000,1996,0,person,0.303903,253.47,86.53,296.47,207.45
720,24.000000,2457,2,helmet,0.587100,257.29,86.55,279.85,102.46
720,24.000000,2443,0,person,0.290088,315.59,109.03,360.02,214.87
720,24.000000,2463,0,person,0.360769,358.46,130.15,410.93,253.04
720,24.000000,2417,0,person,0.308961,388.35,87.04,429.63,190.30
720,24.000000,2479,31,truck,0.258429,323.42,24.45,427.13,121.58
720,24.000000,2480,0,person,0.573245,202.07,220.43,267.12,351.17
720,24.000000,2467,0,person,0.281600,277.33,86.00,318.78,202.38
721,24.033333,2387,2,helmet,0.732471,202.23,41.70,220.20,57.82
721,24.033333,2388,0,person,0.574184,193.82,41.37,228.91,134.38
721,24.033333,2402,0,person,0.612666,296.42,0.14,320.09,39.27
721,24.033333,1996,0,person,0.337245,253.85,86.54,296.45,206.97
721,24.033333,2457,2,helmet,0.649421,257.67,86.54,280.43,102.49
721,24.033333,2443,0,person,0.300541,313.24,106.92,357.63,214.22
721,24.033333,2463,0,person,0.424902,357.56,127.00,410.75,252.70
721,24.033333,2417,0,person,0.325720,386.21,83.48,427.94,190.33
721,24.033333,2479,31,truck,0.452597,323.15,23.76,427.46,121.41
721,24.033333,2480,0,person,0.402955,205.17,220.71,269.51,350.12
721,24.033333,2467,0,person,0.301065,276.93,85.59,318.02,201.94
722,24.066667,2387,2,helmet,0.715586,202.95,41.51,220.90,57.52
722,24.066667,2388,0,person,0.592113,193.58,41.16,229.03,133.87
722,24.066667,2402,0,person,0.626796,296.48,0.14,320.20,39.49
722,24.066667,1996,0,person,0.409138,254.11,86.76,296.50,207.03
722,24.066667,2457,2,helmet,0.678527,258.05,86.83,280.78,102.62
722,24.066667,2443,0,person,0.405765,312.22,105.30,356.67,214.08
722,24.066667,2463,0,person,0.520568,357.21,126.14,410.46,252.68
722,24.066667,2417,0,person,0.425364,385.93,81.74,427.44,190.35
722,24.066667,2479,31,truck,0.466310,323.04,23.62,427.50,121.36
722,24.066667,2480,0,person,0.359958,206.64,221.73,270.23,349.77
722,24.066667,2467,0,person,0.379992,277.52,85.68,318.35,201.99
723,24.100000,2387,2,helmet,0.686273,204.12,41.62,222.09,57.58
723,24.100000,2388,0,person,0.577021,195.84,41.10,231.00,131.08
723,24.100000,2402,0,person,0.659035,296.52,0.13,320.25,39.53
723,24.100000,1996,0,person,0.389755,254.45,87.20,296.57,207.02
723,24.100000,2457,2,helmet,0.609070,259.07,87.20,281.52,102.75
723,24.100000,2443,0,person,0.417155,312.76,105.02,356.65,214.29
723,24.100000,2463,0,person,0.546814,355.63,125.15,409.35,253.32
723,24.100000,2417,0,person,0.428092,383.67,83.57,424.37,190.52
723,24.100000,2479,31,truck,0.446757,323.50,23.63,427.41,120.76
723,24.100000,2480,0,person,0.407565,210.57,212.73,276.45,346.14
723,24.100000,2467,0,person,0.370054,278.56,86.79,319.05,202.19
724,24.133333,2387,2,helmet,0.720381,205.65,41.48,223.47,57.30
724,24.133333,2388,0,person,0.581951,196.00,40.91,232.42,133.15
724,24.133333,2402,0,person,0.647278,296.57,0.13,320.29,39.54
724,24.133333,1996,0,person,0.414510,256.15,87.06,297.98,206.84
724,24.133333,2457,2,helmet,0.559072,260.12,87.01,282.91,102.72
724,24.133333,2443,0,person,0.455462,313.55,104.89,356.42,213.72
724,24.133333,2463,0,person,0.554572,355.26,123.09,409.28,253.11
724,24.133333,2417,0,person,0.434825,384.30,85.67,423.48,190.71
724,24.133333,2479,31,truck,0.439166,323.79,23.63,427.19,120.13
724,24.133333,2480,0,person,0.392240,215.06,211.24,278.54,339.93
724,24.133333,2467,0,person,0.418902,279.14,86.44,319.80,202.44
725,24.166667,2387,2,helmet,0.734295,206.35,41.40,224.17,57.24
725,24.166667,2388,0,person,0.587722,195.95,40.83,233.20,134.23
725,24.166667,2402,0,person,0.657296,296.59,0.13,320.29,39.55
725,24.166667,1996,0,person,0.418570,256.82,86.93,298.50,207.10
725,24.166667,2457,2,helmet,0.674883,260.72,86.94,283.62,102.66
725,24.166667,2443,0,person,0.473962,314.05,104.36,356.27,213.64
725,24.166667,2463,0,person,0.570712,354.97,121.60,409.10,252.99
725,24.166667,2417,0,person,0.450661,383.70,86.28,422.12,190.56
725,24.166667,2479,31,truck,0.478518,324.22,23.57,426.97,119.27
725,24.166667,2467,0,person,0.420145,279.51,86.64,320.04,202.32
726,24.200000,2387,2,helmet,0.735304,207.33,41.50,224.97,57.26
726,24.200000,2388,0,person,0.547556,196.27,40.90,233.53,133.39
726,24.200000,2402,0,person,0.663569,296.71,0.14,320.45,39.65
726,24.200000,1996,0,person,0.372787,258.69,86.94,300.26,206.88
726,24.200000,2457,2,helmet,0.680714,261.81,86.93,284.69,102.56
726,24.200000,2443,0,person,0.412091,314.85,106.48,355.48,213.38
726,24.200000,2463,0,person,0.529166,352.72,119.84,407.47,252.82
726,24.200000,2417,0,person,0.439724,383.21,86.50,420.91,190.23
726,24.200000,2479,31,truck,0.459540,324.44,23.68,427.05,119.03
726,24.200000,2467,0,person,0.345812,280.04,86.32,320.53,202.04
727,24.233333,2387,2,helmet,0.731737,208.06,41.36,225.65,57.22
727,24.233333,2388,0,person,0.459667,195.33,40.79,233.39,133.77
727,24.233333,2402,0,person,0.653437,297.07,0.14,320.55,39.30
727,24.233333,1996,0,person,0.369505,260.29,86.74,301.61,207.04
727,24.233333,2457,2,helmet,0.703148,262.83,86.63,285.89,102.30
727,24.233333,2443,0,person,0.406039,315.04,104.32,355.56,213.17
727,24.233333,2463,0,person,0.479373,352.11,116.83,407.20,251.96
727,24.233333,2417,0,person,0.375386,380.50,81.62,419.51,190.29
727,24.233333,2479,31,truck,0.436937,324.22,23.90,427.17,119.41
727,24.233333,2467,0,person,0.286281,281.72,85.92,321.93,201.28
727,24.233333,2480,0,person,0.459391,226.94,201.14,286.40,322.04
728,24.266667,2387,2,helmet,0.747783,208.38,41.54,225.68,57.24
728,24.266667,2388,0,person,0.573397,196.01,41.00,234.84,134.63
728,24.266667,2402,0,person,0.659986,296.80,0.14,320.37,39.46
728,24.266667,1996,0,person,0.363227,261.99,86.88,303.24,207.24
728,24.266667,2457,2,helmet,0.696125,263.26,86.68,286.08,102.13
728,24.266667,2443,0,person,0.349962,315.42,109.53,353.25,212.24
728,24.266667,2463,0,person,0.479896,351.67,116.15,405.57,249.54
728,24.266667,2417,0,person,0.419236,380.31,81.04,419.02,190.24
728,24.266667,2479,31,truck,0.479178,324.04,23.73,427.18,119.23
728,24.266667,2467,0,person,0.295687,281.84,86.27,321.71,201.00
728,24.266667,2480,0,person,0.461791,230.89,196.93,287.17,311.13
729,24.300000,2387,2,helmet,0.748885,209.22,41.39,226.50,57.06
729,24.300000,2388,0,person,0.411655,196.22,40.82,234.47,131.77
729,24.300000,2402,0,person,0.654970,296.86,0.13,320.21,39.10
729,24.300000,1996,0,person,0.453296,263.18,86.70,304.52,207.35
729,24.300000,2457,2,helmet,0.714531,263.96,86.40,286.98,101.96
729,24.300000,2463,0,person,0.445718,351.05,115.15,404.37,248.56
729,24.300000,2417,0,person,0.308050,379.68,78.90,418.57,189.85
729,24.300000,2479,31,truck,0.396061,323.75,23.93,427.34,119.70
729,24.300000,2467,0,person,0.299851,279.19,86.83,318.92,201.72
729,24.300000,2480,0,person,0.429448,232.15,194.17,288.47,308.25
730,24.333333,2387,2,helmet,0.768189,209.82,40.89,227.26,56.65
730,24.333333,2388,0,person,0.469424,194.50,40.36,233.66,132.21
730,24.333333,2402,0,person,0.648701,297.06,0.14,320.21,38.78
730,24.333333,1996,0,person,0.455253,264.27,86.05,305.57,207.03
730,24.333333,2457,2,helmet,0.711032,264.54,85.93,287.84,101.77
730,24.333333,2463,0,person,0.452119,350.58,114.12,401.87,243.78
730,24.333333,2417,0,person,0.438308,377.89,76.69,417.38,189.86
730,24.333333,2479,31,truck,0.385337,323.04,23.96,427.81,120.80
730,24.333333,2480,0,person,0.497451,235.60,195.32,290.94,307.34
730,24.333333,2443,0,person,0.368409,315.83,109.85,352.43,210.88
731,24.366667,2387,2,helmet,0.765805,210.09,40.28,227.53,55.97
731,24.366667,2388,0,person,0.470383,193.39,39.71,233.54,132.79
731,24.366667,2402,0,person,0.663035,297.15,0.13,320.02,38.24
731,24.366667,1996,0,person,0.493628,264.59,85.23,305.73,206.32
731,24.366667,2457,2,helmet,0.715073,264.68,85.23,288.26,101.38
731,24.366667,2463,0,person,0.413567,351.66,113.40,398.43,231.70
731,24.366667,2417,0,person,0.418611,377.42,75.64,416.81,189.57
731,24.366667,2479,31,truck,0.396255,322.90,23.22,427.95,120.27
731,24.366667,2480,0,person,0.505856,238.64,193.59,294.49,305.80
731,24.366667,2443,0,person,0.333200,314.97,107.16,351.88,210.31
731,24.366667,2467,0,person,0.316177,280.61,86.42,319.94,200.73
732,24.400000,2387,2,helmet,0.764876,209.91,39.60,227.49,55.25
732,24.400000,2388,0,person,0.438276,192.27,39.14,232.81,133.42
732,24.400000,2402,0,person,0.642776,297.17,0.11,320.00,38.15
732,24.400000,1996,0,person,0.430289,264.74,84.69,305.94,206.39
732,24.400000,2457,2,helmet,0.686537,265.24,84.68,288.44,100.56
732,24.400000,2463,0,person,0.314896,348.80,107.19,396.39,229.45
732,24.400000,2417,0,person,0.337578,376.41,73.36,416.13,189.12
732,24.400000,2479,31,truck,0.418177,321.45,22.85,429.39,122.92
732,24.400000,2480,0,person,0.440303,239.19,190.85,296.63,305.81
733,24.433333,2387,2,helmet,0.742113,210.00,39.08,227.62,54.68
733,24.433333,2388,0,person,0.347233,191.83,38.65,232.17,132.72
733,24.433333,2402,0,person,0.636024,297.20,0.11,319.84,37.80
733,24.433333,1996,0,person,0.424776,265.47,84.29,305.94,203.54
733,24.433333,2457,2,helmet,0.632566,265.34,84.17,288.62,100.08
733,24.433333,2463,0,person,0.309324,345.30,103.33,390.96,221.34
733,24.433333,2417,0,person,0.312563,374.78,70.60,414.63,188.86
733,24.433333,2479,31,truck,0.267550,320.99,22.77,429.89,124.04
733,24.433333,2480,0,person,0.523594,241.16,185.50,300.96,305.89
733,24.433333,2443,0,person,0.321547,309.14,96.38,349.43,208.58
734,24.466667,2387,2,helmet,0.742235,209.82,39.08,227.41,54.54
734,24.466667,2388,0,person,0.391509,190.81,38.67,231.16,132.86
734,24.466667,2402,0,person,0.641057,297.03,0.11,319.71,37.90
734,24.466667,1996,0,person,0.399694,266.07,83.85,305.42,199.25
734,24.466667,2457,2,helmet,0.578749,265.23,83.63,288.99,99.91
734,24.466667,2463,0,person,0.313987,343.94,100.70,388.87,217.85
734,24.466667,2417,0,person,0.317067,373.52,69.61,413.32,189.56
734,24.466667,2480,0,person,0.519669,243.45,182.37,304.12,304.79
734,24.466667,2443,0,person,0.359716,308.30,93.50,349.35,208.11
735,24.500000,2387,2,helmet,0.743566,209.47,39.51,227.18,55.00
735,24.500000,2388,0,person,0.358229,194.46,39.01,234.65,132.67
735,24.500000,2402,0,person,0.629046,296.71,0.10,319.41,37.92
735,24.500000,1996,0,person,0.342726,266.57,83.90,305.47,197.65
735,24.500000,2457,2,helmet,0.410965,265.61,83.46,289.53,99.91
735,24.500000,2463,0,person,0.306470,342.43,99.05,387.34,217.07
735,24.500000,2417,0,person,0.267868,372.67,69.50,412.13,190.11
735,24.500000,2480,0,person,0.520922,244.42,180.85,305.40,304.19
735,24.500000,2443,0,person,0.309217,308.22,93.61,349.13,208.09
736,24.533333,2387,2,helmet,0.728104,209.38,39.85,227.11,55.33
736,24.533333,2388,0,person,0.401152,196.27,39.43,235.75,132.65
736,24.533333,2402,0,person,0.609372,296.66,0.09,319.15,37.57
736,24.533333,1996,0,person,0.315939,266.36,83.19,304.42,194.18
736,24.533333,2457,2,helmet,0.382937,265.22,82.80,289.33,99.47
736,24.533333,2463,0,person,0.260965,341.79,96.49,385.77,213.95
736,24.533333,2417,0,person,0.285446,371.75,69.17,410.82,190.50
736,24.533333,2480,0,person,0.530549,246.09,178.73,306.65,301.65
736,24.533333,2447,54,scissor lift,0.260707,459.46,0.55,557.16,107.11
737,24.566667,2387,2,helmet,0.746850,209.39,39.81,227.06,55.18
737,24.566667,2388,0,person,0.398905,196.84,39.36,236.10,132.69
737,24.566667,2402,0,person,0.614140,296.53,0.08,318.96,37.48
737,24.566667,1996,0,person,0.274173,266.99,82.67,304.25,190.46
737,24.566667,2457,2,helmet,0.436396,265.43,82.31,288.92,98.58
737,24.566667,2480,0,person,0.509602,248.58,176.39,307.72,297.11
737,24.566667,2447,54,scissor lift,0.285555,459.28,0.55,557.11,106.90
738,24.600000,2387,2,helmet,0.753500,209.13,39.79,227.09,55.37
738,24.600000,2388,0,person,0.417712,197.60,39.30,236.46,132.27
738,24.600000,2402,0,person,0.600100,296.34,0.09,318.87,37.68
738,24.600000,1996,0,person,0.288737,266.94,82.23,304.18,189.50
738,24.600000,2457,2,helmet,0.635217,265.65,81.70,288.99,97.96
738,24.600000,2480,0,person,0.591607,251.18,175.51,309.36,295.59
738,24.600000,2447,54,scissor lift,0.273198,459.17,0.56,557.13,106.81
738,24.600000,2463,0,person,0.268880,339.75,94.56,383.22,211.54
738,24.600000,2417,0,person,0.308219,369.79,69.67,408.38,191.02
739,24.633333,2387,2,helmet,0.737351,208.89,40.10,226.95,55.79
739,24.633333,2388,0,person,0.439406,198.41,39.63,236.44,130.99
739,24.633333,2402,0,person,0.601361,296.26,0.08,318.83,37.76
739,24.633333,2457,2,helmet,0.644384,265.96,81.03,289.30,97.34
739,24.633333,2480,0,person,0.535026,253.94,166.52,312.53,287.58
739,24.633333,2447,54,scissor lift,0.262270,459.04,0.56,557.15,106.78
739,24.633333,2463,0,person,0.281498,338.03,94.20,380.93,210.03
739,24.633333,2417,0,person,0.318205,370.27,69.96,408.16,191.12
740,24.666667,2387,2,helmet,0.738147,208.83,39.73,226.76,55.25
740,24.666667,2388,0,person,0.424460,198.01,39.29,236.54,132.49
740,24.666667,2402,0,person,0.620988,296.30,0.08,318.72,37.47
740,24.666667,2457,2,helmet,0.704588,265.99,80.31,289.27,96.58
740,24.666667,2480,0,person,0.470548,256.56,161.32,314.84,281.22
740,24.666667,2447,54,scissor lift,0.266121,459.07,0.56,557.15,106.53
740,24.666667,2463,0,person,0.258051,337.92,93.07,380.22,208.36
740,24.666667,2417,0,person,0.290995,370.02,69.68,407.36,190.60
740,24.666667,1996,0,person,0.264182,267.59,80.28,303.42,182.22
741,24.700000,2387,2,helmet,0.726008,208.39,39.34,226.42,54.91
741,24.700000,2388,0,person,0.431431,197.55,38.84,236.42,133.24
741,24.700000,2402,0,person,0.628861,296.11,0.10,318.49,37.39
741,24.700000,2457,2,helmet,0.687456,266.49,79.80,289.60,95.97
741,24.700000,2480,0,person,0.533748,257.01,158.03,316.27,279.97
741,24.700000,2447,54,scissor lift,0.271489,458.81,0.59,556.64,106.12
741,24.700000,1996,0,person,0.262014,268.08,79.60,303.06,177.94
741,24.700000,2479,31,truck,0.392016,319.17,22.70,428.72,125.21
742,24.733333,2387,2,helmet,0.731617,208.28,39.28,226.23,54.75
742,24.733333,2388,0,person,0.457095,197.26,38.76,236.29,133.77
742,24.733333,2402,0,person,0.635076,295.96,0.10,318.22,37.10
742,24.733333,2457,2,helmet,0.695783,266.86,79.59,289.97,95.80
742,24.733333,2480,0,person,0.524797,258.65,155.34,317.40,276.19
742,24.733333,2447,54,scissor lift,0.297555,458.46,0.58,556.44,106.18
742,24.733333,2479,31,truck,0.336619,319.89,22.82,427.71,123.93
742,24.733333,2417,0,person,0.271855,368.48,69.57,405.47,190.34
743,24.766667,2387,2,helmet,0.719764,208.23,39.27,226.16,54.69
743,24.766667,2388,0,person,0.454334,197.45,38.83,236.23,133.46
743,24.766667,2402,0,person,0.626767,295.88,0.10,318.21,37.19
743,24.766667,2457,2,helmet,0.504405,267.68,79.38,290.91,95.63
743,24.766667,2480,0,person,0.475049,259.62,153.00,318.60,274.59
743,24.766667,2447,54,scissor lift,0.305419,458.32,0.58,556.38,106.20
743,24.766667,2417,0,person,0.278694,368.23,69.55,404.99,190.41
744,24.800000,2387,2,helmet,0.709855,207.79,39.14,225.92,54.72
744,24.800000,2388,0,person,0.427738,197.01,38.74,235.93,133.81
744,24.800000,2402,0,person,0.625288,295.69,0.10,318.11,37.32
744,24.800000,2457,2,helmet,0.554634,268.66,79.23,292.13,95.60
744,24.800000,2480,0,person,0.585651,260.14,151.84,318.85,273.15
744,24.800000,2447,54,scissor lift,0.295942,458.09,0.58,556.18,106.16
744,24.800000,2417,0,person,0.318316,368.10,69.59,404.62,190.42
745,24.833333,2387,2,helmet,0.706384,207.60,38.94,225.80,54.56
745,24.833333,2388,0,person,0.415329,196.30,38.52,235.45,134.13
745,24.833333,2402,0,person,0.617525,295.67,0.10,318.07,37.29
745,24.833333,2480,0,person,0.570128,261.43,149.29,321.32,273.74
745,24.833333,2447,54,scissor lift,0.286308,457.99,0.60,555.95,105.98
745,24.833333,2417,0,person,0.284353,368.03,69.66,404.33,190.34
746,24.866667,2387,2,helmet,0.706321,207.52,38.87,225.75,54.50
746,24.866667,2388,0,person,0.409381,196.08,38.44,235.29,134.20
746,24.866667,2402,0,person,0.617663,295.66,0.10,318.06,37.27
746,24.866667,2480,0,person,0.589273,262.44,146.63,322.62,272.36
746,24.866667,2447,54,scissor lift,0.287607,457.93,0.61,555.88,105.91
746,24.866667,2479,31,truck,0.253614,319.83,22.95,426.91,123.70
746,24.866667,2457,2,helmet,0.406190,269.89,78.87,293.64,95.45
747,24.900000,2387,2,helmet,0.724362,207.81,38.88,225.88,54.40
747,24.900000,2388,0,person,0.518330,197.18,38.45,236.05,133.70
747,24.900000,2402,0,person,0.617273,295.66,0.11,318.06,37.26
747,24.900000,2480,0,person,0.597264,262.82,145.26,323.12,271.92
747,24.900000,2447,54,scissor lift,0.312975,458.00,0.57,555.93,105.86
747,24.900000,2417,0,person,0.250812,367.96,68.98,404.23,190.20
748,24.933333,2387,2,helmet,0.731398,207.71,38.68,225.87,54.35
748,24.933333,2388,0,person,0.514921,197.57,38.29,236.20,133.26
748,24.933333,2402,0,person,0.650005,295.83,0.12,318.05,36.99
748,24.933333,2480,0,person,0.539415,263.59,143.50,323.89,271.29
748,24.933333,2447,54,scissor lift,0.321544,457.86,0.58,555.67,105.65
748,24.933333,2417,0,person,0.267759,367.91,68.72,404.12,190.22
749,24.966667,2387,2,helmet,0.725925,207.69,38.62,225.82,54.33
749,24.966667,2388,0,person,0.501418,197.70,38.26,235.93,132.28
749,24.966667,2402,0,person,0.641602,295.85,0.13,318.02,36.94
749,24.966667,2480,0,person,0.500456,264.65,141.99,324.33,269.42
749,24.966667,2447,54,scissor lift,0.326879,457.85,0.59,555.68,105.62
750,25.000000,2387,2,helmet,0.719063,207.65,38.58,225.55,54.17
750,25.000000,2388,0,person,0.549513,197.75,38.22,236.13,132.80
750,25.000000,2402,0,person,0.651113,295.90,0.13,317.95,36.76
750,25.000000,2480,0,person,0.583313,265.07,140.81,324.44,268.51
750,25.000000,2447,54,scissor lift,0.331282,457.71,0.58,555.69,105.81
750,25.000000,2417,0,person,0.355547,367.91,68.81,404.02,190.38
751,25.033333,2387,2,helmet,0.718156,207.66,38.57,225.44,54.11
751,25.033333,2388,0,person,0.557206,197.78,38.20,236.18,132.96
751,25.033333,2402,0,person,0.648332,295.92,0.13,317.92,36.69
751,25.033333,2480,0,person,0.619651,269.16,138.27,324.95,259.65
751,25.033333,2447,54,scissor lift,0.286064,457.56,0.60,555.60,105.90
751,25.033333,2495,7,ladder,0.332008,170.81,47.97,196.50,137.09
751,25.033333,2417,0,person,0.376369,368.02,68.85,404.02,190.33
752,25.066667,2387,2,helmet,0.711084,207.15,38.36,225.09,54.15
752,25.066667,2388,0,person,0.553640,197.78,38.01,235.85,131.76
752,25.066667,2402,0,person,0.633365,295.65,0.13,317.70,36.77
752,25.066667,2480,0,person,0.650873,271.91,137.18,324.92,253.37
752,25.066667,2447,54,scissor lift,0.279911,457.48,0.61,555.41,105.74
752,25.066667,2495,7,ladder,0.266411,171.88,48.10,197.30,135.95
752,25.066667,2417,0,person,0.365611,367.83,68.82,403.74,190.26
753,25.100000,2387,2,helmet,0.725820,206.82,38.08,224.87,54.04
753,25.100000,2388,0,person,0.549200,197.51,37.80,235.49,131.30
753,25.100000,2402,0,person,0.630489,295.38,0.14,317.30,36.55
753,25.100000,2480,0,person,0.633890,273.72,136.32,325.77,251.49
753,25.100000,2447,54,scissor lift,0.255567,457.45,0.63,555.23,105.54
753,25.100000,2495,7,ladder,0.301224,170.76,47.81,196.30,136.10
753,25.100000,2417,0,person,0.336624,367.83,68.42,403.74,190.22
754,25.133333,2387,2,helmet,0.725393,206.72,37.99,224.76,54.01
754,25.133333,2388,0,person,0.565813,197.41,37.72,235.52,131.54
754,25.133333,2402,0,person,0.631887,295.25,0.15,317.15,36.50
754,25.133333,2480,0,person,0.620951,274.78,132.50,326.13,247.30
754,25.133333,2495,7,ladder,0.311333,170.44,47.74,195.92,135.87
754,25.133333,2417,0,person,0.338675,367.85,68.65,403.62,190.13
755,25.166667,2387,2,helmet,0.726218,206.71,37.95,224.71,54.00
755,25.166667,2388,0,person,0.538849,197.45,37.70,235.55,131.40
755,25.166667,2402,0,person,0.628972,295.21,0.15,317.08,36.43
755,25.166667,2480,0,person,0.581814,276.89,131.65,328.03,246.37
755,25.166667,2495,7,ladder,0.281349,170.31,47.70,195.88,136.21
755,25.166667,2417,0,person,0.361236,368.45,69.23,404.02,189.95
755,25.166667,2447,54,scissor lift,0.310674,457.27,0.64,555.06,105.47
756,25.200000,2387,2,helmet,0.718108,206.89,37.97,224.77,54.00
756,25.200000,2388,0,person,0.561946,197.60,37.70,235.67,131.22
756,25.200000,2402,0,person,0.623619,295.44,0.15,317.33,36.50
756,25.200000,2480,0,person,0.597631,278.17,131.16,329.23,246.33
756,25.200000,2417,0,person,0.336984,368.63,69.28,404.07,189.56
756,25.200000,2502,0,person,0.320149,308.95,90.49,346.55,201.59
756,25.200000,2447,54,scissor lift,0.320517,457.35,0.62,555.18,105.46
757,25.233333,2387,2,helmet,0.720527,206.83,37.92,224.41,53.69
757,25.233333,2388,0,person,0.566813,197.51,37.71,235.81,131.64
757,25.233333,2402,0,person,0.633213,295.28,0.16,317.06,36.36
757,25.233333,2480,0,person,0.513025,279.25,131.34,330.09,245.64
757,25.233333,2417,0,person,0.267199,369.11,69.85,404.35,189.23
757,25.233333,2502,0,person,0.251003,307.34,90.35,345.01,201.71
757,25.233333,2447,54,scissor lift,0.343181,457.10,0.61,555.03,105.49
758,25.266667,2387,2,helmet,0.718237,206.40,37.29,223.68,52.78
758,25.266667,2388,0,person,0.559887,197.07,37.13,235.48,131.58
758,25.266667,2402,0,person,0.634331,295.24,0.20,316.61,35.73
758,25.266667,2480,0,person,0.546423,280.45,130.50,331.40,244.81
758,25.266667,2447,54,scissor lift,0.282749,456.96,0.57,554.55,104.96
759,25.300000,2387,2,helmet,0.678119,206.19,36.87,223.47,52.40
759,25.300000,2388,0,person,0.610361,196.67,36.70,235.56,132.66
759,25.300000,2402,0,person,0.633353,295.21,0.22,316.45,35.52
759,25.300000,2480,0,person,0.530849,282.19,129.22,333.52,244.20
759,25.300000,2447,54,scissor lift,0.257625,456.96,0.56,554.47,104.70
759,25.300000,2457,2,helmet,0.570680,284.00,74.33,306.31,90.20
759,25.300000,2417,0,person,0.258448,370.15,69.65,404.99,188.39
759,25.300000,2502,0,person,0.298122,307.42,89.88,344.99,200.90
760,25.333333,2387,2,helmet,0.738871,206.32,36.90,223.62,52.37
760,25.333333,2388,0,person,0.595383,197.40,36.70,236.27,132.56
760,25.333333,2402,0,person,0.626044,295.50,0.22,316.69,35.34
760,25.333333,2480,0,person,0.550774,284.02,128.11,335.77,244.66
760,25.333333,2447,54,scissor lift,0.310073,457.45,0.55,555.03,104.63
760,25.333333,2457,2,helmet,0.585715,285.69,73.84,308.01,90.01
760,25.333333,2417,0,person,0.283241,371.14,70.10,405.69,188.42
760,25.333333,2502,0,person,0.327086,307.98,89.23,345.82,200.83
760,25.333333,2495,7,ladder,0.257551,171.24,44.71,197.77,134.96
761,25.366667,2387,2,helmet,0.736758,206.30,37.21,223.81,52.85
761,25.366667,2388,0,person,0.604126,197.43,37.00,236.38,132.81
761,25.366667,2402,0,person,0.639446,295.53,0.20,317.07,35.95
761,25.366667,2480,0,person,0.462846,285.50,127.52,336.77,243.11
761,25.366667,2447,54,scissor lift,0.290583,457.48,0.56,555.37,104.83
761,25.366667,2457,2,helmet,0.591854,286.23,73.68,308.23,89.99
761,25.366667,2417,0,person,0.273986,371.68,71.12,405.84,188.69
761,25.366667,2502,0,person,0.276021,307.64,88.84,345.80,201.15
762,25.400000,2387,2,helmet,0.723543,206.02,37.50,223.71,53.26
762,25.400000,2388,0,person,0.611727,197.21,37.30,236.16,133.17
762,25.400000,2402,0,person,0.650620,295.14,0.18,316.93,36.40
762,25.400000,2480,0,person,0.502122,285.77,127.00,337.00,242.68
762,25.400000,2447,54,scissor lift,0.289359,456.94,0.55,555.26,105.25
762,25.400000,2457,2,helmet,0.560619,286.37,73.33,308.61,90.03
762,25.400000,2417,0,person,0.285575,371.89,71.34,405.87,189.06
762,25.400000,2502,0,person,0.286590,307.02,88.40,345.44,200.84
763,25.433333,2387,2,helmet,0.741951,205.80,38.04,223.42,53.72
763,25.433333,2388,0,person,0.616278,197.05,37.76,235.94,133.65
763,25.433333,2402,0,person,0.648185,294.70,0.15,316.77,36.94
763,25.433333,2480,0,person,0.433720,286.66,126.38,337.36,240.49
763,25.433333,2447,54,scissor lift,0.329545,456.33,0.50,554.93,105.59
763,25.433333,2457,2,helmet,0.559544,287.14,72.43,309.51,89.56
764,25.466667,2387,2,helmet,0.746805,205.71,38.40,223.33,54.08
764,25.466667,2388,0,person,0.614747,197.11,38.05,235.93,133.99
764,25.466667,2402,0,person,0.629003,294.26,0.14,316.44,37.23
764,25.466667,2480,0,person,0.369547,287.62,123.40,338.27,237.35
764,25.466667,2447,54,scissor lift,0.304954,455.78,0.49,554.50,105.73
764,25.466667,2457,2,helmet,0.581223,287.55,71.18,310.20,88.79
765,25.500000,2387,2,helmet,0.751809,205.26,38.34,223.01,54.10
765,25.500000,2388,0,person,0.608143,196.71,37.99,235.39,133.88
765,25.500000,2402,0,person,0.659187,294.07,0.14,316.28,37.37
765,25.500000,2480,0,person,0.362300,288.43,118.84,339.04,233.04
765,25.500000,2457,2,helmet,0.579516,287.59,70.10,310.42,88.09
766,25.533333,2387,2,helmet,0.746169,205.04,37.93,222.97,53.86
766,25.533333,2388,0,person,0.606787,196.68,37.60,235.40,133.81
766,25.533333,2402,0,person,0.590589,294.11,0.16,315.97,36.76
766,25.533333,2480,0,person,0.351803,288.37,115.26,339.57,231.26
766,25.533333,2457,2,helmet,0.348317,289.30,68.53,312.05,86.81
766,25.533333,2447,54,scissor lift,0.321070,455.52,0.51,553.90,105.33
767,25.566667,2387,2,helmet,0.745183,205.16,37.78,223.13,53.74
767,25.566667,2388,0,person,0.607424,196.77,37.47,235.46,133.73
767,25.566667,2402,0,person,0.615169,294.14,0.17,315.91,36.61
767,25.566667,2480,0,person,0.314859,291.31,115.05,341.02,227.56
767,25.566667,2457,2,helmet,0.463439,290.43,67.94,312.56,86.01
767,25.566667,2447,54,scissor lift,0.317802,455.83,0.55,554.05,105.16
768,25.600000,2387,2,helmet,0.744354,205.47,38.14,223.24,53.91
768,25.600000,2388,0,person,0.618295,197.00,37.81,235.59,133.88
768,25.600000,2402,0,person,0.617555,294.03,0.16,316.01,37.00
768,25.600000,2480,0,person,0.334091,293.67,115.10,342.95,226.60
768,25.600000,2457,2,helmet,0.492330,291.64,66.87,313.57,85.06
768,25.600000,2447,54,scissor lift,0.314209,456.01,0.55,554.31,105.23
769,25.633333,2387,2,helmet,0.746065,205.60,38.58,223.30,54.25
769,25.633333,2388,0,person,0.618005,196.90,38.18,235.45,134.28
769,25.633333,2402,0,person,0.600335,293.94,0.13,316.19,37.51
769,25.633333,2480,0,person,0.332066,294.60,115.61,343.58,226.34
769,25.633333,2457,2,helmet,0.303607,292.59,66.18,314.05,84.30
769,25.633333,2447,54,scissor lift,0.259012,456.00,0.53,554.28,105.19
769,25.633333,2417,0,person,0.257362,376.39,73.82,409.54,189.58
770,25.666667,2387,2,helmet,0.745296,205.62,38.59,223.35,54.29
770,25.666667,2388,0,person,0.603319,197.04,38.20,235.51,134.12
770,25.666667,2402,0,person,0.604774,293.99,0.13,316.25,37.62
770,25.666667,2480,0,person,0.361407,296.29,116.13,343.88,223.41
770,25.666667,2457,2,helmet,0.514463,293.93,65.67,314.36,83.08
770,25.666667,2447,54,scissor lift,0.270777,456.09,0.54,554.26,105.01
771,25.700000,2387,2,helmet,0.739173,205.77,38.21,223.66,54.04
771,25.700000,2388,0,person,0.617525,197.35,37.90,235.82,133.87
771,25.700000,2402,0,person,0.590148,294.34,0.15,316.36,37.30
771,25.700000,2457,2,helmet,0.580918,295.36,65.33,314.83,81.95
771,25.700000,2517,0,person,0.325564,350.35,75.55,383.60,194.36
771,25.700000,2417,0,person,0.292518,377.42,73.96,410.34,188.49
772,25.733333,2387,2,helmet,0.735720,205.70,38.10,223.55,53.90
772,25.733333,2388,0,person,0.632173,197.41,37.80,235.95,133.96
772,25.733333,2402,0,person,0.601999,294.45,0.15,316.37,37.17
772,25.733333,2457,2,helmet,0.551092,295.67,64.66,315.85,81.86
772,25.733333,2517,0,person,0.396747,351.02,75.21,384.35,194.46
772,25.733333,2417,0,person,0.368579,377.81,73.71,410.97,188.23
772,25.733333,2480,0,person,0.363287,301.24,116.96,341.27,203.96
773,25.766667,2387,2,helmet,0.747326,205.44,38.23,223.36,54.08
773,25.766667,2388,0,person,0.616267,197.20,37.88,235.87,134.40
773,25.766667,2402,0,person,0.584261,294.21,0.14,316.23,37.39
773,25.766667,2457,2,helmet,0.617261,296.26,64.29,316.20,81.21
773,25.766667,2517,0,person,0.376468,350.77,75.35,384.02,194.41
773,25.766667,2417,0,person,0.314522,377.58,73.85,411.07,188.89
773,25.766667,2518,0,person,0.322278,252.09,0.18,270.57,35.50
773,25.766667,2480,0,person,0.358507,298.68,115.28,345.10,216.19
773,25.766667,2447,54,scissor lift,0.259840,456.33,0.54,554.27,104.65
774,25.800000,2387,2,helmet,0.747876,205.38,38.58,223.30,54.47
774,25.800000,2388,0,person,0.644949,196.87,38.18,235.44,134.77
774,25.800000,2402,0,person,0.603066,294.07,0.12,316.26,37.75
774,25.800000,2457,2,helmet,0.547625,296.56,64.26,316.52,81.08
774,25.800000,2517,0,person,0.356680,351.43,75.74,384.66,195.12
774,25.800000,2417,0,person,0.297565,378.67,74.50,412.67,189.33
774,25.800000,2518,0,person,0.354089,252.32,0.16,271.06,35.98
774,25.800000,2447,54,scissor lift,0.252911,456.09,0.52,554.35,104.99
775,25.833333,2387,2,helmet,0.763862,205.29,39.19,223.33,55.18
775,25.833333,2388,0,person,0.631280,197.03,38.70,235.33,134.88
775,25.833333,2402,0,person,0.610862,293.99,0.09,316.30,38.07
775,25.833333,2457,2,helmet,0.580433,296.70,64.42,316.53,81.02
775,25.833333,2517,0,person,0.360307,351.75,76.17,384.88,195.63
775,25.833333,2417,0,person,0.303540,379.02,75.09,413.42,189.64
775,25.833333,2447,54,scissor lift,0.278008,455.82,0.48,554.41,105.41
775,25.833333,2520,2,helmet,0.427020,321.36,115.64,336.13,128.35
776,25.866667,2387,2,helmet,0.767090,205.00,39.40,222.95,55.26
776,25.866667,2388,0,person,0.622215,196.95,38.88,235.14,135.10
776,25.866667,2402,0,person,0.582331,293.53,0.08,315.96,38.31
776,25.866667,2457,2,helmet,0.538512,296.87,64.48,316.07,80.31
776,25.866667,2517,0,person,0.265893,351.38,76.34,384.28,195.16
776,25.866667,2520,2,helmet,0.327552,322.71,114.61,338.05,127.87
776,25.866667,2480,0,person,0.263408,303.70,113.37,350.89,215.99
776,25.866667,2518,0,person,0.371158,252.63,0.16,271.95,36.91
777,25.900000,2387,2,helmet,0.769512,204.38,38.88,222.59,54.98
777,25.900000,2388,0,person,0.614223,197.00,38.46,235.10,134.73
777,25.900000,2402,0,person,0.579220,292.98,0.09,315.25,37.99
777,25.900000,2457,2,helmet,0.681002,296.21,64.19,315.50,79.94
777,25.900000,2517,0,person,0.294799,351.15,76.35,383.97,194.94
777,25.900000,2417,0,person,0.279422,380.05,77.66,414.61,190.22
778,25.933333,2387,2,helmet,0.757491,204.13,38.88,222.16,54.77
778,25.933333,2388,0,person,0.607035,196.83,38.44,234.76,134.56
778,25.933333,2402,0,person,0.555535,292.56,0.07,314.80,37.84
778,25.933333,2457,2,helmet,0.629816,295.96,64.22,315.01,79.58
778,25.933333,2517,0,person,0.261361,351.23,76.29,383.99,194.82
778,25.933333,2480,0,person,0.274858,308.40,113.67,357.46,218.08
779,25.966667,2387,2,helmet,0.769112,204.08,39.04,222.05,54.84
779,25.966667,2388,0,person,0.601476,196.73,38.57,234.59,134.73
779,25.966667,2402,0,person,0.565800,292.59,0.11,314.92,38.07
779,25.966667,2457,2,helmet,0.611090,295.76,64.54,314.69,79.62
780,26.000000,2387,2,helmet,0.775318,204.03,39.32,222.30,55.41
780,26.000000,2388,0,person,0.610183,196.80,38.81,234.58,134.95
780,26.000000,2402,0,person,0.574161,292.84,0.08,315.29,38.33
780,26.000000,2457,2,helmet,0.604657,295.74,64.92,314.79,79.90
780,26.000000,2518,0,person,0.325368,254.85,0.21,273.27,35.16
781,26.033333,2387,2,helmet,0.764990,204.09,39.32,222.30,55.34
781,26.033333,2388,0,person,0.609698,196.81,38.84,234.36,134.76
781,26.033333,2402,0,person,0.539412,292.87,0.10,315.27,38.24
781,26.033333,2457,2,helmet,0.566802,295.68,64.90,315.03,79.95
781,26.033333,2518,0,person,0.459076,255.19,0.18,273.83,35.38
782,26.066667,2387,2,helmet,0.761108,203.97,39.19,222.11,55.13
782,26.066667,2388,0,person,0.611721,196.65,38.73,234.12,134.85
782,26.066667,2402,0,person,0.481825,292.69,0.07,315.08,38.10
782,26.066667,2457,2,helmet,0.666972,295.36,65.08,315.00,80.24
782,26.066667,2417,0,person,0.280400,381.83,75.93,418.04,190.88
782,26.066667,2517,0,person,0.256871,352.48,75.14,385.14,193.34
783,26.100000,2387,2,helmet,0.755686,203.92,39.14,222.05,55.05
783,26.100000,2388,0,person,0.606670,196.59,38.70,233.95,135.02
783,26.100000,2402,0,person,0.498429,292.56,0.07,314.99,38.05
783,26.100000,2457,2,helmet,0.546743,294.78,65.15,315.01,80.75
783,26.100000,2417,0,person,0.256615,382.64,76.36,419.76,191.27
783,26.100000,2447,54,scissor lift,0.252417,454.42,0.62,553.09,105.75
783,26.100000,2518,0,person,0.470929,256.85,0.24,275.46,34.58
784,26.133333,2387,2,helmet,0.759779,204.04,39.56,222.23,55.51
784,26.133333,2388,0,person,0.630801,196.77,39.06,233.87,135.00
784,26.133333,2402,0,person,0.521750,292.50,0.08,314.99,38.06
784,26.133333,2457,2,helmet,0.558396,294.78,65.45,315.04,81.05
784,26.133333,2417,0,person,0.299047,382.87,76.28,420.56,191.33
784,26.133333,2447,54,scissor lift,0.283032,454.43,0.58,553.05,105.75
784,26.133333,2518,0,person,0.359801,257.53,0.13,276.83,34.93
785,26.166667,2387,2,helmet,0.762337,204.08,39.88,222.30,55.83
785,26.166667,2388,0,person,0.623600,197.35,39.27,234.32,134.87
785,26.166667,2402,0,person,0.517961,292.45,0.09,315.07,38.23
785,26.166667,2457,2,helmet,0.606498,294.22,66.03,315.43,82.47
785,26.166667,2417,0,person,0.321172,383.23,75.30,421.92,191.48
785,26.166667,2518,0,person,0.492121,258.44,0.17,278.40,34.82
786,26.200000,2387,2,helmet,0.762387,203.92,39.99,222.18,55.96
786,26.200000,2388,0,person,0.639623,197.44,39.35,234.41,135.04
786,26.200000,2402,0,person,0.530966,292.19,0.08,315.05,38.66
786,26.200000,2457,2,helmet,0.635540,293.72,66.23,315.56,83.33
786,26.200000,2417,0,person,0.348411,384.29,75.26,423.42,191.96
786,26.200000,2518,0,person,0.405150,258.71,0.17,279.01,34.11
786,26.200000,2447,54,scissor lift,0.260071,453.78,0.54,552.71,106.19
787,26.233333,2387,2,helmet,0.763057,203.55,40.04,221.74,55.95
787,26.233333,2388,0,person,0.638638,196.92,39.31,233.91,135.07
787,26.233333,2402,0,person,0.493764,291.60,0.10,314.58,38.82
787,26.233333,2457,2,helmet,0.648775,293.28,66.46,315.61,84.15
787,26.233333,2417,0,person,0.316132,384.36,75.29,423.94,192.70
787,26.233333,2518,0,person,0.363767,260.15,0.16,280.19,32.95
787,26.233333,2539,76,gloves,0.349996,225.37,91.29,234.71,104.93
788,26.266667,2387,2,helmet,0.765496,203.06,40.06,221.18,55.89
788,26.266667,2388,0,person,0.700057,196.41,39.24,233.69,135.56
788,26.266667,2402,0,person,0.455990,291.27,0.10,314.37,39.01
788,26.266667,2457,2,helmet,0.578725,293.33,67.12,315.58,84.94
788,26.266667,2417,0,person,0.349713,384.65,75.38,424.64,193.73
788,26.266667,2518,0,person,0.252296,260.63,0.16,280.28,31.74
788,26.266667,2539,76,gloves,0.495201,224.45,91.31,233.82,104.97
788,26.266667,2543,76,gloves,0.458054,273.07,111.34,283.42,123.30
788,26.266667,2546,0,person,0.322128,273.79,87.01,347.47,202.07
788,26.266667,2480,0,person,0.274021,320.56,101.89,375.38,219.88
788,26.266667,2517,0,person,0.305357,351.07,73.32,385.23,195.58
789,26.300000,2387,2,helmet,0.751894,202.47,40.07,220.60,55.89
789,26.300000,2388,0,person,0.682866,195.88,39.24,233.29,135.66
789,26.300000,2402,0,person,0.441888,290.99,0.08,314.09,39.03
789,26.300000,2457,2,helmet,0.596248,293.57,67.58,315.61,85.41
789,26.300000,2417,0,person,0.334558,384.75,75.30,425.29,195.64
789,26.300000,2518,0,person,0.321627,261.08,0.19,280.99,31.37
789,26.300000,2539,76,gloves,0.437056,223.91,91.30,233.33,105.02
789,26.300000,2546,0,person,0.336313,273.30,86.96,347.57,202.93
789,26.300000,2480,0,person,0.288712,325.55,102.87,376.74,215.11
789,26.300000,2517,0,person,0.354881,350.70,73.08,385.24,195.67
789,26.300000,2447,54,scissor lift,0.310443,452.06,0.54,551.53,106.93
790,26.333333,2387,2,helmet,0.748569,202.24,40.08,220.40,55.90
790,26.333333,2388,0,person,0.679407,195.68,39.23,233.12,135.56
790,26.333333,2402,0,person,0.411763,290.86,0.08,314.03,39.18
790,26.333333,2457,2,helmet,0.427363,293.86,68.20,315.62,86.06
790,26.333333,2417,0,person,0.297554,385.46,75.39,425.89,196.18
790,26.333333,2518,0,person,0.385808,261.61,0.20,282.03,31.41
790,26.333333,2539,76,gloves,0.421032,223.87,91.55,233.13,104.99
790,26.333333,2546,0,person,0.261282,273.33,86.90,347.18,202.10
790,26.333333,2517,0,person,0.277067,350.44,72.98,385.29,195.67
790,26.333333,2447,54,scissor lift,0.300746,451.93,0.53,551.32,106.95
791,26.366667,2387,2,helmet,0.757369,202.06,40.22,220.31,56.11
791,26.366667,2388,0,person,0.678374,195.54,39.36,232.94,135.35
791,26.366667,2402,0,person,0.392194,290.88,0.07,314.04,39.25
791,26.366667,2457,2,helmet,0.551139,295.12,68.87,316.10,86.29
791,26.366667,2417,0,person,0.322028,388.73,75.66,429.33,197.61
791,26.366667,2518,0,person,0.370697,261.56,0.17,282.27,31.40
791,26.366667,2539,76,gloves,0.441270,223.70,91.64,233.09,105.22
791,26.366667,2546,0,person,0.322571,272.50,87.02,346.64,202.55
791,26.366667,2517,0,person,0.318367,350.42,72.15,385.60,195.43
791,26.366667,2447,54,scissor lift,0.258886,451.93,0.55,551.08,106.87
791,26.366667,2480,0,person,0.302923,328.71,102.22,378.58,213.37
792,26.400000,2387,2,helmet,0.749485,201.70,40.14,219.95,56.02
792,26.400000,2388,0,person,0.640788,195.17,39.54,232.41,134.98
792,26.400000,2402,0,person,0.384860,290.59,0.07,313.64,39.06
792,26.400000,2457,2,helmet,0.480162,295.72,68.99,316.14,86.16
792,26.400000,2417,0,person,0.365223,389.89,75.68,430.55,198.37
792,26.400000,2518,0,person,0.314871,261.47,0.16,282.34,31.28
792,26.400000,2539,76,gloves,0.361530,223.24,91.34,232.70,104.97
792,26.400000,2546,0,person,0.333978,271.58,86.83,345.95,202.53
792,26.400000,2517,0,person,0.339477,349.84,71.87,385.27,195.27
792,26.400000,2480,0,person,0.312613,329.11,101.97,378.08,212.62
793,26.433333,2387,2,helmet,0.742436,201.33,39.74,219.42,55.44
793,26.433333,2388,0,person,0.596891,194.47,39.33,231.68,134.80
793,26.433333,2402,0,person,0.344914,290.21,0.07,313.09,38.82
793,26.433333,2457,2,helmet,0.435302,295.76,68.97,315.72,85.92
793,26.433333,2417,0,person,0.369931,390.30,75.56,430.87,198.62
793,26.433333,2518,0,person,0.342744,261.27,0.19,282.17,31.02
793,26.433333,2539,76,gloves,0.276004,222.67,91.00,232.29,104.77
793,26.433333,2546,0,person,0.361997,271.30,86.51,345.70,202.02
793,26.433333,2517,0,person,0.348783,349.44,71.43,385.09,195.01
793,26.433333,2480,0,person,0.320181,329.48,101.70,377.89,212.12
794,26.466667,2387,2,helmet,0.749819,201.32,39.81,219.45,55.51
794,26.466667,2388,0,person,0.626631,194.53,39.41,231.68,134.59
794,26.466667,2402,0,person,0.337361,290.37,0.07,313.16,38.70
794,26.466667,2417,0,person,0.510215,391.59,75.29,432.36,198.91
794,26.466667,2518,0,person,0.362109,261.46,0.19,282.44,30.72
794,26.466667,2539,76,gloves,0.289494,222.67,90.85,232.43,104.76
794,26.466667,2546,0,person,0.396495,269.50,86.58,344.25,202.27
794,26.466667,2517,0,person,0.373893,351.08,71.33,386.54,194.92
794,26.466667,2480,0,person,0.458864,329.69,99.17,378.80,212.32
795,26.500000,2387,2,helmet,0.754125,201.32,39.84,219.49,55.54
795,26.500000,2388,0,person,0.622117,194.46,39.45,231.70,134.80
795,26.500000,2402,0,person,0.336107,290.50,0.07,313.21,38.65
795,26.500000,2417,0,person,0.536897,392.70,75.31,433.64,199.09
795,26.500000,2518,0,person,0.409668,261.57,0.20,282.82,30.76
795,26.500000,2539,76,gloves,0.277727,222.83,90.78,232.67,104.76
795,26.500000,2546,0,person,0.335065,267.80,86.54,342.57,202.25
795,26.500000,2517,0,person,0.358059,351.26,71.55,386.62,195.11
795,26.500000,2480,0,person,0.392749,330.13,98.81,378.83,211.91
795,26.500000,2457,2,helmet,0.427178,297.92,69.46,318.11,86.86
796,26.533333,2387,2,helmet,0.749807,201.31,39.85,219.52,55.55
796,26.533333,2388,0,person,0.614534,194.54,39.45,231.73,134.57
796,26.533333,2402,0,person,0.360480,290.40,0.07,313.11,38.61
796,26.533333,2417,0,person,0.485807,392.89,75.27,434.00,199.30
796,26.533333,2518,0,person,0.493723,261.81,0.17,283.43,30.54
796,26.533333,2539,76,gloves,0.277372,222.76,90.76,232.65,104.74
796,26.533333,2546,0,person,0.308417,267.34,86.30,342.04,201.88
796,26.533333,2517,0,person,0.317219,351.28,71.47,386.60,195.21
796,26.533333,2480,0,person,0.353064,330.20,98.58,378.69,212.04
796,26.533333,2551,76,gloves,0.351279,424.30,133.62,433.54,141.96
797,26.566667,2387,2,helmet,0.749230,201.31,39.85,219.54,55.55
797,26.566667,2388,0,person,0.607116,194.56,39.45,231.78,134.52
797,26.566667,2402,0,person,0.351454,289.69,0.11,312.57,38.64
797,26.566667,2417,0,person,0.477009,393.07,75.25,434.35,199.34
797,26.566667,2518,0,person,0.506610,262.00,0.17,284.35,30.65
797,26.566667,2539,76,gloves,0.261487,222.73,90.76,232.66,104.73
797,26.566667,2546,0,person,0.314076,267.29,86.38,342.10,201.89
797,26.566667,2517,0,person,0.300124,351.38,71.47,386.63,195.33
797,26.566667,2480,0,person,0.351918,330.74,97.76,379.05,211.66
797,26.566667,2447,54,scissor lift,0.250436,451.83,0.62,550.30,106.15
797,26.566667,2457,2,helmet,0.375776,299.66,69.25,319.79,86.91
798,26.600000,2387,2,helmet,0.758517,201.26,39.94,219.64,55.78
798,26.600000,2388,0,person,0.624090,194.74,39.53,231.98,134.64
798,26.600000,2402,0,person,0.363046,289.71,0.13,312.63,38.56
798,26.600000,2417,0,person,0.453157,393.32,75.16,434.71,199.28
798,26.600000,2518,0,person,0.543604,262.26,0.07,285.31,30.71
798,26.600000,2539,76,gloves,0.278491,222.89,90.76,232.88,104.79
798,26.600000,2546,0,person,0.282956,267.19,86.11,342.36,201.88
798,26.600000,2517,0,person,0.272417,352.13,71.62,387.15,195.60
798,26.600000,2480,0,person,0.323134,331.09,97.35,379.24,211.55
798,26.600000,2457,2,helmet,0.254209,300.86,69.01,320.75,86.79
799,26.633333,2387,2,helmet,0.767549,201.44,40.13,220.03,56.18
799,26.633333,2388,0,person,0.661228,195.17,39.44,232.69,135.27
799,26.633333,2402,0,person,0.400643,289.89,0.06,313.01,38.78
799,26.633333,2417,0,person,0.508638,393.60,75.64,434.91,199.18
799,26.633333,2518,0,person,0.574701,262.29,0.14,286.20,31.28
799,26.633333,2539,76,gloves,0.370070,223.37,91.28,233.21,105.05
799,26.633333,2546,0,person,0.310172,267.72,86.39,343.14,202.38
799,26.633333,2517,0,person,0.345072,352.85,71.78,387.54,195.71
799,26.633333,2480,0,person,0.369916,331.38,97.29,379.41,211.82
799,26.633333,2457,2,helmet,0.273798,301.73,69.00,321.46,86.90
800,26.666667,2387,2,helmet,0.717545,201.25,40.36,220.56,57.16
800,26.666667,2388,0,person,0.642884,195.22,39.69,232.79,136.07
800,26.666667,2402,0,person,0.434188,290.23,0.06,313.19,38.68
800,26.666667,2417,0,person,0.618029,393.64,76.37,434.79,199.19
800,26.666667,2518,0,person,0.644838,262.27,0.14,286.83,31.69
800,26.666667,2539,76,gloves,0.299415,223.13,91.83,232.97,105.62
800,26.666667,2546,0,person,0.322803,267.58,87.67,342.36,202.29
800,26.666667,2517,0,person,0.379444,352.73,72.23,387.29,195.70
800,26.666667,2480,0,person,0.357658,332.15,96.33,379.72,210.45
800,26.666667,2457,2,helmet,0.708987,302.85,69.61,322.15,87.33
800,26.666667,2551,76,gloves,0.380712,424.01,134.65,434.51,144.14
801,26.700000,2387,2,helmet,0.735077,201.22,40.63,220.78,57.79
801,26.700000,2388,0,person,0.642581,195.01,40.06,232.65,136.82
801,26.700000,2402,0,person,0.430144,290.16,0.18,313.13,38.92
801,26.700000,2417,0,person,0.608556,393.35,76.83,434.38,199.23
801,26.700000,2518,0,person,0.635055,262.30,0.13,287.35,31.97
801,26.700000,2539,76,gloves,0.308163,223.30,92.21,232.99,105.87
801,26.700000,2546,0,person,0.317055,267.46,88.30,342.45,202.62
801,26.700000,2517,0,person,0.373320,352.67,72.57,387.14,195.64
801,26.700000,2480,0,person,0.361549,332.63,96.17,379.75,209.62
801,26.700000,2457,2,helmet,0.704631,303.51,69.81,322.59,87.53
801,26.700000,2551,76,gloves,0.271523,424.01,135.71,433.88,144.65
802,26.733333,2387,2,helmet,0.734141,201.12,40.88,220.59,58.09
802,26.733333,2388,0,person,0.652673,194.93,40.39,232.50,137.17
802,26.733333,2402,0,person,0.441122,289.80,0.10,312.98,39.27
802,26.733333,2417,0,person,0.618305,393.04,77.29,433.97,199.33
802,26.733333,2518,0,person,0.638121,262.31,0.12,287.90,32.36
802,26.733333,2539,76,gloves,0.382030,223.29,92.32,232.93,105.97
802,26.733333,2546,0,person,0.321445,268.08,88.69,343.46,202.94
802,26.733333,2517,0,person,0.368793,352.54,72.85,386.96,195.59
802,26.733333,2480,0,person,0.378522,332.93,96.54,379.63,209.28
802,26.733333,2457,2,helmet,0.699035,303.78,70.07,322.68,87.80
802,26.733333,2551,76,gloves,0.261817,424.09,136.72,433.36,145.13
802,26.733333,2447,54,scissor lift,0.266243,451.34,0.47,550.77,107.37
803,26.766667,2387,2,helmet,0.730828,201.15,40.99,220.53,58.23
803,26.766667,2388,0,person,0.653597,194.68,40.52,232.25,137.29
803,26.766667,2402,0,person,0.414545,290.16,0.19,313.29,39.54
803,26.766667,2417,0,person,0.612622,392.54,77.41,433.33,199.20
803,26.766667,2518,0,person,0.610452,262.78,0.16,288.34,32.20
803,26.766667,2539,76,gloves,0.399724,223.03,92.30,232.75,106.05
803,26.766667,2546,0,person,0.332705,268.06,88.20,343.60,202.66
803,26.766667,2517,0,person,0.341964,352.97,72.61,387.09,194.59
803,26.766667,2480,0,person,0.346880,332.95,95.52,379.40,208.59
803,26.766667,2457,2,helmet,0.762533,303.96,69.86,322.34,87.23
803,26.766667,2447,54,scissor lift,0.250830,451.46,0.46,550.74,107.41
804,26.800000,2387,2,helmet,0.723747,201.35,40.88,220.59,58.09
804,26.800000,2388,0,person,0.671398,194.92,40.30,232.50,137.03
804,26.800000,2402,0,person,0.415071,290.12,0.10,313.11,39.28
804,26.800000,2417,0,person,0.648956,392.35,77.55,433.01,199.16
804,26.800000,2518,0,person,0.568719,263.27,0.15,288.91,32.06
804,26.800000,2539,76,gloves,0.475945,223.12,92.46,233.00,106.39
804,26.800000,2546,0,person,0.362141,268.13,87.60,344.20,202.61
804,26.800000,2517,0,person,0.407874,353.12,72.61,387.07,194.34
804,26.800000,2480,0,person,0.381077,333.62,95.19,380.07,208.72
804,26.800000,2457,2,helmet,0.760477,304.12,69.63,322.49,87.16
805,26.833333,2387,2,helmet,0.737759,201.50,40.97,220.61,58.14
805,26.833333,2388,0,person,0.658482,195.00,40.45,232.50,137.01
805,26.833333,2402,0,person,0.400071,289.81,0.05,313.00,39.50
805,26.833333,2417,0,person,0.590801,392.15,77.97,432.68,199.31
805,26.833333,2518,0,person,0.563090,263.74,0.17,289.68,32.19
805,26.833333,2539,76,gloves,0.459087,223.27,92.59,233.24,106.64
805,26.833333,2546,0,person,0.281247,269.22,87.71,344.85,202.88
805,26.833333,2517,0,person,0.343029,353.22,72.66,387.09,194.44
805,26.833333,2480,0,person,0.319720,332.93,95.16,378.78,208.60
805,26.833333,2457,2,helmet,0.688493,304.30,69.61,322.66,87.21
805,26.833333,2558,76,gloves,0.456330,267.75,7.45,273.47,16.23
805,26.833333,2447,54,scissor lift,0.263579,451.54,0.44,550.78,107.56
806,26.866667,2387,2,helmet,0.722953,201.27,41.16,220.27,58.30
806,26.866667,2388,0,person,0.655737,194.92,40.73,232.36,137.21
806,26.866667,2402,0,person,0.321699,289.64,0.03,312.94,39.70
806,26.866667,2417,0,person,0.587522,391.09,78.20,431.63,199.53
806,26.866667,2518,0,person,0.467988,264.27,0.10,290.79,32.43
806,26.866667,2539,76,gloves,0.408457,222.80,92.82,232.59,106.49
806,26.866667,2546,0,person,0.334891,269.15,87.55,344.43,202.92
806,26.866667,2517,0,person,0.308232,353.25,72.80,386.29,191.72
806,26.866667,2480,0,person,0.366700,333.88,94.66,378.67,206.43
806,26.866667,2457,2,helmet,0.700474,304.20,69.46,322.14,86.73
806,26.866667,2447,54,scissor lift,0.269881,451.34,0.46,550.47,107.67
807,26.900000,2387,2,helmet,0.724221,200.91,41.25,219.73,58.28
807,26.900000,2388,0,person,0.640197,194.40,40.89,231.74,137.31
807,26.900000,2402,0,person,0.342272,289.38,0.06,312.91,40.18
807,26.900000,2417,0,person,0.575515,389.88,78.30,430.47,199.50
807,26.900000,2518,0,person,0.477952,264.26,0.07,291.27,32.61
807,26.900000,2539,76,gloves,0.319402,222.16,92.85,232.22,106.80
807,26.900000,2546,0,person,0.341307,268.99,87.26,344.06,202.92
807,26.900000,2517,0,person,0.348556,352.78,72.36,385.34,189.50
807,26.900000,2480,0,person,0.387949,334.69,93.22,378.69,203.90
807,26.900000,2457,2,helmet,0.682031,304.01,68.99,321.93,86.30
807,26.900000,2447,54,scissor lift,0.255585,451.07,0.55,550.04,107.75
808,26.933333,2387,2,helmet,0.738166,200.78,41.14,219.48,58.13
808,26.933333,2388,0,person,0.638117,194.08,40.83,231.38,137.31
808,26.933333,2402,0,person,0.315622,288.99,0.07,312.68,40.42
808,26.933333,2417,0,person,0.611469,389.31,78.16,430.00,199.38
808,26.933333,2518,0,person,0.434328,263.81,0.14,290.87,32.65
808,26.933333,2539,76,gloves,0.322936,221.86,92.82,232.08,106.93
808,26.933333,2546,0,person,0.358933,268.04,87.19,343.00,202.83
808,26.933333,2517,0,person,0.374216,352.46,72.21,384.83,188.60
808,26.933333,2480,0,person,0.396800,334.97,93.96,378.26,203.44
808,26.933333,2457,2,helmet,0.733816,303.68,68.93,321.49,86.22
809,26.966667,2387,2,helmet,0.700716,200.42,40.95,219.40,58.38
809,26.966667,2388,0,person,0.624980,193.89,40.64,230.96,136.64
809,26.966667,2402,0,person,0.374175,289.20,0.08,312.61,39.97
809,26.966667,2417,0,person,0.601921,388.84,78.04,429.64,199.24
809,26.966667,2518,0,person,0.545640,264.21,0.19,291.36,32.41
809,26.966667,2539,76,gloves,0.257074,221.97,92.58,232.16,106.73
809,26.966667,2546,0,person,0.307630,268.18,86.88,343.20,202.89
809,26.966667,2480,0,person,0.367088,336.89,94.45,380.44,203.81
809,26.966667,2457,2,helmet,0.679883,303.52,68.30,321.40,85.73
810,27.000000,2387,2,helmet,0.662948,200.49,41.05,219.40,58.57
810,27.000000,2388,0,person,0.604413,193.81,40.79,230.77,136.80
810,27.000000,2402,0,person,0.372450,289.39,0.08,312.82,40.11
810,27.000000,2417,0,person,0.566607,388.77,78.32,429.57,199.26
810,27.000000,2518,0,person,0.525733,264.29,0.20,291.77,32.46
810,27.000000,2546,0,person,0.290076,268.31,86.97,343.17,202.90
810,27.000000,2480,0,person,0.331161,337.95,93.93,381.78,203.95
810,27.000000,2457,2,helmet,0.634932,303.62,68.06,321.35,85.40
811,27.033333,2387,2,helmet,0.703395,200.53,41.39,219.42,59.08
811,27.033333,2388,0,person,0.637466,193.90,41.25,230.62,136.80
811,27.033333,2402,0,person,0.325377,289.79,0.08,313.25,40.47
811,27.033333,2417,0,person,0.536795,388.76,78.77,429.60,199.50
811,27.033333,2518,0,person,0.512262,264.40,0.19,292.41,32.76
811,27.033333,2546,0,person,0.263859,268.15,86.98,342.91,202.94
811,27.033333,2480,0,person,0.295051,338.51,94.38,382.31,204.15
811,27.033333,2457,2,helmet,0.707703,303.89,67.92,321.35,85.03
811,27.033333,2447,54,scissor lift,0.273993,450.86,0.61,549.78,107.89
812,27.066667,2387,2,helmet,0.710755,200.30,41.53,218.99,59.21
812,27.066667,2388,0,person,0.633281,193.62,41.39,230.22,136.86
812,27.066667,2402,0,person,0.358139,289.36,0.07,312.76,40.49
812,27.066667,2417,0,person,0.633459,388.12,78.82,429.10,199.73
812,27.066667,2518,0,person,0.518087,264.14,0.19,292.51,32.91
812,27.066667,2546,0,person,0.340934,267.87,87.25,342.34,203.01
812,27.066667,2480,0,person,0.410743,338.68,95.06,382.35,204.29
812,27.066667,2457,2,helmet,0.735465,303.62,67.83,321.09,84.96
812,27.066667,2447,54,scissor lift,0.290216,450.17,0.57,548.99,107.86
813,27.100000,2387,2,helmet,0.723517,200.15,41.69,218.53,59.21
813,27.100000,2388,0,person,0.594511,193.62,41.49,229.93,136.41
813,27.100000,2402,0,person,0.366080,288.85,0.09,312.33,40.83
813,27.100000,2417,0,person,0.649112,387.76,79.10,428.68,199.55
813,27.100000,2518,0,person,0.547249,263.70,0.18,292.33,32.90
813,27.100000,2546,0,person,0.387044,267.88,87.26,342.65,202.84
813,27.100000,2480,0,person,0.467760,338.94,95.29,382.68,204.36
813,27.100000,2457,2,helmet,0.665685,303.41,67.43,320.97,84.68
813,27.100000,2447,54,scissor lift,0.337641,449.85,0.65,548.52,107.93
813,27.100000,2539,76,gloves,0.298467,220.86,92.98,230.93,106.98
814,27.133333,2387,2,helmet,0.728295,200.14,41.58,218.36,59.08
814,27.133333,2388,0,person,0.616345,193.80,41.22,229.98,135.94
814,27.133333,2402,0,person,0.367531,288.69,0.11,312.13,40.96
814,27.133333,2417,0,person,0.650863,387.59,78.91,428.61,199.37
814,27.133333,2518,0,person,0.548690,263.45,0.18,292.14,32.73
814,27.133333,2546,0,person,0.333876,267.37,87.43,342.07,202.68
814,27.133333,2480,0,person,0.428151,338.65,95.15,382.61,204.53
814,27.133333,2457,2,helmet,0.608673,303.29,67.12,320.94,84.50
814,27.133333,2447,54,scissor lift,0.305204,449.65,0.65,548.17,107.83
814,27.133333,2539,76,gloves,0.414872,220.69,92.88,230.78,106.97
815,27.166667,2387,2,helmet,0.730032,200.24,41.52,218.34,59.03
815,27.166667,2388,0,person,0.630191,193.89,41.12,230.02,135.84
815,27.166667,2402,0,person,0.379782,288.65,0.12,312.04,41.03
815,27.166667,2417,0,person,0.686436,387.54,78.83,428.65,199.29
815,27.166667,2518,0,person,0.556191,263.29,0.18,292.12,32.67
815,27.166667,2546,0,person,0.390398,266.49,87.36,341.11,202.66
815,27.166667,2480,0,person,0.477818,339.25,95.40,383.20,204.58
815,27.166667,2457,2,helmet,0.673000,303.54,66.73,320.99,83.91
815,27.166667,2447,54,scissor lift,0.303236,449.70,0.62,548.02,107.67
815,27.166667,2539,76,gloves,0.382601,220.70,92.88,230.76,106.96
816,27.200000,2387,2,helmet,0.724424,200.40,41.66,218.37,59.14
816,27.200000,2388,0,person,0.635254,194.12,41.20,230.33,136.23
816,27.200000,2402,0,person,0.429207,288.85,0.10,311.96,40.63
816,27.200000,2417,0,person,0.675657,387.55,78.71,428.77,199.40
816,27.200000,2518,0,person,0.559006,262.98,0.20,292.20,33.02
816,27.200000,2546,0,person,0.378844,266.15,87.25,340.88,202.70
816,27.200000,2480,0,person,0.435728,339.57,94.94,383.77,204.57
816,27.200000,2457,2,helmet,0.588853,304.14,66.59,321.30,83.45
816,27.200000,2447,54,scissor lift,0.316062,449.81,0.60,548.12,107.74
816,27.200000,2539,76,gloves,0.499518,220.92,93.36,230.61,106.88
817,27.233333,2387,2,helmet,0.717908,200.47,41.89,218.32,59.35
817,27.233333,2388,0,person,0.634077,194.05,41.43,230.25,136.36
817,27.233333,2402,0,person,0.422198,288.85,0.08,311.87,40.53
817,27.233333,2417,0,person,0.654068,387.63,79.16,428.78,199.43
817,27.233333,2518,0,person,0.552347,262.92,0.20,292.45,33.23
817,27.233333,2546,0,person,0.338315,265.99,87.16,340.91,202.80
817,27.233333,2480,0,person,0.401947,339.76,94.89,384.06,204.66
817,27.233333,2457,2,helmet,0.552999,304.36,66.49,321.52,83.33
817,27.233333,2447,54,scissor lift,0.319099,449.89,0.59,548.13,107.76
817,27.233333,2539,76,gloves,0.489670,221.02,93.82,230.55,107.06
818,27.266667,2387,2,helmet,0.725134,200.51,41.97,218.29,59.45
818,27.266667,2388,0,person,0.625638,194.16,41.51,230.28,136.37
818,27.266667,2402,0,person,0.430661,288.87,0.08,311.82,40.48
818,27.266667,2417,0,person,0.671772,387.98,79.32,429.05,199.45
818,27.266667,2518,0,person,0.559290,262.85,0.21,292.55,33.32
818,27.266667,2546,0,person,0.367456,265.73,87.06,340.73,202.87
818,27.266667,2480,0,person,0.414097,340.21,94.99,384.53,204.72
818,27.266667,2457,2,helmet,0.485976,305.13,66.37,322.54,83.41
818,27.266667,2447,54,scissor lift,0.322882,449.95,0.59,548.13,107.77
818,27.266667,2539,76,gloves,0.447000,221.04,93.89,230.58,107.10
819,27.300000,2387,2,helmet,0.733438,200.86,42.00,218.52,59.44
819,27.300000,2388,0,person,0.606166,194.38,41.67,230.17,135.86
819,27.300000,2402,0,person,0.424051,288.99,0.09,311.91,40.46
819,27.300000,2417,0,person,0.611055,388.21,79.63,429.17,199.47
819,27.300000,2518,0,person,0.534806,262.97,0.20,292.84,33.38
819,27.300000,2546,0,person,0.305445,265.78,87.25,340.93,203.17
819,27.300000,2480,0,person,0.381677,340.28,95.08,384.91,205.48
819,27.300000,2457,2,helmet,0.331789,306.19,66.56,323.68,83.62
819,27.300000,2447,54,scissor lift,0.332837,450.21,0.65,548.35,107.85
819,27.300000,2539,76,gloves,0.339584,220.99,93.85,230.59,107.10
820,27.333333,2387,2,helmet,0.733835,201.01,42.00,218.59,59.43
820,27.333333,2388,0,person,0.606432,194.48,41.73,230.10,135.61
820,27.333333,2402,0,person,0.428285,289.03,0.09,311.95,40.51
820,27.333333,2417,0,person,0.611041,388.47,79.76,429.35,199.45
820,27.333333,2518,0,person,0.537590,262.99,0.20,292.98,33.40
820,27.333333,2546,0,person,0.334148,265.50,86.29,341.16,203.06
820,27.333333,2480,0,person,0.372555,340.47,95.00,385.11,205.38
820,27.333333,2457,2,helmet,0.316921,306.78,66.73,324.28,83.78
820,27.333333,2447,54,scissor lift,0.326509,450.32,0.67,548.38,107.87
820,27.333333,2539,76,gloves,0.351941,220.96,93.83,230.59,107.09
821,27.366667,2387,2,helmet,0.730868,201.26,42.00,218.81,59.47
821,27.366667,2388,0,person,0.611587,194.55,41.77,230.14,135.76
821,27.366667,2402,0,person,0.414551,289.07,0.10,311.95,40.45
821,27.366667,2417,0,person,0.630424,388.80,79.75,429.56,199.44
821,27.366667,2518,0,person,0.524879,262.97,0.20,293.04,33.39
821,27.366667,2546,0,person,0.382613,265.51,87.07,340.82,203.02
821,27.366667,2480,0,person,0.425634,340.69,95.31,385.44,205.67
821,27.366667,2457,2,helmet,0.511966,308.22,67.41,325.33,84.02
821,27.366667,2447,54,scissor lift,0.304428,450.34,0.69,548.37,107.91
821,27.366667,2539,76,gloves,0.332650,221.03,93.72,230.73,107.07
822,27.400000,2387,2,helmet,0.731578,201.22,42.01,218.68,59.45
822,27.400000,2388,0,person,0.632234,194.52,41.77,230.17,136.06
822,27.400000,2402,0,person,0.399618,289.40,0.13,312.15,40.39
822,27.400000,2417,0,person,0.642951,389.05,79.52,429.74,199.41
822,27.400000,2518,0,person,0.522732,262.92,0.15,293.24,33.33
822,27.400000,2546,0,person,0.392437,265.44,87.50,340.90,203.12
822,27.400000,2480,0,person,0.433499,341.54,95.60,386.15,205.75
822,27.400000,2457,2,helmet,0.567508,309.49,68.08,326.19,84.17
822,27.400000,2447,54,scissor lift,0.303084,450.21,0.69,548.16,107.84
822,27.400000,2539,76,gloves,0.425684,221.00,93.74,230.68,107.08
823,27.433333,2387,2,helmet,0.729796,201.08,42.03,218.49,59.49
823,27.433333,2388,0,person,0.624712,194.52,41.83,230.02,135.84
823,27.433333,2402,0,person,0.436024,289.28,0.11,312.01,40.38
823,27.433333,2417,0,person,0.666901,389.40,80.02,429.77,199.39
823,27.433333,2518,0,person,0.568184,262.87,0.18,293.22,33.13
823,27.433333,2546,0,person,0.390995,264.70,87.26,340.55,203.18
823,27.433333,2480,0,person,0.451359,340.96,95.20,385.88,205.81
823,27.433333,2457,2,helmet,0.579911,309.82,68.28,326.55,84.30
823,27.433333,2447,54,scissor lift,0.301977,450.09,0.71,547.99,107.82
823,27.433333,2539,76,gloves,0.466217,220.75,93.82,230.37,107.04
824,27.466667,2387,2,helmet,0.723117,201.03,42.06,218.46,59.60
824,27.466667,2388,0,person,0.624121,194.14,41.86,229.51,135.72
824,27.466667,2402,0,person,0.361732,288.98,0.18,311.75,40.54
824,27.466667,2417,0,person,0.668115,389.47,80.40,429.55,199.45
824,27.466667,2518,0,person,0.499612,262.54,0.17,293.00,33.00
824,27.466667,2546,0,person,0.485545,263.90,87.41,339.78,202.91
824,27.466667,2480,0,person,0.449743,340.92,95.30,385.98,205.81
824,27.466667,2457,2,helmet,0.612827,310.13,68.76,326.78,84.60
824,27.466667,2447,54,scissor lift,0.261434,449.81,0.74,547.66,107.80
824,27.466667,2539,76,gloves,0.381476,220.62,93.80,230.10,106.90
825,27.500000,2387,2,helmet,0.715024,201.08,42.28,218.41,59.79
825,27.500000,2388,0,person,0.621713,193.57,42.04,229.04,136.55
825,27.500000,2402,0,person,0.362753,288.88,0.20,311.86,40.99
825,27.500000,2417,0,person,0.664374,389.58,80.62,429.40,199.46
825,27.500000,2518,0,person,0.480520,262.51,0.16,293.40,33.15
825,27.500000,2546,0,person,0.481770,263.99,88.73,339.43,203.11
825,27.500000,2480,0,person,0.407071,341.34,95.85,386.41,206.33
825,27.500000,2457,2,helmet,0.600661,310.28,69.03,327.27,85.15
826,27.533333,2387,2,helmet,0.738599,201.02,42.38,218.38,60.00
826,27.533333,2388,0,person,0.636327,193.57,42.11,229.02,136.68
826,27.533333,2402,0,person,0.364510,288.61,0.22,311.61,41.03
826,27.533333,2417,0,person,0.590166,389.38,80.60,429.08,199.58
826,27.533333,2518,0,person,0.465819,262.07,0.16,293.23,33.20
826,27.533333,2546,0,person,0.488465,263.97,89.04,339.51,203.06
826,27.533333,2480,0,person,0.430942,341.11,96.08,386.36,206.79
826,27.533333,2457,2,helmet,0.526023,310.26,69.29,327.40,85.51
826,27.533333,2578,76,gloves,0.385647,263.08,108.86,272.88,123.33
827,27.566667,2387,2,helmet,0.747315,201.02,42.41,218.35,60.07
827,27.566667,2388,0,person,0.649614,193.59,42.14,229.09,137.01
827,27.566667,2402,0,person,0.370476,288.50,0.23,311.55,41.13
827,27.566667,2417,0,person,0.573898,389.35,80.57,428.90,199.60
827,27.566667,2518,0,person,0.476142,261.84,0.16,293.19,33.19
827,27.566667,2546,0,person,0.445951,263.83,89.12,339.55,203.00
827,27.566667,2480,0,person,0.400599,341.23,96.17,386.52,206.84
827,27.566667,2457,2,helmet,0.484559,310.20,69.32,327.48,85.63
827,27.566667,2578,76,gloves,0.426692,263.16,108.85,272.83,123.07
828,27.600000,2387,2,helmet,0.737447,200.95,42.58,218.10,60.09
828,27.600000,2388,0,person,0.644795,193.46,42.26,228.78,136.77
828,27.600000,2402,0,person,0.321977,288.92,0.17,311.83,41.16
828,27.600000,2417,0,person,0.609303,389.15,80.59,428.57,199.62
828,27.600000,2518,0,person,0.493343,261.60,0.14,293.33,33.35
828,27.600000,2546,0,person,0.517290,263.27,89.54,339.02,203.17
828,27.600000,2480,0,person,0.467209,341.00,96.37,386.36,207.01
828,27.600000,2457,2,helmet,0.507244,310.19,69.48,327.35,85.62
828,27.600000,2578,76,gloves,0.472521,262.30,105.72,273.76,122.54
828,27.600000,2580,0,person,0.336863,307.61,69.14,347.40,190.42
829,27.633333,2387,2,helmet,0.747401,200.66,42.49,217.72,59.95
829,27.633333,2388,0,person,0.632802,193.28,42.12,228.36,135.94
829,27.633333,2402,0,person,0.320305,288.42,0.18,311.18,41.02
829,27.633333,2417,0,person,0.634711,388.71,80.96,427.92,199.68
829,27.633333,2518,0,person,0.431011,261.06,0.14,292.95,33.33
829,27.633333,2546,0,person,0.508628,263.39,89.64,339.16,203.32
829,27.633333,2480,0,person,0.484780,340.37,96.59,385.80,207.09
829,27.633333,2457,2,helmet,0.528596,309.78,69.56,326.97,85.67
829,27.633333,2580,0,person,0.319400,307.99,69.18,346.78,187.32
829,27.633333,2539,76,gloves,0.365539,220.06,94.62,229.03,107.07
830,27.666667,2387,2,helmet,0.746804,200.38,42.47,217.38,59.87
830,27.666667,2388,0,person,0.625462,192.57,42.10,227.70,136.21
830,27.666667,2402,0,person,0.356231,288.00,0.19,310.58,40.79
830,27.666667,2417,0,person,0.647153,388.19,81.13,427.30,199.79
830,27.666667,2518,0,person,0.459374,260.46,0.14,292.23,33.07
830,27.666667,2546,0,person,0.545329,263.18,89.80,338.83,203.36
830,27.666667,2480,0,person,0.510868,339.70,96.52,385.30,207.13
830,27.666667,2457,2,helmet,0.572269,309.32,69.68,326.49,85.73
830,27.666667,2580,0,person,0.365025,307.91,69.22,346.08,185.21
830,27.666667,2539,76,gloves,0.305071,219.33,94.24,228.50,106.92
830,27.666667,2447,54,scissor lift,0.256706,447.91,0.72,546.34,108.42
831,27.700000,2387,2,helmet,0.745506,200.00,42.43,217.01,59.86
831,27.700000,2388,0,person,0.638830,192.09,42.05,227.22,136.36
831,27.700000,2402,0,person,0.319937,287.81,0.20,310.10,40.37
831,27.700000,2417,0,person,0.630103,387.79,80.93,426.81,199.61
831,27.700000,2518,0,person,0.461735,260.43,0.16,292.42,33.09
831,27.700000,2546,0,person,0.558412,264.04,89.39,340.21,203.23
831,27.700000,2480,0,person,0.493102,340.12,96.35,385.61,206.86
831,27.700000,2457,2,helmet,0.580562,309.05,69.66,326.46,85.87
831,27.700000,2580,0,person,0.395039,308.02,69.20,346.15,184.54
831,27.700000,2539,76,gloves,0.311837,218.91,94.20,228.15,106.96
832,27.733333,2387,2,helmet,0.756286,199.59,42.37,216.63,59.89
832,27.733333,2388,0,person,0.643129,191.79,41.95,226.92,136.47
832,27.733333,2402,0,person,0.397083,287.63,0.22,309.77,40.26
832,27.733333,2417,0,person,0.656908,387.32,80.53,426.35,199.62
832,27.733333,2518,0,person,0.561477,260.11,0.17,292.57,33.38
832,27.733333,2546,0,person,0.598874,263.93,89.82,340.08,203.12
832,27.733333,2480,0,person,0.495745,340.60,96.02,386.24,207.00
832,27.733333,2457,2,helmet,0.652689,308.92,69.49,326.38,85.67
832,27.733333,2580,0,person,0.432551,307.24,69.05,345.34,183.42
832,27.733333,2539,76,gloves,0.323791,218.54,94.22,227.87,107.05
833,27.766667,2387,2,helmet,0.756919,199.45,42.35,216.48,59.91
833,27.766667,2388,0,person,0.636666,191.64,41.92,226.75,136.58
833,27.766667,2402,0,person,0.399283,287.59,0.22,309.64,40.23
833,27.766667,2417,0,person,0.631238,387.23,80.44,426.20,199.71
833,27.766667,2518,0,person,0.563498,259.94,0.17,292.68,33.49
833,27.766667,2546,0,person,0.582173,264.21,90.06,340.58,203.11
833,27.766667,2480,0,person,0.477083,341.00,95.91,386.62,207.09
833,27.766667,2457,2,helmet,0.636884,308.84,69.40,326.36,85.58
833,27.766667,2580,0,person,0.421390,306.69,69.00,345.45,184.57
833,27.766667,2539,76,gloves,0.307418,218.50,94.27,227.80,107.03
834,27.800000,2387,2,helmet,0.749635,199.38,42.19,216.39,59.78
834,27.800000,2388,0,person,0.618116,191.51,41.76,226.49,136.43
834,27.800000,2402,0,person,0.349821,287.58,0.25,309.58,40.27
834,27.800000,2417,0,person,0.622217,387.15,80.01,426.10,199.62
834,27.800000,2518,0,person,0.470218,260.15,0.16,292.74,33.30
834,27.800000,2546,0,person,0.522712,264.14,90.01,341.44,203.92
834,27.800000,2480,0,person,0.389349,340.63,96.12,386.19,207.06
834,27.800000,2457,2,helmet,0.655290,308.90,69.18,326.60,85.42
834,27.800000,2580,0,person,0.334287,306.79,68.76,346.29,185.88
835,27.833333,2387,2,helmet,0.744646,199.59,42.26,216.96,60.29
835,27.833333,2388,0,person,0.666810,191.69,41.87,226.66,136.47
835,27.833333,2402,0,person,0.397028,287.64,0.29,309.58,40.30
835,27.833333,2417,0,person,0.622068,387.06,79.74,425.93,199.46
835,27.833333,2518,0,person,0.528887,259.98,0.16,292.46,33.24
835,27.833333,2546,0,person,0.530154,263.75,89.99,341.52,204.30
835,27.833333,2480,0,person,0.406880,340.55,95.97,386.20,207.11
835,27.833333,2457,2,helmet,0.655077,308.92,69.05,326.78,85.32
835,27.833333,2580,0,person,0.362195,307.30,68.59,346.76,184.74
835,27.833333,2539,76,gloves,0.372119,218.45,94.00,227.83,106.86
836,27.866667,2387,2,helmet,0.746144,199.57,42.17,216.90,60.26
836,27.866667,2388,0,person,0.663180,191.78,41.77,226.75,136.29
836,27.866667,2402,0,person,0.396081,287.87,0.28,309.65,40.15
836,27.866667,2417,0,person,0.609743,387.04,79.48,425.85,199.28
836,27.866667,2518,0,person,0.538422,259.92,0.17,292.12,33.02
836,27.866667,2546,0,person,0.528636,263.44,89.72,341.81,204.59
836,27.866667,2480,0,person,0.400233,340.29,95.89,385.98,207.01
836,27.866667,2457,2,helmet,0.678909,308.89,68.80,326.88,85.10
836,27.866667,2580,0,person,0.359348,307.66,68.33,346.65,182.15
836,27.866667,2539,76,gloves,0.380220,218.48,93.75,227.87,106.61
837,27.900000,2387,2,helmet,0.768421,199.54,42.17,217.34,60.85
837,27.900000,2388,0,person,0.712305,192.05,41.80,227.12,136.45
837,27.900000,2402,0,person,0.386731,287.59,0.24,309.49,40.46
837,27.900000,2417,0,person,0.634045,387.18,79.31,425.88,199.12
837,27.900000,2518,0,person,0.496839,259.46,0.17,291.27,32.94
837,27.900000,2546,0,person,0.571094,263.82,89.57,342.39,204.57
837,27.900000,2480,0,person,0.419281,340.59,95.81,386.32,207.18
837,27.900000,2457,2,helmet,0.609506,309.25,68.52,327.47,84.92
837,27.900000,2580,0,person,0.352298,308.59,68.09,346.93,178.95
837,27.900000,2539,76,gloves,0.633449,218.82,93.68,228.17,106.54
838,27.933333,2387,2,helmet,0.779455,200.11,42.31,218.12,61.36
838,27.933333,2388,0,person,0.707358,192.42,42.04,227.51,136.50
838,27.933333,2402,0,person,0.424801,288.07,0.25,309.71,40.12
838,27.933333,2417,0,person,0.621433,387.29,79.39,425.92,199.32
838,27.933333,2518,0,person,0.530983,260.37,0.16,292.04,32.99
838,27.933333,2546,0,person,0.535587,264.39,89.92,342.70,204.40
838,27.933333,2480,0,person,0.421294,340.74,96.00,386.59,207.96
838,27.933333,2457,2,helmet,0.543543,309.90,68.45,328.31,84.86
838,27.933333,2580,0,person,0.292767,309.10,68.05,347.29,177.66
838,27.933333,2539,76,gloves,0.560849,219.84,93.83,228.83,106.38
839,27.966667,2387,2,helmet,0.784156,200.37,42.37,218.38,61.56
839,27.966667,2388,0,person,0.711598,192.56,42.13,227.65,136.37
839,27.966667,2402,0,person,0.432052,288.23,0.25,309.82,40.17
839,27.966667,2417,0,person,0.626800,387.41,79.43,425.89,199.21
839,27.966667,2518,0,person,0.542546,260.76,0.16,292.28,33.03
839,27.966667,2546,0,person,0.555699,264.25,89.87,342.50,204.36
839,27.966667,2480,0,person,0.435853,341.09,96.16,386.79,208.12
839,27.966667,2457,2,helmet,0.650049,310.63,68.18,329.17,84.46
839,27.966667,2580,0,person,0.340424,309.42,67.88,347.78,177.26
839,27.966667,2539,76,gloves,0.552642,220.23,93.87,229.06,106.33
840,28.000000,2387,2,helmet,0.787863,200.74,42.30,218.37,61.17
840,28.000000,2388,0,person,0.719070,192.73,41.99,227.91,135.96
840,28.000000,2402,0,person,0.518046,288.24,0.25,309.73,40.07
840,28.000000,2417,0,person,0.640768,387.50,79.22,425.81,198.92
840,28.000000,2518,0,person,0.547944,260.99,0.18,291.72,32.58
840,28.000000,2546,0,person,0.560631,265.27,89.68,343.82,204.37
840,28.000000,2480,0,person,0.453919,340.07,96.68,385.99,208.82
840,28.000000,2457,2,helmet,0.656354,311.26,67.44,330.04,83.66
840,28.000000,2580,0,person,0.373513,309.90,67.15,348.62,176.91
840,28.000000,2539,76,gloves,0.605683,220.39,93.54,229.32,106.29
841,28.033333,2387,2,helmet,0.786341,201.03,42.14,218.53,60.96
841,28.033333,2388,0,person,0.719476,192.70,41.81,228.08,135.82
841,28.033333,2402,0,person,0.453147,288.65,0.20,310.05,40.05
841,28.033333,2417,0,person,0.642657,387.73,79.03,425.90,198.71
841,28.033333,2518,0,person,0.531970,261.57,0.20,291.99,32.58
841,28.033333,2546,0,person,0.578883,265.68,89.45,344.66,204.45
841,28.033333,2480,0,person,0.435339,339.94,97.29,385.99,209.44
841,28.033333,2457,2,helmet,0.662689,311.60,67.00,330.64,83.18
841,28.033333,2580,0,person,0.393106,310.10,66.77,349.14,176.84
841,28.033333,2539,76,gloves,0.617767,220.61,93.42,229.53,106.31
842,28.066667,2387,2,helmet,0.793227,201.34,42.24,218.79,61.09
842,28.066667,2388,0,person,0.722672,192.99,41.92,228.43,135.73
842,28.066667,2402,0,person,0.449052,288.88,0.18,310.14,39.96
842,28.066667,2417,0,person,0.627964,387.82,78.96,425.85,198.62
842,28.066667,2518,0,person,0.525320,261.89,0.21,292.07,32.65
842,28.066667,2546,0,person,0.556811,266.01,89.60,345.12,204.47
842,28.066667,2480,0,person,0.418370,339.68,97.54,385.86,209.66
842,28.066667,2457,2,helmet,0.661960,311.64,66.86,330.91,82.99
842,28.066667,2580,0,person,0.377511,310.18,66.66,349.40,176.70
842,28.066667,2539,76,gloves,0.561633,220.63,93.36,229.67,106.49
842,28.066667,2588,76,gloves,0.330952,388.66,143.78,395.32,152.42
843,28.100000,2387,2,helmet,0.792785,201.71,42.29,219.03,61.06
843,28.100000,2388,0,person,0.716186,193.19,41.98,228.64,135.64
843,28.100000,2402,0,person,0.401666,288.64,0.21,309.69,39.81
843,28.100000,2417,0,person,0.640915,387.87,78.95,425.79,198.66
843,28.100000,2518,0,person,0.445525,262.25,0.21,291.86,32.44
843,28.100000,2546,0,person,0.590707,266.30,89.62,345.49,204.40
843,28.100000,2480,0,person,0.445701,340.45,98.04,386.24,209.46
843,28.100000,2457,2,helmet,0.634147,311.72,66.76,330.72,82.32
843,28.100000,2580,0,person,0.363963,310.31,66.57,349.80,176.61
843,28.100000,2539,76,gloves,0.523111,220.64,93.32,229.72,106.57
843,28.100000,2589,74,bucket,0.407362,556.16,255.84,583.21,291.72
844,28.133333,2387,2,helmet,0.788056,201.84,42.11,219.08,60.83
844,28.133333,2388,0,person,0.710451,193.30,41.78,228.94,135.59
844,28.133333,2402,0,person,0.389223,288.45,0.22,309.35,39.69
844,28.133333,2417,0,person,0.675010,387.92,78.87,425.68,198.42
844,28.133333,2518,0,person,0.424665,262.69,0.16,291.90,32.34
844,28.133333,2546,0,person,0.600648,266.06,89.18,345.49,204.22
844,28.133333,2480,0,person,0.476799,339.42,98.28,385.31,209.54
844,28.133333,2457,2,helmet,0.589422,311.66,66.48,330.71,81.85
844,28.133333,2580,0,person,0.325536,310.24,66.31,349.94,176.45
844,28.133333,2539,76,gloves,0.544813,220.95,92.89,230.06,106.25
844,28.133333,2589,74,bucket,0.345820,556.22,255.63,583.05,291.20
845,28.166667,2387,2,helmet,0.786912,202.22,41.84,219.09,60.19
845,28.166667,2388,0,person,0.736553,193.27,41.57,229.03,135.55
845,28.166667,2402,0,person,0.385346,288.54,0.25,309.29,39.59
845,28.166667,2417,0,person,0.649201,387.99,78.59,425.65,198.20
845,28.166667,2518,0,person,0.495857,263.28,0.15,291.94,32.04
845,28.166667,2546,0,person,0.556341,265.65,88.86,345.09,204.08
845,28.166667,2480,0,person,0.437410,338.99,98.10,384.99,209.43
845,28.166667,2457,2,helmet,0.603164,311.50,66.27,330.75,81.58
845,28.166667,2580,0,person,0.311144,309.91,66.10,349.71,176.28
845,28.166667,2539,76,gloves,0.499422,220.88,92.44,230.13,106.11
845,28.166667,2589,74,bucket,0.378079,556.52,255.34,583.31,290.86
846,28.200000,2387,2,helmet,0.791715,202.61,41.81,219.29,59.93
846,28.200000,2388,0,person,0.720078,193.55,41.53,229.49,135.75
846,28.200000,2402,0,person,0.321778,289.06,0.24,309.61,39.41
846,28.200000,2417,0,person,0.677086,388.27,78.38,425.81,198.01
846,28.200000,2518,0,person,0.449509,263.97,0.15,292.04,31.79
846,28.200000,2546,0,person,0.596777,264.63,88.38,343.95,203.93
846,28.200000,2480,0,person,0.469363,340.66,98.51,386.20,209.47
846,28.200000,2457,2,helmet,0.513983,311.20,65.65,330.18,80.45
846,28.200000,2580,0,person,0.345784,309.49,65.59,349.41,175.86
846,28.200000,2539,76,gloves,0.503240,220.90,92.19,230.16,105.79
846,28.200000,2589,74,bucket,0.396760,556.84,255.15,583.81,290.89
847,28.233333,2387,2,helmet,0.794175,203.01,41.65,219.75,59.83
847,28.233333,2388,0,person,0.719362,193.79,41.38,229.63,135.23
847,28.233333,2402,0,person,0.285282,289.42,0.23,309.80,39.22
847,28.233333,2417,0,person,0.743828,388.49,78.27,425.89,197.87
847,28.233333,2518,0,person,0.382138,264.45,0.10,292.33,31.89
847,28.233333,2546,0,person,0.701770,266.17,88.43,345.27,203.65
847,28.233333,2480,0,person,0.559140,341.73,98.68,386.82,209.38
847,28.233333,2457,2,helmet,0.484746,310.96,64.92,330.24,79.77
847,28.233333,2580,0,person,0.382025,309.02,65.14,349.23,175.95
847,28.233333,2539,76,gloves,0.438296,220.76,91.94,230.13,105.54
848,28.266667,2387,2,helmet,0.797315,203.37,41.39,220.31,59.80
848,28.266667,2388,0,person,0.729878,194.15,41.10,230.21,135.58
848,28.266667,2417,0,person,0.751291,388.94,78.07,426.28,197.94
848,28.266667,2518,0,person,0.368736,264.85,0.07,292.38,31.83
848,28.266667,2546,0,person,0.720365,266.96,88.51,345.93,203.57
848,28.266667,2480,0,person,0.567794,342.40,98.78,387.15,209.36
848,28.266667,2457,2,helmet,0.460374,311.25,64.67,330.62,79.46
848,28.266667,2580,0,person,0.342480,309.18,64.97,349.46,175.97
848,28.266667,2539,76,gloves,0.456297,221.14,91.85,230.56,105.52
849,28.300000,2387,2,helmet,0.788196,203.86,41.37,220.79,59.74
849,28.300000,2388,0,person,0.722189,194.68,40.92,231.00,136.02
849,28.300000,2417,0,person,0.710273,389.66,78.14,426.85,197.89
849,28.300000,2518,0,person,0.335641,265.74,0.02,292.76,31.62
849,28.300000,2546,0,person,0.697755,267.65,88.69,346.55,203.73
849,28.300000,2480,0,person,0.542414,342.55,99.14,386.95,209.44
849,28.300000,2580,0,person,0.423435,309.49,64.50,349.81,175.88
849,28.300000,2539,76,gloves,0.512258,221.32,91.96,230.99,105.86
849,28.300000,2594,46,box,0.322444,112.66,232.53,217.59,334.54
850,28.333333,2387,2,helmet,0.776047,204.88,41.55,221.78,59.91
850,28.333333,2388,0,person,0.726673,195.42,40.94,231.96,136.51
850,28.333333,2417,0,person,0.730557,390.44,78.43,427.47,197.95
850,28.333333,2518,0,person,0.445938,266.72,0.00,293.83,32.08
850,28.333333,2546,0,person,0.699133,269.76,88.67,348.63,203.60
850,28.333333,2480,0,person,0.561947,342.97,99.14,387.10,209.46
850,28.333333,2580,0,person,0.533132,309.80,63.61,350.22,175.74
850,28.333333,2539,76,gloves,0.500521,222.62,92.12,232.01,105.63
850,28.333333,2594,46,box,0.344109,114.50,232.65,218.97,334.32
850,28.333333,2402,0,person,0.500486,290.68,0.24,311.44,40.11
850,28.333333,2457,2,helmet,0.531105,311.82,63.90,331.49,78.81
851,28.366667,2387,2,helmet,0.758759,206.01,41.95,222.75,60.08
851,28.366667,2388,0,person,0.699631,196.18,41.50,232.70,136.71
851,28.366667,2417,0,person,0.737995,391.14,78.53,428.03,197.91
851,28.366667,2518,0,person,0.364167,267.88,0.05,294.85,32.28
851,28.366667,2546,0,person,0.722372,270.80,89.17,349.59,204.03
851,28.366667,2480,0,person,0.566548,342.83,98.97,387.03,209.66
851,28.366667,2580,0,person,0.516475,310.34,63.06,350.78,175.74
851,28.366667,2539,76,gloves,0.605205,223.85,92.52,233.19,105.95
851,28.366667,2594,46,box,0.307785,115.75,232.80,220.11,334.53
851,28.366667,2402,0,person,0.418609,291.46,0.23,312.42,40.76
851,28.366667,2457,2,helmet,0.535034,312.44,63.74,332.51,78.94
852,28.400000,2387,2,helmet,0.763917,206.83,42.18,223.28,59.90
852,28.400000,2388,0,person,0.709011,196.80,41.76,233.30,136.68
852,28.400000,2417,0,person,0.713583,391.46,78.58,428.23,197.89
852,28.400000,2518,0,person,0.405147,268.77,0.10,295.41,32.21
852,28.400000,2546,0,person,0.688242,270.80,89.37,349.37,204.20
852,28.400000,2480,0,person,0.534720,342.71,99.12,386.75,209.49
852,28.400000,2580,0,person,0.469238,311.05,62.73,351.43,175.63
852,28.400000,2539,76,gloves,0.609059,224.44,92.69,233.74,106.01
852,28.400000,2594,46,box,0.293454,116.09,232.92,220.19,334.57
852,28.400000,2402,0,person,0.490260,291.93,0.24,312.99,41.18
852,28.400000,2457,2,helmet,0.518436,312.97,63.58,332.95,78.70
853,28.433333,2387,2,helmet,0.765167,206.94,42.24,223.37,59.86
853,28.433333,2388,0,person,0.720613,196.93,41.86,233.50,136.74
853,28.433333,2417,0,person,0.715068,391.63,78.81,428.32,198.03
853,28.433333,2518,0,person,0.394156,269.11,0.11,295.50,32.19
853,28.433333,2546,0,person,0.689493,271.06,89.62,349.38,204.23
853,28.433333,2480,0,person,0.530047,342.59,99.52,386.54,209.62
853,28.433333,2580,0,person,0.475599,311.27,62.71,351.65,175.84
853,28.433333,2539,76,gloves,0.629516,224.59,92.96,233.84,106.15
853,28.433333,2594,46,box,0.342236,116.42,232.88,220.36,334.66
853,28.433333,2402,0,person,0.513806,292.14,0.24,313.07,41.07
853,28.433333,2457,2,helmet,0.604131,313.29,63.57,333.12,78.53
854,28.466667,2387,2,helmet,0.768369,206.95,42.26,223.41,59.85
854,28.466667,2388,0,person,0.733036,196.81,41.86,233.47,136.85
854,28.466667,2417,0,person,0.721031,391.52,78.85,428.16,198.10
854,28.466667,2518,0,person,0.427446,269.27,0.08,295.59,32.36
854,28.466667,2546,0,person,0.690082,271.34,89.71,349.56,204.25
854,28.466667,2480,0,person,0.538408,342.46,99.67,386.36,209.64
854,28.466667,2580,0,person,0.475817,311.28,62.71,351.61,175.97
854,28.466667,2539,76,gloves,0.664612,224.43,93.08,233.71,106.27
854,28.466667,2594,46,box,0.332813,116.58,232.93,220.19,334.68
854,28.466667,2402,0,person,0.514543,292.25,0.23,313.25,41.29
854,28.466667,2457,2,helmet,0.573021,313.32,63.57,333.15,78.48
855,28.500000,2387,2,helmet,0.750586,206.76,42.02,223.44,59.82
855,28.500000,2388,0,person,0.716359,196.65,41.56,233.42,136.85
855,28.500000,2417,0,person,0.704654,391.48,78.87,428.08,198.15
855,28.500000,2518,0,person,0.451544,269.72,0.09,296.07,32.71
855,28.500000,2546,0,person,0.694802,271.26,89.79,349.37,204.25
855,28.500000,2480,0,person,0.538496,342.48,99.90,386.33,209.79
855,28.500000,2580,0,person,0.453598,311.46,62.86,351.66,176.02
855,28.500000,2539,76,gloves,0.536723,224.54,93.19,233.69,106.25
855,28.500000,2594,46,box,0.374128,116.94,232.94,220.13,334.65
855,28.500000,2402,0,person,0.519807,292.64,0.25,313.65,41.42
855,28.500000,2457,2,helmet,0.542862,313.80,63.61,333.51,78.32
856,28.533333,2387,2,helmet,0.738835,206.64,41.64,223.37,59.41
856,28.533333,2388,0,person,0.717106,196.41,41.10,233.39,136.96
856,28.533333,2417,0,person,0.633513,391.46,78.82,428.00,198.04
856,28.533333,2518,0,person,0.450849,270.05,0.07,296.34,32.81
856,28.533333,2546,0,person,0.622542,271.39,89.62,349.31,204.10
856,28.533333,2480,0,person,0.491518,342.28,99.66,386.14,209.60
856,28.533333,2580,0,person,0.348221,311.96,62.57,351.98,175.11
856,28.533333,2539,76,gloves,0.350651,224.53,92.99,233.86,106.34
856,28.533333,2594,46,box,0.315925,116.76,232.84,219.35,334.17
856,28.533333,2402,0,person,0.457718,292.65,0.24,313.73,41.75
856,28.533333,2457,2,helmet,0.580972,313.94,63.32,333.80,78.08
857,28.566667,2387,2,helmet,0.737530,206.62,41.32,223.31,58.98
857,28.566667,2388,0,person,0.701261,196.49,40.76,233.57,136.88
857,28.566667,2417,0,person,0.617165,391.31,78.63,427.83,197.88
857,28.566667,2518,0,person,0.411842,270.25,0.06,296.37,32.76
857,28.566667,2546,0,person,0.633670,271.38,89.36,349.29,204.11
857,28.566667,2480,0,person,0.498532,342.17,99.56,386.03,209.52
857,28.566667,2580,0,person,0.327771,312.08,62.42,352.04,174.63
857,28.566667,2539,76,gloves,0.415338,224.66,92.77,233.99,106.14
857,28.566667,2594,46,box,0.339447,116.72,232.71,219.28,334.34
857,28.566667,2402,0,person,0.438066,292.67,0.23,313.52,41.48
857,28.566667,2457,2,helmet,0.508613,313.98,63.15,333.84,77.84
857,28.566667,2597,36,trash can,0.377939,264.22,94.54,284.35,129.88
858,28.600000,2387,2,helmet,0.721428,206.47,41.21,223.14,58.78
858,28.600000,2388,0,person,0.701182,196.27,40.65,233.37,136.85
858,28.600000,2417,0,person,0.631352,391.12,78.45,427.59,197.74
858,28.600000,2518,0,person,0.475489,271.28,0.10,297.21,32.69
858,28.600000,2546,0,person,0.592280,271.67,89.19,349.63,204.17
858,28.600000,2480,0,person,0.474112,342.61,99.46,386.32,209.49
858,28.600000,2580,0,person,0.317243,312.11,62.61,351.96,174.78
858,28.600000,2539,76,gloves,0.349936,224.46,92.64,233.82,106.06
858,28.600000,2594,46,box,0.364057,116.77,232.66,219.08,334.41
858,28.600000,2402,0,person,0.474343,293.09,0.21,313.84,41.35
858,28.600000,2457,2,helmet,0.598940,314.67,63.17,334.37,77.67
859,28.633333,2387,2,helmet,0.735330,206.39,41.17,223.08,58.72
859,28.633333,2388,0,person,0.705308,196.19,40.61,233.30,136.86
859,28.633333,2417,0,person,0.655776,391.07,78.39,427.48,197.69
859,28.633333,2518,0,person,0.398392,271.67,0.11,297.24,32.39
859,28.633333,2546,0,person,0.616801,271.05,89.10,348.84,204.36
859,28.633333,2480,0,person,0.468501,342.71,99.46,386.33,209.60
859,28.633333,2580,0,person,0.316264,311.84,62.75,351.93,176.22
859,28.633333,2539,76,gloves,0.344215,224.35,92.60,233.73,106.04
859,28.633333,2594,46,box,0.363387,116.89,232.64,218.87,334.43
859,28.633333,2402,0,person,0.384530,293.63,0.21,314.16,41.03
859,28.633333,2457,2,helmet,0.594291,315.01,63.21,334.78,77.67
860,28.666667,2387,2,helmet,0.756752,206.40,40.81,222.83,57.98
860,28.666667,2388,0,person,0.729982,196.30,40.23,233.34,136.24
860,28.666667,2417,0,person,0.649977,390.92,78.28,427.22,197.52
860,28.666667,2518,0,person,0.422269,272.06,0.12,297.23,31.96
860,28.666667,2546,0,person,0.632855,271.14,88.75,348.50,203.84
860,28.666667,2480,0,person,0.465827,342.87,99.29,386.45,209.51
860,28.666667,2580,0,person,0.303983,312.43,62.49,352.18,175.27
860,28.666667,2539,76,gloves,0.442231,224.59,92.32,233.90,105.71
860,28.666667,2594,46,box,0.330949,116.10,232.35,217.91,334.08
860,28.666667,2402,0,person,0.373255,293.81,0.20,314.21,40.89
860,28.666667,2457,2,helmet,0.586710,315.07,62.95,335.05,77.50
861,28.700000,2387,2,helmet,0.715182,206.16,40.40,222.47,57.31
861,28.700000,2388,0,person,0.730356,196.18,39.77,233.28,135.80
861,28.700000,2417,0,person,0.666763,390.87,77.69,427.16,197.19
861,28.700000,2518,0,person,0.405064,273.05,0.19,297.83,31.68
861,28.700000,2546,0,person,0.692339,271.35,88.45,348.11,203.41
861,28.700000,2480,0,person,0.471608,342.85,99.10,386.46,209.41
861,28.700000,2539,76,gloves,0.435025,224.45,91.61,233.83,105.09
861,28.700000,2594,46,box,0.311673,115.44,232.08,217.21,333.79
861,28.700000,2402,0,person,0.293902,294.45,0.25,314.51,40.39
862,28.733333,2387,2,helmet,0.730341,206.03,40.25,222.35,57.06
862,28.733333,2388,0,person,0.732324,196.07,39.59,233.24,135.70
862,28.733333,2417,0,person,0.659968,390.82,77.48,427.09,197.21
862,28.733333,2518,0,person,0.487278,275.19,0.22,300.22,31.54
862,28.733333,2546,0,person,0.671873,271.86,89.07,347.78,203.40
862,28.733333,2480,0,person,0.445704,343.02,99.45,386.55,209.67
862,28.733333,2539,76,gloves,0.441376,224.29,91.53,233.77,105.14
862,28.733333,2594,46,box,0.270582,114.44,232.14,216.54,334.04
863,28.766667,2387,2,helmet,0.752283,206.06,40.40,222.63,57.40
863,28.766667,2388,0,person,0.729251,195.98,39.76,233.29,136.18
863,28.766667,2417,0,person,0.661417,390.78,77.87,426.99,197.57
863,28.766667,2518,0,person,0.413110,275.99,0.21,301.67,31.98
863,28.766667,2546,0,person,0.685442,271.98,89.54,347.38,203.60
863,28.766667,2480,0,person,0.449233,342.93,99.47,386.52,209.76
863,28.766667,2539,76,gloves,0.421383,224.58,92.06,233.91,105.54
863,28.766667,2594,46,box,0.351415,115.68,232.26,217.36,334.01
863,28.766667,2598,76,gloves,0.406395,272.53,94.66,282.62,111.77
864,28.800000,2387,2,helmet,0.726839,205.89,40.40,222.55,57.41
864,28.800000,2388,0,person,0.728059,195.80,39.70,233.18,136.19
864,28.800000,2417,0,person,0.635082,390.68,78.02,426.80,197.57
864,28.800000,2518,0,person,0.443314,277.07,0.20,303.83,32.87
864,28.800000,2546,0,person,0.681348,273.25,89.62,348.66,203.98
864,28.800000,2480,0,person,0.417909,343.38,99.97,386.79,209.75
864,28.800000,2539,76,gloves,0.374723,224.42,91.87,233.73,105.32
864,28.800000,2594,46,box,0.323357,115.89,232.29,217.29,333.94
864,28.800000,2598,76,gloves,0.331248,273.91,96.14,282.77,111.17
865,28.833333,2387,2,helmet,0.715119,205.53,40.39,222.30,57.42
865,28.833333,2388,0,person,0.724902,195.60,39.72,233.00,136.11
865,28.833333,2417,0,person,0.634921,390.63,78.12,426.71,197.61
865,28.833333,2518,0,person,0.419178,277.61,0.17,304.64,32.93
865,28.833333,2546,0,person,0.688884,273.63,89.69,348.86,203.98
865,28.833333,2480,0,person,0.413249,343.69,100.06,387.04,209.79
865,28.833333,2539,76,gloves,0.370361,224.29,91.82,233.53,105.14
865,28.833333,2594,46,box,0.348728,115.97,232.23,217.25,333.97
865,28.833333,2598,76,gloves,0.350520,274.02,96.03,282.95,111.20
866,28.866667,2387,2,helmet,0.740353,205.16,40.39,222.04,57.45
866,28.866667,2388,0,person,0.730495,195.44,39.71,232.93,136.18
866,28.866667,2417,0,person,0.643394,390.54,78.09,426.61,197.55
866,28.866667,2518,0,person,0.434283,277.86,0.17,305.11,32.90
866,28.866667,2546,0,person,0.707632,273.87,89.71,348.90,203.89
866,28.866667,2480,0,person,0.428439,343.80,100.10,387.12,209.81
866,28.866667,2539,76,gloves,0.406566,224.21,91.80,233.44,105.08
866,28.866667,2594,46,box,0.379190,115.95,232.22,217.06,333.95
866,28.866667,2598,76,gloves,0.364148,274.05,96.00,283.01,111.25
867,28.900000,2387,2,helmet,0.750737,204.76,40.40,221.82,57.57
867,28.900000,2388,0,person,0.728925,195.18,39.74,232.70,136.19
867,28.900000,2417,0,person,0.635734,390.37,78.08,426.43,197.58
867,28.900000,2518,0,person,0.520007,278.29,0.10,305.20,32.23
867,28.900000,2546,0,person,0.713838,273.73,89.64,348.65,203.84
867,28.900000,2480,0,person,0.418857,344.58,99.71,387.99,209.77
867,28.900000,2539,76,gloves,0.327795,223.70,91.85,233.06,105.23
867,28.900000,2594,46,box,0.359006,115.84,232.20,216.85,333.95
867,28.900000,2598,76,gloves,0.445749,274.06,95.90,283.07,111.28
868,28.933333,2387,2,helmet,0.742181,204.62,40.26,221.76,57.44
868,28.933333,2388,0,person,0.726657,195.06,39.61,232.57,135.88
868,28.933333,2417,0,person,0.638549,390.37,77.93,426.43,197.47
868,28.933333,2518,0,person,0.553650,278.49,0.07,305.37,32.21
868,28.933333,2546,0,person,0.692126,274.03,89.55,349.10,203.89
868,28.933333,2480,0,person,0.423388,345.22,99.96,388.53,209.82
868,28.933333,2539,76,gloves,0.329927,223.78,91.59,233.13,104.93
868,28.933333,2594,46,box,0.415805,116.36,232.25,217.09,333.93
868,28.933333,2598,76,gloves,0.310393,274.09,96.42,283.04,111.69
869,28.966667,2387,2,helmet,0.761361,204.63,40.18,221.98,57.55
869,28.966667,2388,0,person,0.727362,195.23,39.50,232.88,136.09
869,28.966667,2417,0,person,0.637520,390.56,77.91,426.60,197.43
869,28.966667,2518,0,person,0.550703,278.82,0.03,305.61,32.12
869,28.966667,2546,0,person,0.704075,274.45,89.49,349.59,203.97
869,28.966667,2480,0,person,0.421370,345.88,100.65,388.95,209.82
869,28.966667,2539,76,gloves,0.397565,223.91,91.74,233.29,105.10
869,28.966667,2594,46,box,0.377913,116.59,232.22,217.14,333.93
869,28.966667,2598,76,gloves,0.357099,274.59,97.27,282.88,111.39
869,28.966667,2580,0,person,0.288345,315.31,61.65,354.01,173.19
870,29.000000,2387,2,helmet,0.738941,204.52,40.19,221.84,57.45
870,29.000000,2388,0,person,0.724310,195.06,39.51,232.82,136.23
870,29.000000,2417,0,person,0.616317,390.63,77.88,426.66,197.45
870,29.000000,2518,0,person,0.538811,279.45,0.01,305.93,31.90
870,29.000000,2546,0,person,0.680209,274.58,89.39,349.78,203.90
870,29.000000,2480,0,person,0.411103,346.25,100.42,389.42,209.80
870,29.000000,2539,76,gloves,0.364614,223.96,91.79,233.37,105.16
870,29.000000,2594,46,box,0.398099,116.59,232.27,216.96,333.92
870,29.000000,2598,76,gloves,0.385503,274.53,97.18,282.72,111.11
870,29.000000,2602,0,person,0.380158,514.04,293.47,545.66,352.00
870,29.000000,2580,0,person,0.277022,315.50,61.63,353.72,172.89
870,29.000000,2457,2,helmet,0.302115,319.05,62.04,338.97,76.55
871,29.033333,2387,2,helmet,0.735623,204.11,40.01,221.61,57.42
871,29.033333,2388,0,person,0.714124,194.87,39.41,232.70,136.26
871,29.033333,2417,0,person,0.603466,390.50,77.87,426.52,197.42
871,29.033333,2518,0,person,0.508717,280.00,0.00,306.37,32.04
871,29.033333,2546,0,person,0.661568,274.46,89.33,349.89,203.91
871,29.033333,2480,0,person,0.448336,346.72,100.54,389.92,209.82
871,29.033333,2539,76,gloves,0.304611,223.84,91.80,233.15,104.97
871,29.033333,2594,46,box,0.416769,116.87,232.30,217.02,333.91
871,29.033333,2598,76,gloves,0.363667,274.02,96.31,283.00,111.61
871,29.033333,2580,0,person,0.273919,315.74,61.36,353.73,172.86
872,29.066667,2387,2,helmet,0.730966,203.94,39.95,221.55,57.42
872,29.066667,2388,0,person,0.710436,194.88,39.38,232.74,136.39
872,29.066667,2417,0,person,0.611817,390.45,77.87,426.46,197.41
872,29.066667,2518,0,person,0.486790,280.25,0.00,306.56,32.22
872,29.066667,2546,0,person,0.665773,274.37,89.31,349.97,203.90
872,29.066667,2480,0,person,0.457743,346.87,100.58,390.12,209.84
872,29.066667,2539,76,gloves,0.300620,223.82,91.68,233.15,104.84
872,29.066667,2594,46,box,0.391088,116.90,232.30,216.91,333.92
872,29.066667,2598,76,gloves,0.364211,273.82,95.98,283.10,111.80
872,29.066667,2580,0,person,0.275988,315.89,61.27,353.67,172.85
873,29.100000,2387,2,helmet,0.745187,203.71,39.67,221.41,57.20
873,29.100000,2388,0,person,0.704272,194.75,39.17,232.64,136.33
873,29.100000,2417,0,person,0.569037,390.38,77.66,426.43,197.34
873,29.100000,2518,0,person,0.422845,281.78,0.08,308.01,32.26
873,29.100000,2546,0,person,0.659983,273.85,89.35,349.58,203.90
873,29.100000,2480,0,person,0.414878,346.69,99.83,390.17,209.37
873,29.100000,2539,76,gloves,0.268233,223.42,91.57,232.84,104.80
873,29.100000,2594,46,box,0.358391,115.35,232.08,215.59,333.71
873,29.100000,2598,76,gloves,0.369044,272.89,95.56,282.92,112.51
874,29.133333,2387,2,helmet,0.703055,203.71,39.43,221.27,56.76
874,29.133333,2388,0,person,0.709639,194.60,38.94,232.48,136.23
874,29.133333,2417,0,person,0.566448,390.39,77.60,426.43,197.29
874,29.133333,2546,0,person,0.659725,273.39,89.01,349.46,203.90
874,29.133333,2480,0,person,0.406555,346.55,99.57,390.23,209.23
874,29.133333,2594,46,box,0.358598,114.88,232.00,215.29,333.64
875,29.166667,2387,2,helmet,0.712092,203.56,39.35,221.07,56.55
875,29.166667,2388,0,person,0.708494,194.46,38.87,232.32,136.18
875,29.166667,2417,0,person,0.568541,390.39,77.59,426.43,197.27
875,29.166667,2546,0,person,0.680451,273.39,88.90,349.61,203.75
875,29.166667,2480,0,person,0.419169,346.47,99.43,390.31,209.19
875,29.166667,2594,46,box,0.367180,114.28,231.96,214.92,333.59
875,29.166667,2518,0,person,0.518321,280.29,0.22,319.10,48.99
876,29.200000,2387,2,helmet,0.715761,203.47,39.34,221.01,56.50
876,29.200000,2388,0,person,0.699757,194.45,38.85,232.32,136.15
876,29.200000,2417,0,person,0.536398,390.34,77.59,426.35,197.27
876,29.200000,2546,0,person,0.630798,273.05,88.57,349.72,203.64
876,29.200000,2480,0,person,0.401901,346.69,99.13,390.79,209.12
876,29.200000,2594,46,box,0.392273,114.83,231.95,215.50,333.60
876,29.200000,2518,0,person,0.601189,282.16,0.27,322.83,52.66
877,29.233333,2387,2,helmet,0.717938,203.57,39.34,221.18,56.53
877,29.233333,2388,0,person,0.710332,194.50,38.83,232.27,135.98
877,29.233333,2417,0,person,0.572785,390.55,77.50,426.58,197.37
877,29.233333,2546,0,person,0.626989,273.19,88.44,350.43,203.69
877,29.233333,2480,0,person,0.386284,347.21,98.75,391.60,209.21
877,29.233333,2594,46,box,0.361960,114.72,231.98,215.61,333.67
877,29.233333,2518,0,person,0.586819,283.30,0.30,324.25,54.33
877,29.233333,2609,2,helmet,0.334366,318.44,58.89,336.85,74.82
877,29.233333,2580,0,person,0.251349,314.57,58.77,352.50,172.08
878,29.266667,2387,2,helmet,0.707880,203.76,39.55,221.43,56.76
878,29.266667,2388,0,person,0.699410,194.60,38.99,232.26,136.01
878,29.266667,2417,0,person,0.549598,390.82,77.65,426.77,197.42
878,29.266667,2546,0,person,0.591458,273.32,88.60,350.94,203.77
878,29.266667,2480,0,person,0.376302,347.48,98.47,392.02,209.15
878,29.266667,2594,46,box,0.349067,114.58,231.96,215.74,333.72
878,29.266667,2518,0,person,0.597444,284.17,0.31,324.83,55.17
878,29.266667,2609,2,helmet,0.375145,318.41,58.99,337.02,75.10
879,29.300000,2387,2,helmet,0.734346,204.01,39.39,221.71,56.60
879,29.300000,2388,0,person,0.719127,194.92,38.91,232.55,135.91
879,29.300000,2417,0,person,0.647968,391.00,77.50,426.89,197.31
879,29.300000,2546,0,person,0.681888,273.79,88.18,352.21,203.84
879,29.300000,2480,0,person,0.469600,347.71,98.34,392.42,209.15
879,29.300000,2594,46,box,0.360593,114.81,231.95,215.92,333.50
879,29.300000,2518,0,person,0.561468,285.52,0.31,325.53,55.24
879,29.300000,2539,76,gloves,0.293819,223.79,91.42,233.03,104.40
880,29.333333,2387,2,helmet,0.732306,203.88,39.00,221.69,56.30
880,29.333333,2388,0,person,0.717320,194.81,38.54,232.55,135.73
880,29.333333,2417,0,person,0.451638,390.93,77.47,426.66,197.01
880,29.333333,2546,0,person,0.519303,273.20,88.04,351.76,203.43
880,29.333333,2480,0,person,0.333105,347.87,98.15,392.71,208.94
880,29.333333,2594,46,box,0.326758,113.97,231.76,215.56,333.49
880,29.333333,2518,0,person,0.604877,287.44,0.29,327.08,55.12
880,29.333333,2539,76,gloves,0.343065,223.32,91.27,232.89,104.61
881,29.366667,2387,2,helmet,0.736355,203.80,38.70,221.70,56.07
881,29.366667,2388,0,person,0.698839,194.60,38.26,232.38,135.55
881,29.366667,2417,0,person,0.432428,391.01,77.27,426.67,196.72
881,29.366667,2546,0,person,0.518823,273.27,87.84,352.12,203.01
881,29.366667,2480,0,person,0.316229,347.88,97.99,392.83,208.70
881,29.366667,2594,46,box,0.357588,114.17,231.50,215.78,333.09
881,29.366667,2518,0,person,0.579134,288.24,0.27,327.33,54.83
881,29.366667,2539,76,gloves,0.324776,223.14,90.79,233.06,104.60
882,29.400000,2387,2,helmet,0.738045,203.49,38.36,221.21,55.52
882,29.400000,2388,0,person,0.729514,194.27,37.94,232.14,135.37
882,29.400000,2417,0,person,0.485654,390.93,77.09,426.59,196.60
882,29.400000,2546,0,person,0.566876,272.98,87.73,352.05,202.63
882,29.400000,2480,0,person,0.341192,347.89,97.69,392.96,208.33
882,29.400000,2594,46,box,0.378823,115.11,231.42,216.53,332.96
882,29.400000,2518,0,person,0.552224,288.68,0.23,327.13,54.53
882,29.400000,2539,76,gloves,0.365184,222.75,90.56,232.53,104.08
883,29.433333,2387,2,helmet,0.735504,203.44,38.41,221.07,55.43
883,29.433333,2388,0,person,0.725981,194.13,37.96,232.10,135.44
883,29.433333,2417,0,person,0.490596,390.82,77.01,426.45,196.55
883,29.433333,2546,0,person,0.556001,272.80,87.82,352.19,202.48
883,29.433333,2480,0,person,0.338623,347.87,97.73,393.12,208.48
883,29.433333,2594,46,box,0.382819,115.36,231.39,216.65,332.88
883,29.433333,2518,0,person,0.633923,288.34,0.23,326.05,54.46
883,29.433333,2539,76,gloves,0.367083,222.59,90.56,232.49,104.15
884,29.466667,2387,2,helmet,0.734599,203.41,38.44,221.03,55.40
884,29.466667,2388,0,person,0.725115,194.06,37.97,232.10,135.46
884,29.466667,2417,0,person,0.479773,390.79,76.98,426.39,196.54
884,29.466667,2546,0,person,0.549661,272.60,87.85,352.37,202.43
884,29.466667,2480,0,person,0.331807,347.81,97.75,393.20,208.54
884,29.466667,2594,46,box,0.383081,115.47,231.38,216.68,332.85
884,29.466667,2518,0,person,0.633931,288.48,0.25,325.49,54.37
884,29.466667,2539,76,gloves,0.364532,222.52,90.57,232.50,104.17
885,29.500000,2387,2,helmet,0.731758,203.38,38.46,221.03,55.41
885,29.500000,2388,0,person,0.701481,194.02,37.97,232.15,135.61
885,29.500000,2417,0,person,0.446896,390.79,77.00,426.35,196.52
885,29.500000,2546,0,person,0.548689,271.47,88.16,351.43,202.42
885,29.500000,2480,0,person,0.310620,347.79,97.87,393.28,208.63
885,29.500000,2594,46,box,0.375808,115.77,231.39,216.76,332.80
885,29.500000,2518,0,person,0.522729,289.41,0.23,325.96,54.17
885,29.500000,2539,76,gloves,0.351980,222.23,90.62,232.34,104.30
886,29.533333,2387,2,helmet,0.753405,202.92,38.31,220.54,55.16
886,29.533333,2388,0,person,0.707617,193.89,37.82,231.96,135.34
886,29.533333,2417,0,person,0.415723,390.73,76.81,426.31,196.28
886,29.533333,2546,0,person,0.597253,270.40,87.86,350.83,202.24
886,29.533333,2480,0,person,0.331985,348.87,97.80,394.38,208.86
886,29.533333,2594,46,box,0.357526,114.57,231.09,215.79,332.61
886,29.533333,2518,0,person,0.528514,289.50,0.16,326.15,55.02
886,29.533333,2539,76,gloves,0.401986,221.88,90.53,231.80,103.89
887,29.566667,2387,2,helmet,0.745376,202.65,37.72,220.20,54.48
887,29.566667,2388,0,person,0.717792,193.73,37.27,231.88,135.17
887,29.566667,2417,0,person,0.400509,390.70,76.56,426.33,196.01
887,29.566667,2546,0,person,0.565061,269.93,87.52,350.74,201.98
887,29.566667,2480,0,person,0.307904,349.29,97.47,394.86,208.92
887,29.566667,2594,46,box,0.384733,115.03,230.79,216.06,332.25
887,29.566667,2518,0,person,0.541570,289.98,0.21,326.22,54.85
887,29.566667,2539,76,gloves,0.413075,221.61,90.27,231.42,103.47
887,29.566667,2580,0,person,0.260559,312.75,57.25,350.39,169.27
887,29.566667,2609,2,helmet,0.424435,316.07,56.98,334.09,72.44
888,29.600000,2387,2,helmet,0.746090,202.53,37.50,220.10,54.23
888,29.600000,2388,0,person,0.727581,193.81,37.05,231.92,134.89
888,29.600000,2417,0,person,0.406050,390.80,76.46,426.45,195.92
888,29.600000,2546,0,person,0.568533,269.67,87.30,350.78,202.09
888,29.600000,2480,0,person,0.322139,349.89,97.25,395.49,209.29
888,29.600000,2594,46,box,0.378411,115.12,230.70,216.09,332.18
888,29.600000,2518,0,person,0.483444,291.13,0.27,326.48,53.95
888,29.600000,2539,76,gloves,0.440628,221.63,90.22,231.41,103.33
888,29.600000,2614,0,person,0.422908,428.84,285.80,464.28,352.00
888,29.600000,2615,7,ladder,0.385960,163.57,44.96,188.86,134.62
888,29.600000,2580,0,person,0.258014,313.15,56.99,350.57,168.77
888,29.600000,2609,2,helmet,0.279332,316.17,56.64,334.47,72.26
889,29.633333,2387,2,helmet,0.745472,202.48,37.43,220.08,54.15
889,29.633333,2388,0,person,0.729452,193.84,36.97,231.93,134.81
889,29.633333,2417,0,person,0.430984,390.71,76.20,426.45,195.87
889,29.633333,2546,0,person,0.595739,269.78,87.24,350.85,201.91
889,29.633333,2480,0,person,0.350061,350.32,97.35,395.70,209.42
889,29.633333,2594,46,box,0.384624,115.05,230.66,216.00,332.22
889,29.633333,2518,0,person,0.459966,292.13,0.21,327.55,54.06
889,29.633333,2539,76,gloves,0.446269,221.64,90.21,231.42,103.26
889,29.633333,2615,7,ladder,0.361857,163.65,44.70,189.00,134.54
890,29.666667,2387,2,helmet,0.753619,202.23,37.40,219.91,54.16
890,29.666667,2388,0,person,0.716535,193.71,36.94,231.69,134.62
890,29.666667,2417,0,person,0.414218,390.42,76.05,426.22,195.84
890,29.666667,2546,0,person,0.564169,269.65,87.23,350.65,201.68
890,29.666667,2480,0,person,0.340463,350.30,97.36,395.49,209.46
890,29.666667,2594,46,box,0.344119,113.61,230.66,214.72,332.24
890,29.666667,2518,0,person,0.474114,292.20,0.28,327.52,54.06
890,29.666667,2539,76,gloves,0.452449,221.38,89.98,231.28,103.22
891,29.700000,2387,2,helmet,0.770861,201.65,37.21,219.44,54.04
891,29.700000,2388,0,person,0.693908,193.14,36.66,231.18,134.61
891,29.700000,2417,0,person,0.493289,390.09,75.86,426.00,195.87
891,29.700000,2546,0,person,0.622522,268.84,87.21,349.99,201.50
891,29.700000,2480,0,person,0.398631,350.11,97.24,395.19,209.49
891,29.700000,2594,46,box,0.372322,114.31,230.55,215.17,332.16
891,29.700000,2518,0,person,0.471158,293.27,0.30,328.44,54.30
891,29.700000,2539,76,gloves,0.429444,220.83,89.93,230.82,103.26
891,29.700000,2620,0,person,0.332437,331.54,66.29,381.31,188.11
891,29.700000,2580,0,person,0.289686,313.53,57.33,350.37,167.51
891,29.700000,2609,2,helmet,0.389834,316.62,56.88,334.57,71.94
892,29.733333,2387,2,helmet,0.768580,201.36,37.15,219.11,53.89
892,29.733333,2388,0,person,0.649277,192.45,36.65,230.42,134.37
892,29.733333,2417,0,person,0.476064,389.79,75.76,425.83,195.88
892,29.733333,2546,0,person,0.646907,268.31,86.93,350.17,201.54
892,29.733333,2480,0,person,0.416177,349.79,97.45,394.71,209.62
892,29.733333,2594,46,box,0.362294,113.83,230.50,214.46,331.94
892,29.733333,2518,0,person,0.475729,293.54,0.32,327.63,53.17
892,29.733333,2539,76,gloves,0.437188,220.18,89.84,230.31,103.31
892,29.733333,2620,0,person,0.366447,331.73,66.33,381.46,188.14
892,29.733333,2609,2,helmet,0.324981,317.07,57.19,334.81,71.88
892,29.733333,2615,7,ladder,0.391494,161.83,42.04,187.87,134.25
893,29.766667,2387,2,helmet,0.765895,201.07,36.82,218.91,53.62
893,29.766667,2388,0,person,0.660396,192.14,36.37,229.91,133.39
893,29.766667,2417,0,person,0.484662,389.64,75.59,425.77,195.72
893,29.766667,2546,0,person,0.675045,265.92,86.98,348.51,201.29
893,29.766667,2480,0,person,0.415494,349.81,97.38,394.54,209.37
893,29.766667,2594,46,box,0.387923,113.90,230.38,214.28,331.65
893,29.766667,2518,0,person,0.501420,293.84,0.33,327.35,52.74
893,29.766667,2539,76,gloves,0.508844,219.88,89.67,230.04,103.14
893,29.766667,2620,0,person,0.389313,331.68,66.00,381.48,188.12
893,29.766667,2609,2,helmet,0.255933,317.11,56.92,335.25,71.76
893,29.766667,2615,7,ladder,0.379305,161.54,41.73,187.63,133.95
894,29.800000,2387,2,helmet,0.773153,200.95,36.52,218.87,53.37
894,29.800000,2388,0,person,0.678169,192.06,36.11,229.75,132.79
894,29.800000,2417,0,person,0.586967,389.69,75.39,425.91,195.55
894,29.800000,2546,0,person,0.738049,265.08,86.68,348.70,201.34
894,29.800000,2480,0,person,0.495036,349.74,97.28,394.34,209.15
894,29.800000,2594,46,box,0.369385,113.97,230.34,214.05,331.37
894,29.800000,2518,0,person,0.590438,294.33,0.22,327.54,52.57
894,29.800000,2539,76,gloves,0.511683,219.76,89.49,229.97,102.98
894,29.800000,2620,0,person,0.479574,331.56,65.63,381.44,188.14
894,29.800000,2615,7,ladder,0.390812,161.44,41.48,187.58,133.68
895,29.833333,2387,2,helmet,0.772597,200.88,36.27,218.90,53.19
895,29.833333,2388,0,person,0.662839,192.09,35.88,229.80,132.42
895,29.833333,2417,0,person,0.575555,389.69,75.08,426.01,195.31
895,29.833333,2546,0,person,0.767732,264.72,86.77,348.82,201.09
895,29.833333,2480,0,person,0.487659,349.45,96.79,394.10,208.93
895,29.833333,2594,46,box,0.370104,113.87,230.22,213.86,331.18
895,29.833333,2518,0,person,0.575758,294.56,0.14,327.40,52.28
895,29.833333,2539,76,gloves,0.538778,219.71,89.25,229.96,102.78
895,29.833333,2620,0,person,0.479327,331.53,65.16,381.52,188.15
895,29.833333,2615,7,ladder,0.450657,161.43,41.24,187.62,133.42
896,29.866667,2387,2,helmet,0.775031,200.59,36.03,218.53,52.84
896,29.866667,2388,0,person,0.636660,191.87,35.67,229.55,132.01
896,29.866667,2417,0,person,0.515052,389.47,74.78,425.97,195.26
896,29.866667,2546,0,person,0.717053,263.92,86.70,348.79,201.08
896,29.866667,2480,0,person,0.451925,349.12,96.59,393.73,208.75
896,29.866667,2594,46,box,0.323999,113.27,230.16,213.31,330.99
896,29.866667,2518,0,person,0.540850,294.44,0.15,327.07,52.42
896,29.866667,2539,76,gloves,0.513291,219.43,88.96,229.70,102.49
896,29.866667,2620,0,person,0.430991,331.35,64.96,381.20,187.86
896,29.866667,2615,7,ladder,0.387595,161.45,41.20,187.66,133.16
896,29.866667,2609,2,helmet,0.336511,318.10,56.16,336.70,71.05
897,29.900000,2387,2,helmet,0.774047,200.29,35.86,218.17,52.59
897,29.900000,2388,0,person,0.630876,191.57,35.55,229.36,132.12
897,29.900000,2417,0,person,0.536564,389.06,74.96,425.62,195.35
897,29.900000,2546,0,person,0.678670,263.73,86.80,349.07,201.08
897,29.900000,2480,0,person,0.427879,348.59,96.52,393.23,209.07
897,29.900000,2594,46,box,0.345119,114.10,230.24,213.77,330.75
897,29.900000,2518,0,person,0.494159,294.50,0.11,326.53,51.86
897,29.900000,2539,76,gloves,0.420175,219.16,88.97,229.52,102.61
897,29.900000,2620,0,person,0.410707,330.96,64.79,380.80,187.83
897,29.900000,2615,7,ladder,0.407613,161.31,40.85,187.64,132.93
897,29.900000,2609,2,helmet,0.368077,318.86,56.30,338.25,71.78
898,29.933333,2387,2,helmet,0.789422,199.89,36.00,217.76,52.66
898,29.933333,2388,0,person,0.631887,191.27,35.68,229.15,132.52
898,29.933333,2417,0,person,0.490047,388.86,75.00,425.51,195.44
898,29.933333,2546,0,person,0.647058,263.67,87.05,349.37,201.26
898,29.933333,2480,0,person,0.382669,348.58,97.04,392.88,209.36
898,29.933333,2594,46,box,0.402300,114.25,230.28,213.83,330.84
898,29.933333,2518,0,person,0.481543,294.68,0.21,327.58,53.71
898,29.933333,2539,76,gloves,0.419690,218.94,89.01,229.21,102.56
898,29.933333,2620,0,person,0.389876,330.79,64.93,380.43,187.61
898,29.933333,2615,7,ladder,0.341700,160.91,41.39,187.35,133.49
898,29.933333,2609,2,helmet,0.407784,319.68,56.54,339.02,72.03
898,29.933333,2580,0,person,0.285836,315.96,56.74,351.70,165.32
899,29.966667,2387,2,helmet,0.779157,199.42,35.99,217.38,52.70
899,29.966667,2388,0,person,0.666042,190.66,35.69,228.73,132.94
899,29.966667,2417,0,person,0.492491,388.63,75.04,425.34,195.49
899,29.966667,2546,0,person,0.629283,264.63,87.06,350.60,201.37
899,29.966667,2480,0,person,0.379841,348.59,97.60,392.53,209.31
899,29.966667,2594,46,box,0.404637,114.29,230.30,213.75,330.89
899,29.966667,2518,0,person,0.526742,294.56,0.21,328.19,55.24
899,29.966667,2539,76,gloves,0.416935,218.66,88.94,229.00,102.58
899,29.966667,2620,0,person,0.390773,331.22,64.92,380.68,187.49
899,29.966667,2615,7,ladder,0.303889,160.59,41.57,187.20,133.87
899,29.966667,2609,2,helmet,0.383135,319.67,56.65,339.78,73.00
899,29.966667,2580,0,person,0.269682,316.26,56.62,351.85,165.42
900,30.000000,2387,2,helmet,0.780124,199.21,35.78,217.30,52.59
900,30.000000,2388,0,person,0.669759,190.39,35.54,228.64,133.20
900,30.000000,2417,0,person,0.580866,388.66,75.09,425.44,195.46
900,30.000000,2546,0,person,0.671339,264.67,86.76,351.01,201.48
900,30.000000,2480,0,person,0.424978,348.53,97.54,392.22,209.24
900,30.000000,2594,46,box,0.407840,114.30,230.30,213.65,330.91
900,30.000000,2518,0,person,0.544110,294.33,0.27,329.02,57.28
900,30.000000,2539,76,gloves,0.417002,218.58,88.93,228.93,102.60
900,30.000000,2620,0,person,0.434571,330.88,65.18,380.03,186.93
900,30.000000,2615,7,ladder,0.310089,160.47,41.67,187.21,133.99
901,30.033333,2387,2,helmet,0.791397,199.15,35.69,217.28,52.52
901,30.033333,2388,0,person,0.676504,190.36,35.48,228.61,133.12
901,30.033333,2417,0,person,0.599143,388.65,75.11,425.50,195.45
901,30.033333,2546,0,person,0.702505,264.62,86.66,351.01,201.35
901,30.033333,2480,0,person,0.423972,348.59,97.37,392.09,209.19
901,30.033333,2594,46,box,0.400256,114.37,230.31,213.60,330.91
901,30.033333,2518,0,person,0.395030,294.10,0.34,329.47,58.85
901,30.033333,2539,76,gloves,0.445576,218.56,88.93,228.90,102.59
901,30.033333,2620,0,person,0.400138,330.63,64.80,379.92,186.98
901,30.033333,2615,7,ladder,0.324462,160.41,41.73,187.25,134.01
902,30.066667,2387,2,helmet,0.790496,199.12,35.85,217.30,52.72
902,30.066667,2388,0,person,0.648598,190.56,35.61,228.78,133.04
902,30.066667,2417,0,person,0.565476,388.58,75.23,425.48,195.53
902,30.066667,2546,0,person,0.667496,264.25,86.83,350.85,201.57
902,30.066667,2480,0,person,0.400495,348.74,97.74,391.99,209.40
902,30.066667,2518,0,person,0.434923,294.22,0.21,329.90,59.51
902,30.066667,2539,76,gloves,0.587039,218.63,89.13,228.96,102.74
902,30.066667,2620,0,person,0.403051,330.71,65.17,379.79,186.84
902,30.066667,2615,7,ladder,0.317720,160.24,41.49,187.28,134.12
903,30.100000,2387,2,helmet,0.762584,198.97,36.09,217.20,53.00
903,30.100000,2388,0,person,0.602217,190.78,35.80,228.87,132.99
903,30.100000,2417,0,person,0.545373,388.29,75.58,425.33,195.93
903,30.100000,2546,0,person,0.584459,264.88,87.20,351.69,202.11
903,30.100000,2480,0,person,0.380106,348.53,99.89,390.93,209.90
903,30.100000,2518,0,person,0.637796,294.13,0.22,329.54,59.43
903,30.100000,2539,76,gloves,0.549539,218.48,89.27,228.85,102.93
903,30.100000,2620,0,person,0.400105,330.32,65.44,379.44,186.98
903,30.100000,2615,7,ladder,0.305374,160.23,41.90,187.32,134.29
903,30.100000,2626,0,person,0.447064,345.35,255.45,412.83,352.00
903,30.100000,2580,0,person,0.320712,317.64,57.77,352.19,163.73
904,30.133333,2387,2,helmet,0.775136,198.90,36.48,217.16,53.41
904,30.133333,2388,0,person,0.642854,190.97,36.17,228.91,133.15
904,30.133333,2417,0,person,0.526653,388.19,75.90,425.31,196.20
904,30.133333,2546,0,person,0.558174,265.73,87.66,352.55,202.55
904,30.133333,2480,0,person,0.350207,348.51,100.95,390.45,210.26
904,30.133333,2518,0,person,0.625358,294.05,0.24,329.48,59.87
904,30.133333,2539,76,gloves,0.543795,218.45,89.43,228.87,103.16
904,30.133333,2620,0,person,0.383816,330.06,65.86,379.35,187.52
904,30.133333,2615,7,ladder,0.254740,159.78,41.86,187.03,134.63
904,30.133333,2626,0,person,0.655479,340.18,251.74,409.92,352.00
904,30.133333,2580,0,person,0.342324,318.09,58.14,352.81,165.28
905,30.166667,2387,2,helmet,0.779302,199.03,36.90,217.43,54.00
905,30.166667,2388,0,person,0.662814,191.39,36.61,229.16,133.29
905,30.166667,2417,0,person,0.588933,388.24,76.34,425.42,196.62
905,30.166667,2546,0,person,0.611314,266.48,88.18,353.06,202.86
905,30.166667,2480,0,person,0.388198,348.60,101.44,390.31,210.72
905,30.166667,2518,0,person,0.578105,294.10,0.24,329.38,59.97
905,30.166667,2539,76,gloves,0.566634,218.52,89.89,228.98,103.66
905,30.166667,2620,0,person,0.409353,330.22,66.29,379.62,188.03
905,30.166667,2626,0,person,0.603074,337.56,249.58,408.39,352.00
905,30.166667,2580,0,person,0.322273,318.04,58.28,352.92,166.20
906,30.200000,2387,2,helmet,0.776880,199.03,37.54,217.65,54.91
906,30.200000,2388,0,person,0.663561,191.56,37.25,229.37,134.06
906,30.200000,2417,0,person,0.537901,388.38,76.93,425.60,197.14
906,30.200000,2546,0,person,0.651425,267.08,88.92,353.29,203.49
906,30.200000,2480,0,person,0.430611,348.68,102.52,389.93,211.12
906,30.200000,2518,0,person,0.666885,294.64,0.26,330.46,61.17
906,30.200000,2539,76,gloves,0.469408,218.64,90.30,229.35,104.44
906,30.200000,2620,0,person,0.428634,330.17,66.84,379.76,188.70
906,30.200000,2626,0,person,0.601485,333.47,247.46,405.28,352.00
906,30.200000,2580,0,person,0.333480,319.94,59.22,354.30,166.85
906,30.200000,2609,2,helmet,0.521906,327.07,59.66,345.15,73.90
907,30.233333,2387,2,helmet,0.776322,199.01,38.08,217.68,55.53
907,30.233333,2388,0,person,0.675303,191.50,37.77,229.38,134.84
907,30.233333,2417,0,person,0.494331,388.06,77.39,425.42,197.42
907,30.233333,2546,0,person,0.568073,267.64,89.27,353.63,203.65
907,30.233333,2480,0,person,0.368155,348.32,103.24,389.25,211.54
907,30.233333,2518,0,person,0.632850,294.85,0.21,330.97,61.81
907,30.233333,2539,76,gloves,0.490100,218.48,90.49,229.38,104.92
907,30.233333,2620,0,person,0.391342,330.03,67.33,379.86,189.53
907,30.233333,2626,0,person,0.668773,327.83,243.04,402.52,352.00
907,30.233333,2580,0,person,0.329754,319.78,59.75,354.09,167.54
907,30.233333,2609,2,helmet,0.611386,327.78,60.02,346.33,74.15
908,30.266667,2387,2,helmet,0.770370,198.57,38.27,217.46,55.98
908,30.266667,2388,0,person,0.635381,191.20,37.99,229.06,135.19
908,30.266667,2417,0,person,0.477118,387.70,77.78,425.19,197.63
908,30.266667,2546,0,person,0.516133,266.49,89.77,352.25,204.15
908,30.266667,2480,0,person,0.347299,348.02,103.50,388.75,211.62
908,30.266667,2518,0,person,0.659027,294.83,0.20,330.95,62.02
908,30.266667,2539,76,gloves,0.375939,218.13,90.72,229.13,105.25
908,30.266667,2620,0,person,0.411181,329.58,67.30,379.67,189.78
908,30.266667,2626,0,person,0.650518,320.90,240.29,397.51,352.00
908,30.266667,2580,0,person,0.357651,320.58,60.05,354.60,168.03
908,30.266667,2609,2,helmet,0.582465,327.82,60.28,346.83,74.44
909,30.300000,2387,2,helmet,0.754700,198.14,38.55,216.90,56.18
909,30.300000,2388,0,person,0.662831,190.63,38.25,228.42,135.23
909,30.300000,2417,0,person,0.536151,387.22,78.01,424.79,197.70
909,30.300000,2546,0,person,0.551900,266.09,89.95,351.59,204.30
909,30.300000,2480,0,person,0.375604,347.70,103.52,388.31,211.85
909,30.300000,2518,0,person,0.632248,294.44,0.18,330.55,62.18
909,30.300000,2539,76,gloves,0.373139,217.74,91.02,228.66,105.41
909,30.300000,2620,0,person,0.402629,329.24,67.64,379.47,190.20
909,30.300000,2626,0,person,0.661068,319.24,239.05,396.87,352.00
909,30.300000,2580,0,person,0.353722,320.29,60.39,354.02,168.47
909,30.300000,2609,2,helmet,0.546538,327.24,60.45,346.72,74.71
910,30.333333,2387,2,helmet,0.754779,197.88,38.71,216.39,56.11
910,30.333333,2388,0,person,0.646987,190.33,38.34,228.04,135.07
910,30.333333,2417,0,person,0.561220,386.82,78.11,424.49,197.73
910,30.333333,2546,0,person,0.559024,266.20,89.99,351.38,204.37
910,30.333333,2480,0,person,0.364851,347.44,103.57,387.84,211.61
910,30.333333,2518,0,person,0.510345,294.31,0.16,330.33,62.24
910,30.333333,2539,76,gloves,0.372259,217.57,91.09,228.46,105.44
910,30.333333,2620,0,person,0.408429,328.89,67.93,379.17,190.35
910,30.333333,2626,0,person,0.645480,316.01,236.20,395.79,352.00
910,30.333333,2580,0,person,0.351241,320.48,60.40,353.82,168.37
910,30.333333,2609,2,helmet,0.506482,326.88,60.51,346.67,74.79
911,30.366667,2387,2,helmet,0.757825,197.82,38.60,216.21,55.90
911,30.366667,2388,0,person,0.666929,190.06,38.24,227.87,135.17
911,30.366667,2417,0,person,0.562510,386.70,78.15,424.49,197.72
911,30.366667,2546,0,person,0.574487,266.25,89.93,351.17,204.35
911,30.366667,2480,0,person,0.402674,347.62,103.59,387.91,211.77
911,30.366667,2518,0,person,0.469470,294.33,0.17,330.29,62.32
911,30.366667,2539,76,gloves,0.380388,217.46,90.92,228.45,105.41
911,30.366667,2620,0,person,0.419837,328.94,67.96,379.31,190.38
911,30.366667,2626,0,person,0.642029,314.04,233.99,395.57,352.00
911,30.366667,2580,0,person,0.367027,320.96,60.50,354.04,168.82
911,30.366667,2609,2,helmet,0.450996,326.95,60.53,347.00,74.83
912,30.400000,2387,2,helmet,0.751378,198.12,38.60,216.62,56.02
912,30.400000,2388,0,person,0.640658,190.48,38.28,228.20,135.07
912,30.400000,2417,0,person,0.455158,386.92,78.30,424.82,197.72
912,30.400000,2546,0,person,0.505565,266.64,90.24,351.13,204.32
912,30.400000,2480,0,person,0.316624,347.90,103.52,388.01,211.56
912,30.400000,2518,0,person,0.595851,294.83,0.17,331.01,62.72
912,30.400000,2539,76,gloves,0.364043,217.74,90.88,228.72,105.37
912,30.400000,2620,0,person,0.367462,328.82,67.77,379.45,190.31
912,30.400000,2626,0,person,0.626207,312.86,231.55,396.23,352.00
912,30.400000,2580,0,person,0.317905,321.00,60.53,354.29,170.24
912,30.400000,2609,2,helmet,0.437332,326.79,60.70,347.19,75.14
913,30.433333,2387,2,helmet,0.762573,198.32,38.57,217.03,56.24
913,30.433333,2388,0,person,0.642285,190.76,38.28,228.57,135.30
913,30.433333,2417,0,person,0.437641,387.01,78.45,425.00,197.68
913,30.433333,2546,0,person,0.482211,266.54,90.00,350.93,204.14
913,30.433333,2480,0,person,0.309447,348.05,102.59,388.37,211.47
913,30.433333,2518,0,person,0.648916,295.27,0.17,331.80,63.39
913,30.433333,2539,76,gloves,0.383900,218.07,90.85,229.00,105.31
913,30.433333,2620,0,person,0.349121,329.05,67.82,379.67,189.80
913,30.433333,2626,0,person,0.612057,309.84,227.69,395.63,352.00
913,30.433333,2580,0,person,0.309989,321.21,60.54,354.51,170.88
913,30.433333,2609,2,helmet,0.395797,326.69,60.78,347.43,75.39
914,30.466667,2387,2,helmet,0.782432,198.62,38.43,217.30,56.09
914,30.466667,2388,0,person,0.666326,191.11,38.15,228.82,135.04
914,30.466667,2417,0,person,0.468285,387.04,78.16,425.22,197.66
914,30.466667,2546,0,person,0.482342,267.21,90.09,351.10,203.91
914,30.466667,2480,0,person,0.307356,347.93,101.97,388.26,211.46
914,30.466667,2518,0,person,0.613059,295.64,0.27,332.33,63.81
914,30.466667,2539,76,gloves,0.412835,218.24,90.68,229.13,105.11
914,30.466667,2620,0,person,0.353500,329.46,67.60,380.08,189.09
914,30.466667,2626,0,person,0.591285,308.18,224.43,395.58,352.00
914,30.466667,2580,0,person,0.332190,321.32,60.41,354.56,171.53
914,30.466667,2609,2,helmet,0.413500,326.62,60.61,347.43,75.19
915,30.500000,2387,2,helmet,0.774747,198.50,38.35,217.30,56.17
915,30.500000,2388,0,person,0.603623,190.60,38.08,228.17,134.91
915,30.500000,2417,0,person,0.504608,386.98,78.10,425.22,197.58
915,30.500000,2546,0,person,0.520035,266.99,90.00,350.63,203.95
915,30.500000,2480,0,person,0.358332,347.45,101.08,387.96,211.75
915,30.500000,2518,0,person,0.593726,295.76,0.32,332.16,63.25
915,30.500000,2620,0,person,0.395674,329.32,67.57,380.04,188.88
915,30.500000,2626,0,person,0.598156,306.07,222.61,393.41,352.00
915,30.500000,2580,0,person,0.350571,321.25,60.35,354.37,171.78
915,30.500000,2609,2,helmet,0.304698,326.23,60.53,347.02,75.09
916,30.533333,2387,2,helmet,0.789079,198.96,38.77,217.65,56.46
916,30.533333,2388,0,person,0.654694,191.09,38.39,228.62,135.19
916,30.533333,2417,0,person,0.405439,386.82,78.49,425.16,197.84
916,30.533333,2546,0,person,0.481111,268.08,90.20,351.93,204.03
916,30.533333,2480,0,person,0.263214,347.26,99.61,388.18,212.15
916,30.533333,2518,0,person,0.597695,296.18,0.32,333.01,63.46
916,30.533333,2620,0,person,0.322565,329.31,67.99,379.99,188.75
916,30.533333,2626,0,person,0.638342,305.48,219.79,393.18,351.88
916,30.533333,2580,0,person,0.286793,321.40,60.64,354.30,172.10
916,30.533333,2609,2,helmet,0.311187,326.10,60.92,346.87,75.45
916,30.533333,2539,76,gloves,0.256950,218.45,90.82,229.31,105.25
917,30.566667,2387,2,helmet,0.775139,199.88,39.26,218.25,56.62
917,30.566667,2388,0,person,0.661178,191.50,38.76,228.93,135.30
917,30.566667,2417,0,person,0.436260,387.08,78.80,425.43,198.09
917,30.566667,2546,0,person,0.517763,268.91,90.40,352.99,204.24
917,30.566667,2480,0,person,0.267071,347.19,100.32,387.73,212.24
917,30.566667,2518,0,person,0.593186,296.16,0.22,334.01,64.95
917,30.566667,2620,0,person,0.333226,329.23,68.23,380.20,189.22
917,30.566667,2626,0,person,0.548276,307.96,215.30,392.23,344.84
917,30.566667,2580,0,person,0.302784,321.51,60.94,354.16,172.22
917,30.566667,2609,2,helmet,0.273370,325.96,61.32,346.66,75.84
917,30.566667,2539,76,gloves,0.320304,218.64,90.66,229.61,105.35
918,30.600000,2387,2,helmet,0.768736,200.55,39.68,218.83,56.92
918,30.600000,2388,0,person,0.641700,192.24,39.09,229.55,135.36
918,30.600000,2417,0,person,0.450434,387.21,78.96,425.63,198.20
918,30.600000,2546,0,person,0.535234,269.21,90.47,353.47,204.26
918,30.600000,2480,0,person,0.296447,346.90,100.63,387.31,212.22
918,30.600000,2518,0,person,0.571174,296.18,0.19,334.65,65.68
918,30.600000,2620,0,person,0.341148,329.38,68.21,380.31,188.60
918,30.600000,2626,0,person,0.572466,309.64,212.16,391.19,339.95
918,30.600000,2580,0,person,0.308267,321.74,61.03,354.17,172.25
918,30.600000,2609,2,helmet,0.299831,326.07,61.46,346.87,76.06
918,30.600000,2539,76,gloves,0.431285,218.94,90.64,230.00,105.54
919,30.633333,2387,2,helmet,0.744236,201.11,39.79,219.45,57.06
919,30.633333,2388,0,person,0.603940,192.42,39.17,229.67,135.34
919,30.633333,2417,0,person,0.453019,387.19,79.06,425.67,198.17
919,30.633333,2546,0,person,0.494593,269.20,90.59,353.43,204.35
919,30.633333,2480,0,person,0.301532,345.11,101.62,385.61,212.28
919,30.633333,2518,0,person,0.533749,296.43,0.19,334.87,65.26
919,30.633333,2620,0,person,0.264203,329.51,68.30,380.31,187.78
919,30.633333,2626,0,person,0.540220,309.86,209.52,390.39,338.54
919,30.633333,2580,0,person,0.288923,322.01,61.27,354.27,172.24
919,30.633333,2539,76,gloves,0.273371,219.21,90.63,230.17,105.47
920,30.666667,2387,2,helmet,0.625725,201.10,40.17,220.49,58.50
920,30.666667,2388,0,person,0.476135,193.55,39.54,229.91,133.88
920,30.666667,2417,0,person,0.515737,386.26,79.47,424.93,198.18
920,30.666667,2546,0,person,0.514755,268.83,90.57,353.19,204.32
920,30.666667,2480,0,person,0.304470,346.07,102.84,386.22,212.62
920,30.666667,2518,0,person,0.547009,296.44,0.31,335.19,65.69
920,30.666667,2620,0,person,0.307012,328.82,67.97,379.70,186.84
920,30.666667,2626,0,person,0.668581,309.26,206.10,389.28,338.18
920,30.666667,2580,0,person,0.285123,321.69,61.69,353.73,172.64
921,30.700000,2387,2,helmet,0.684983,201.40,40.46,220.85,58.89
921,30.700000,2388,0,person,0.532972,193.91,39.84,230.26,134.52
921,30.700000,2417,0,person,0.491502,386.18,79.90,424.95,198.19
921,30.700000,2546,0,person,0.512630,268.67,90.71,352.92,204.27
921,30.700000,2480,0,person,0.311004,345.21,104.15,385.25,212.53
921,30.700000,2518,0,person,0.586237,296.51,0.34,335.24,65.47
921,30.700000,2620,0,person,0.314623,328.57,67.96,379.59,186.44
921,30.700000,2626,0,person,0.615031,309.50,204.21,388.28,338.12
921,30.700000,2580,0,person,0.291198,321.75,61.94,353.67,172.92
921,30.700000,2609,2,helmet,0.374537,326.16,62.28,347.40,77.21
922,30.733333,2387,2,helmet,0.674991,202.21,41.02,221.50,59.30
922,30.733333,2388,0,person,0.564193,196.18,40.46,230.46,129.65
922,30.733333,2417,0,person,0.508737,386.17,80.20,425.15,198.36
922,30.733333,2546,0,person,0.518142,268.64,90.86,352.50,204.17
922,30.733333,2480,0,person,0.328523,345.60,104.94,385.50,212.44
922,30.733333,2518,0,person,0.573851,296.38,0.31,335.86,66.65
922,30.733333,2626,0,person,0.623734,309.63,201.63,387.49,338.18
922,30.733333,2609,2,helmet,0.256578,326.69,62.51,348.22,77.61
923,30.766667,2387,2,helmet,0.673006,202.62,41.46,222.56,60.46
923,30.766667,2388,0,person,0.542166,197.80,40.98,230.75,126.46
923,30.766667,2417,0,person,0.519321,386.18,80.31,425.44,198.45
923,30.766667,2546,0,person,0.535404,268.85,90.89,352.52,204.43
923,30.766667,2480,0,person,0.303096,346.81,104.73,386.76,212.76
923,30.766667,2518,0,person,0.443908,296.73,0.27,336.55,66.99
923,30.766667,2626,0,person,0.620055,309.49,197.94,387.01,338.30
924,30.800000,2387,2,helmet,0.653859,203.38,41.79,223.31,60.81
924,30.800000,2388,0,person,0.502154,198.91,41.40,231.19,125.36
924,30.800000,2417,0,person,0.482080,386.32,80.56,425.82,198.66
924,30.800000,2546,0,person,0.480157,270.11,91.05,353.63,204.83
924,30.800000,2480,0,person,0.291463,347.34,104.24,387.36,212.75
924,30.800000,2518,0,person,0.337507,296.71,0.19,336.67,67.01
924,30.800000,2626,0,person,0.542631,309.98,196.36,386.47,339.19
924,30.800000,2620,0,person,0.275943,328.24,68.26,379.20,185.45
925,30.833333,2387,2,helmet,0.621923,203.97,42.20,224.10,61.53
925,30.833333,2388,0,person,0.587210,200.33,41.91,232.23,125.08
925,30.833333,2417,0,person,0.466521,386.52,80.50,426.28,199.14
925,30.833333,2546,0,person,0.461404,268.82,91.07,352.61,204.84
925,30.833333,2480,0,person,0.334250,344.97,104.23,385.68,213.05
925,30.833333,2518,0,person,0.345196,296.12,0.19,337.58,69.83
925,30.833333,2626,0,person,0.514698,310.87,195.91,385.27,339.09
925,30.833333,2620,0,person,0.280371,327.91,68.43,379.05,184.88
926,30.866667,2387,2,helmet,0.680174,204.51,42.56,225.04,62.51
926,30.866667,2388,0,person,0.527215,200.39,42.29,231.35,122.98
926,30.866667,2417,0,person,0.548690,386.57,80.58,426.38,199.12
926,30.866667,2546,0,person,0.485737,268.01,91.05,351.89,205.10
926,30.866667,2480,0,person,0.368737,344.10,105.76,384.90,213.37
926,30.866667,2518,0,person,0.325019,296.45,0.27,338.52,71.08
926,30.866667,2626,0,person,0.530255,311.24,195.23,383.34,337.92
926,30.866667,2620,0,person,0.326432,327.36,67.66,379.34,185.09
926,30.866667,2609,2,helmet,0.291135,330.09,63.94,351.46,78.79
927,30.900000,2387,2,helmet,0.657092,204.78,42.68,225.26,62.78
927,30.900000,2388,0,person,0.518966,200.28,42.39,230.76,121.70
927,30.900000,2417,0,person,0.505318,386.55,80.88,426.35,199.10
927,30.900000,2546,0,person,0.428805,266.85,90.85,351.28,205.00
927,30.900000,2480,0,person,0.353168,343.63,106.17,384.86,213.59
927,30.900000,2518,0,person,0.271852,295.66,0.35,339.29,74.42
927,30.900000,2626,0,person,0.408773,311.73,193.90,380.61,333.15
927,30.900000,2620,0,person,0.358047,327.09,67.48,379.40,184.85
928,30.933333,2387,2,helmet,0.739716,205.39,42.76,225.55,62.74
928,30.933333,2388,0,person,0.533888,200.66,42.46,231.19,121.88
928,30.933333,2417,0,person,0.519505,386.47,81.02,426.31,199.23
928,30.933333,2546,0,person,0.490097,264.14,91.01,349.31,204.93
928,30.933333,2480,0,person,0.372148,343.09,106.02,384.83,213.60
928,30.933333,2518,0,person,0.264841,295.76,0.28,338.70,73.54
928,30.933333,2626,0,person,0.394424,312.06,193.14,378.77,330.66
928,30.933333,2620,0,person,0.325929,326.91,67.57,379.41,184.81
928,30.933333,2609,2,helmet,0.320087,331.25,64.38,353.17,79.45
929,30.966667,2387,2,helmet,0.741183,205.58,42.78,225.69,62.90
929,30.966667,2388,0,person,0.577701,200.67,42.49,231.99,124.00
929,30.966667,2417,0,person,0.508191,386.36,80.88,426.31,199.27
929,30.966667,2546,0,person,0.460467,260.81,90.48,347.39,205.17
929,30.966667,2480,0,person,0.313781,344.20,105.78,386.11,213.54
929,30.966667,2626,0,person,0.539103,313.00,189.58,374.73,317.26
929,30.966667,2620,0,person,0.331704,326.80,67.57,379.37,184.55
929,30.966667,2609,2,helmet,0.386182,331.94,64.45,354.23,79.72
930,31.000000,2387,2,helmet,0.591334,206.21,43.13,226.00,63.11
930,31.000000,2388,0,person,0.451880,200.42,42.69,231.96,124.75
930,31.000000,2417,0,person,0.521764,386.07,80.37,426.28,199.26
930,31.000000,2546,0,person,0.499202,261.13,90.46,348.79,205.14
930,31.000000,2480,0,person,0.325892,346.47,105.23,387.89,213.07
930,31.000000,2626,0,person,0.528118,312.71,186.49,370.75,306.72
930,31.000000,2620,0,person,0.365821,326.90,67.70,379.57,184.50
930,31.000000,2609,2,helmet,0.356617,332.17,64.46,354.36,79.52
931,31.033333,2387,2,helmet,0.721543,207.15,43.52,226.64,63.23
931,31.033333,2388,0,person,0.448326,201.02,43.17,232.58,125.25
931,31.033333,2417,0,person,0.457399,386.37,80.36,426.67,199.36
931,31.033333,2546,0,person,0.442647,261.62,90.97,349.64,204.73
931,31.033333,2480,0,person,0.294983,346.26,106.16,387.37,213.30
931,31.033333,2626,0,person,0.488378,314.03,188.60,369.46,302.52
931,31.033333,2620,0,person,0.317013,327.43,67.75,379.80,183.76
931,31.033333,2609,2,helmet,0.407164,333.31,64.54,355.41,79.45
931,31.033333,2518,0,person,0.374405,297.13,0.56,340.20,75.36
932,31.066667,2387,2,helmet,0.689809,207.86,43.82,227.11,63.39
932,31.066667,2388,0,person,0.574207,201.66,43.52,233.31,125.90
932,31.066667,2417,0,person,0.388129,386.35,80.38,426.75,199.39
932,31.066667,2546,0,person,0.356017,262.20,91.11,351.08,204.93
932,31.066667,2480,0,person,0.262189,346.47,105.71,387.64,213.66
932,31.066667,2626,0,person,0.493224,311.44,178.54,371.30,301.77
932,31.066667,2620,0,person,0.273898,327.93,68.00,380.49,184.20
932,31.066667,2609,2,helmet,0.393322,334.16,64.61,356.49,79.66
932,31.066667,2518,0,person,0.394960,295.05,0.60,342.10,84.66
933,31.100000,2387,2,helmet,0.710365,208.14,43.93,227.16,63.36
933,31.100000,2388,0,person,0.593158,202.15,43.68,233.65,125.61
933,31.100000,2417,0,person,0.463375,386.16,80.19,426.68,199.37
933,31.100000,2546,0,person,0.424138,261.74,91.06,351.52,205.21
933,31.100000,2480,0,person,0.295345,347.26,105.35,388.08,213.34
933,31.100000,2626,0,person,0.541101,309.91,177.54,370.40,301.28
933,31.100000,2620,0,person,0.272001,328.43,67.84,381.04,184.25
933,31.100000,2609,2,helmet,0.485488,334.78,64.54,357.04,79.52
934,31.133333,2387,2,helmet,0.738572,208.46,43.93,227.77,63.73
934,31.133333,2388,0,person,0.576865,201.90,43.68,233.82,126.91
934,31.133333,2417,0,person,0.476664,386.21,80.12,426.77,199.36
934,31.133333,2546,0,person,0.478088,261.74,91.24,352.07,205.39
934,31.133333,2480,0,person,0.298385,347.90,104.88,388.33,213.00
934,31.133333,2626,0,person,0.511062,308.83,175.29,370.48,300.99
934,31.133333,2620,0,person,0.278102,328.57,67.80,381.21,184.17
934,31.133333,2609,2,helmet,0.577370,336.00,64.48,357.84,79.18
934,31.133333,2518,0,person,0.469363,292.98,0.99,340.30,88.81
935,31.166667,2387,2,helmet,0.765413,209.20,44.15,228.60,64.18
935,31.166667,2388,0,person,0.537541,201.78,43.76,234.21,128.33
935,31.166667,2417,0,person,0.406412,386.12,80.06,426.84,199.51
935,31.166667,2546,0,person,0.407595,261.30,91.29,351.52,204.74
935,31.166667,2480,0,person,0.253575,346.47,104.51,387.01,212.90
935,31.166667,2626,0,person,0.444792,307.46,172.34,370.55,300.87
935,31.166667,2620,0,person,0.252146,329.07,67.16,382.05,184.29
935,31.166667,2609,2,helmet,0.558861,336.60,64.44,358.86,79.42
935,31.166667,2518,0,person,0.410587,291.92,1.21,338.26,89.66
936,31.200000,2387,2,helmet,0.757498,209.84,44.46,229.08,64.39
936,31.200000,2388,0,person,0.481746,201.08,43.94,234.08,129.72
936,31.200000,2417,0,person,0.420418,386.02,80.24,426.80,199.57
936,31.200000,2546,0,person,0.416172,261.83,91.51,352.17,204.51
936,31.200000,2480,0,person,0.252348,346.88,104.75,387.13,212.98
936,31.200000,2626,0,person,0.403100,308.43,172.95,371.82,301.05
936,31.200000,2609,2,helmet,0.533385,336.86,64.52,359.80,80.01
936,31.200000,2518,0,person,0.356620,291.82,1.36,337.21,90.13
936,31.200000,2640,46,box,0.364462,214.48,138.96,246.01,165.87
937,31.233333,2387,2,helmet,0.755961,210.45,44.31,229.84,64.52
937,31.233333,2388,0,person,0.405397,200.32,43.75,234.10,131.07
937,31.233333,2417,0,person,0.403269,385.81,79.98,426.70,199.44
937,31.233333,2546,0,person,0.423111,261.94,91.46,351.99,203.94
937,31.233333,2626,0,person,0.397225,310.16,173.15,373.07,300.92
937,31.233333,2609,2,helmet,0.686890,338.73,64.42,361.40,80.08
937,31.233333,2518,0,person,0.509237,291.98,1.67,336.17,89.96
937,31.233333,2640,46,box,0.323154,214.55,139.39,245.07,165.43
938,31.266667,2387,2,helmet,0.764538,211.20,44.54,230.47,64.71
938,31.266667,2388,0,person,0.515124,200.63,44.01,235.75,135.23
938,31.266667,2417,0,person,0.433181,385.67,79.83,426.70,199.51
938,31.266667,2546,0,person,0.478165,261.75,91.64,351.78,204.04
938,31.266667,2626,0,person,0.409045,311.81,171.24,375.45,301.02
938,31.266667,2609,2,helmet,0.703222,339.82,64.47,362.13,80.23
938,31.266667,2518,0,person,0.542297,292.02,1.74,335.53,90.30
938,31.266667,2640,46,box,0.373300,214.26,139.54,245.00,165.75
938,31.266667,2480,0,person,0.283786,347.18,104.17,387.33,212.86
939,31.300000,2387,2,helmet,0.731596,211.92,45.25,230.83,65.04
939,31.300000,2388,0,person,0.502422,201.80,44.77,236.60,134.63
939,31.300000,2417,0,person,0.411003,385.83,79.83,426.92,199.52
939,31.300000,2546,0,person,0.436262,261.54,91.74,351.51,204.16
939,31.300000,2626,0,person,0.368107,310.96,168.92,375.48,300.20
939,31.300000,2609,2,helmet,0.641802,340.62,64.64,362.58,80.46
939,31.300000,2518,0,person,0.524677,292.20,2.10,334.93,90.36
939,31.300000,2640,46,box,0.340668,214.57,139.74,245.28,165.91
939,31.300000,2644,46,box,0.311901,115.05,234.61,215.78,335.60
939,31.300000,2480,0,person,0.259746,348.01,104.08,387.70,212.29
940,31.333333,2387,2,helmet,0.766045,212.91,45.70,231.73,65.44
940,31.333333,2388,0,person,0.436626,202.92,45.10,238.20,137.35
940,31.333333,2417,0,person,0.476403,386.87,79.63,427.81,199.27
940,31.333333,2546,0,person,0.477337,261.22,91.74,351.93,206.43
940,31.333333,2626,0,person,0.391289,310.16,167.28,375.47,299.87
940,31.333333,2609,2,helmet,0.602027,340.77,64.65,362.38,80.43
940,31.333333,2518,0,person,0.439708,292.60,2.30,334.39,89.65
940,31.333333,2640,46,box,0.324520,214.39,139.32,245.45,165.78
940,31.333333,2480,0,person,0.289839,346.96,105.15,386.47,212.35
941,31.366667,2387,2,helmet,0.692426,213.88,46.12,232.22,65.33
941,31.366667,2388,0,person,0.318900,202.51,45.45,238.77,139.04
941,31.366667,2417,0,person,0.381673,387.19,78.88,428.17,198.90
941,31.366667,2546,0,person,0.333827,264.05,91.81,351.84,204.96
941,31.366667,2626,0,person,0.390790,307.86,163.33,375.11,299.07
941,31.366667,2609,2,helmet,0.653616,340.83,64.38,362.22,80.23
941,31.366667,2518,0,person,0.571648,291.62,1.40,333.59,90.24
941,31.366667,2640,46,box,0.256419,214.26,138.92,245.20,165.28
942,31.400000,2387,2,helmet,0.747377,214.19,46.30,232.24,65.19
942,31.400000,2388,0,person,0.400397,201.89,45.54,236.19,131.85
942,31.400000,2417,0,person,0.453213,387.33,78.72,428.26,198.86
942,31.400000,2546,0,person,0.412010,266.66,91.63,353.69,206.13
942,31.400000,2626,0,person,0.405671,309.35,161.14,376.17,297.07
942,31.400000,2609,2,helmet,0.646063,340.40,64.23,361.72,80.20
942,31.400000,2518,0,person,0.521649,291.23,1.53,332.60,90.02
942,31.400000,2620,0,person,0.279656,334.05,63.76,385.95,178.33
943,31.433333,2387,2,helmet,0.681520,215.40,47.01,233.23,65.68
943,31.433333,2417,0,person,0.391406,387.61,78.70,428.50,199.24
943,31.433333,2546,0,person,0.270182,268.76,91.36,353.62,205.69
943,31.433333,2626,0,person,0.399271,308.97,160.30,375.45,296.26
943,31.433333,2609,2,helmet,0.594300,340.19,64.38,361.94,80.93
943,31.433333,2518,0,person,0.324133,290.02,1.07,331.74,90.69
943,31.433333,2647,2,helmet,0.592334,297.50,0.22,316.15,9.72
944,31.466667,2387,2,helmet,0.572754,217.47,47.91,234.69,65.93
944,31.466667,2417,0,person,0.451482,387.94,78.99,428.64,199.43
944,31.466667,2546,0,person,0.282720,270.86,91.61,354.43,207.04
944,31.466667,2626,0,person,0.427434,309.61,159.83,374.13,292.17
944,31.466667,2609,2,helmet,0.537900,340.41,64.89,361.86,81.47
944,31.466667,2518,0,person,0.351882,285.82,1.36,333.24,105.10
944,31.466667,2647,2,helmet,0.440966,297.24,0.21,316.78,10.16
944,31.466667,2480,0,person,0.255091,346.63,103.61,387.38,213.91
945,31.500000,2387,2,helmet,0.549507,218.22,48.25,235.40,66.25
945,31.500000,2417,0,person,0.502294,388.19,79.09,428.77,199.52
945,31.500000,2546,0,person,0.361029,273.69,91.82,354.54,205.52
945,31.500000,2626,0,person,0.415677,310.56,160.71,371.65,285.03
945,31.500000,2609,2,helmet,0.525551,340.64,65.09,361.76,81.69
945,31.500000,2518,0,person,0.314884,285.28,1.36,333.84,109.75
945,31.500000,2647,2,helmet,0.475986,297.47,0.21,317.41,10.39
945,31.500000,2480,0,person,0.290783,347.00,103.43,387.90,213.75
945,31.500000,2644,46,box,0.253372,116.19,234.69,216.22,335.10
946,31.533333,2387,2,helmet,0.385074,219.91,48.49,237.06,66.55
946,31.533333,2417,0,person,0.358467,388.03,79.03,428.57,199.47
946,31.533333,2546,0,person,0.316001,272.22,91.80,350.10,204.67
946,31.533333,2626,0,person,0.379267,308.46,156.33,371.93,285.05
946,31.533333,2609,2,helmet,0.584673,340.30,65.06,361.82,82.26
946,31.533333,2518,0,person,0.470698,286.83,1.05,332.49,104.02
946,31.533333,2647,2,helmet,0.584775,297.56,0.20,317.29,10.29
946,31.533333,2644,46,box,0.257518,113.37,234.49,213.62,334.75
947,31.566667,2387,2,helmet,0.608722,221.56,49.12,238.83,67.37
947,31.566667,2417,0,person,0.313161,388.05,78.74,428.60,199.39
947,31.566667,2546,0,person,0.302039,272.60,90.09,349.72,205.16
947,31.566667,2626,0,person,0.436547,308.43,152.57,369.60,275.55
947,31.566667,2518,0,person,0.490968,287.93,2.07,329.72,97.01
947,31.566667,2647,2,helmet,0.497036,297.34,0.21,317.35,10.46
947,31.566667,2644,46,box,0.267695,112.35,234.26,212.79,334.35
948,31.600000,2387,2,helmet,0.462462,222.30,49.42,239.64,67.93
948,31.600000,2417,0,person,0.397829,388.26,78.76,428.74,199.36
948,31.600000,2546,0,person,0.330528,273.58,90.26,348.77,205.53
948,31.600000,2626,0,person,0.463995,308.46,151.21,368.19,270.49
948,31.600000,2518,0,person,0.503152,288.36,2.95,328.50,94.67
948,31.600000,2647,2,helmet,0.514895,297.71,0.20,317.18,10.15
948,31.600000,2644,46,box,0.258797,112.71,234.36,213.24,334.30
948,31.600000,2653,0,person,0.451872,341.63,0.24,361.61,27.93
948,31.600000,2480,0,person,0.280380,346.95,102.44,388.03,211.60
948,31.600000,2609,2,helmet,0.348452,340.45,64.96,361.43,81.84
949,31.633333,2387,2,helmet,0.380640,223.67,49.61,241.14,68.39
949,31.633333,2417,0,person,0.362835,388.66,78.75,429.08,199.35
949,31.633333,2546,0,person,0.323879,273.44,90.13,346.91,205.97
949,31.633333,2626,0,person,0.452214,308.41,150.89,367.58,268.50
949,31.633333,2518,0,person,0.481030,288.71,3.42,328.21,94.28
949,31.633333,2647,2,helmet,0.552521,297.85,0.29,317.64,10.40
949,31.633333,2644,46,box,0.285977,114.43,234.44,214.97,334.50
949,31.633333,2653,0,person,0.527106,342.06,0.22,363.32,29.62
949,31.633333,2609,2,helmet,0.387578,340.54,64.96,361.25,81.82
950,31.666667,2417,0,person,0.336005,388.77,78.73,429.15,199.38
950,31.666667,2546,0,person,0.313370,275.19,90.58,345.83,205.07
950,31.666667,2626,0,person,0.462437,307.27,147.81,367.29,267.26
950,31.666667,2518,0,person,0.420856,289.80,4.88,328.41,94.05
950,31.666667,2647,2,helmet,0.526334,297.86,0.23,318.18,10.65
950,31.666667,2644,46,box,0.279628,114.94,234.48,215.46,334.60
950,31.666667,2653,0,person,0.520401,343.22,0.19,365.46,30.75
950,31.666667,2609,2,helmet,0.401807,340.45,64.94,361.42,82.23
950,31.666667,2640,46,box,0.272962,215.87,139.81,245.82,165.23
950,31.666667,2480,0,person,0.265758,347.66,102.48,389.34,211.33
951,31.700000,2417,0,person,0.341551,388.81,78.61,429.17,199.38
951,31.700000,2546,0,person,0.298063,276.23,90.44,345.43,205.75
951,31.700000,2626,0,person,0.404388,306.69,145.30,368.15,267.93
951,31.700000,2518,0,person,0.402207,290.08,5.01,328.34,93.57
951,31.700000,2647,2,helmet,0.489224,297.85,0.21,318.28,10.73
951,31.700000,2644,46,box,0.313324,115.17,234.33,215.79,334.69
951,31.700000,2653,0,person,0.556655,343.79,0.20,366.34,30.96
951,31.700000,2609,2,helmet,0.328760,340.53,64.80,361.42,82.20
951,31.700000,2640,46,box,0.288494,215.69,139.64,245.87,165.18
951,31.700000,2480,0,person,0.255051,348.43,102.58,390.00,209.63
952,31.733333,2417,0,person,0.298309,388.96,78.36,429.44,199.38
952,31.733333,2626,0,person,0.388478,305.02,143.91,366.24,267.20
952,31.733333,2518,0,person,0.323357,290.09,5.31,327.99,93.47
952,31.733333,2647,2,helmet,0.434677,297.93,0.21,318.13,10.62
952,31.733333,2644,46,box,0.293979,113.84,234.20,214.76,334.65
952,31.733333,2653,0,person,0.455450,343.87,0.38,367.12,31.77
952,31.733333,2609,2,helmet,0.313669,340.76,64.76,360.64,81.35
952,31.733333,2640,46,box,0.335176,215.67,139.92,245.53,165.09
952,31.733333,2387,2,helmet,0.583890,227.91,50.18,244.69,68.30
953,31.766667,2417,0,person,0.287543,388.98,78.03,429.56,199.39
953,31.766667,2626,0,person,0.370257,303.49,142.77,364.64,267.43
953,31.766667,2518,0,person,0.331132,289.98,6.41,326.95,92.89
953,31.766667,2644,46,box,0.324265,113.34,234.16,214.32,334.49
953,31.766667,2653,0,person,0.420688,343.64,0.32,367.95,32.88
953,31.766667,2609,2,helmet,0.403383,340.50,64.59,360.53,81.47
953,31.766667,2640,46,box,0.336403,215.51,140.07,245.18,164.98
953,31.766667,2387,2,helmet,0.503931,229.11,50.18,245.79,68.26
954,31.800000,2417,0,person,0.356974,388.83,77.95,429.45,199.37
954,31.800000,2626,0,person,0.412255,305.29,142.19,365.75,266.89
954,31.800000,2518,0,person,0.320579,289.99,7.01,326.29,91.89
954,31.800000,2644,46,box,0.307545,112.15,234.13,213.60,334.61
954,31.800000,2653,0,person,0.458129,343.44,0.29,368.30,33.34
954,31.800000,2609,2,helmet,0.441467,340.47,64.54,360.30,81.39
954,31.800000,2640,46,box,0.315155,215.21,139.78,245.37,165.06
954,31.800000,2387,2,helmet,0.538767,229.45,50.17,246.17,68.35
954,31.800000,2546,0,person,0.325856,275.23,89.54,345.88,211.94
954,31.800000,2480,0,person,0.251123,347.68,101.29,390.93,211.61
955,31.833333,2417,0,person,0.294863,388.87,78.05,429.43,199.37
955,31.833333,2626,0,person,0.377512,306.84,141.55,366.43,265.54
955,31.833333,2518,0,person,0.355925,289.73,7.51,325.87,92.41
955,31.833333,2644,46,box,0.316246,112.18,234.11,213.73,334.51
955,31.833333,2653,0,person,0.339993,343.70,0.25,369.37,34.03
955,31.833333,2609,2,helmet,0.587042,340.50,64.59,360.45,81.69
955,31.833333,2640,46,box,0.302054,215.14,139.86,245.21,164.99
955,31.833333,2387,2,helmet,0.443025,230.37,50.10,247.15,68.32
956,31.866667,2417,0,person,0.296790,389.03,77.91,429.66,199.34
956,31.866667,2626,0,person,0.388250,306.48,141.01,365.30,264.81
956,31.866667,2518,0,person,0.296346,289.61,7.62,325.67,92.69
956,31.866667,2644,46,box,0.321716,112.86,234.15,214.44,334.57
956,31.866667,2653,0,person,0.327911,344.24,0.39,371.22,35.41
956,31.866667,2609,2,helmet,0.440909,340.56,64.40,360.22,81.35
956,31.866667,2640,46,box,0.340048,215.35,139.99,245.36,165.03
956,31.866667,2387,2,helmet,0.396632,231.36,49.74,248.20,67.99
956,31.866667,2546,0,person,0.306578,276.29,89.16,344.06,211.09
957,31.900000,2417,0,person,0.300156,389.46,77.90,430.12,199.29
957,31.900000,2626,0,person,0.382802,306.54,140.43,363.48,260.99
957,31.900000,2518,0,person,0.342557,287.99,7.39,326.79,99.71
957,31.900000,2644,46,box,0.331140,114.83,233.97,216.10,334.40
957,31.900000,2653,0,person,0.350494,344.78,0.47,372.35,35.72
957,31.900000,2609,2,helmet,0.435443,341.02,64.27,360.59,81.24
957,31.900000,2640,46,box,0.309883,215.59,139.68,245.99,165.04
957,31.900000,2387,2,helmet,0.504705,232.06,49.60,248.99,67.91
957,31.900000,2546,0,person,0.304040,277.86,89.49,342.94,210.51
958,31.933333,2417,0,person,0.348013,389.47,77.86,430.17,199.03
958,31.933333,2626,0,person,0.393241,307.09,138.61,363.94,259.49
958,31.933333,2518,0,person,0.330113,288.79,7.46,326.03,96.07
958,31.933333,2644,46,box,0.291063,114.42,233.75,216.03,334.65
958,31.933333,2653,0,person,0.526345,346.76,0.36,372.60,32.66
958,31.933333,2609,2,helmet,0.460913,340.87,64.18,360.77,81.58
958,31.933333,2640,46,box,0.314065,215.75,139.83,245.90,164.90
958,31.933333,2387,2,helmet,0.563744,232.71,49.29,249.56,67.56
958,31.933333,2546,0,person,0.323485,279.17,89.49,342.33,210.37
958,31.933333,2480,0,person,0.255433,348.95,97.93,392.61,208.23
959,31.966667,2417,0,person,0.342926,389.45,77.67,430.27,198.94
959,31.966667,2626,0,person,0.390181,307.56,137.55,364.39,258.18
959,31.966667,2518,0,person,0.364004,288.96,7.18,325.53,93.96
959,31.966667,2644,46,box,0.304806,113.83,233.63,215.48,334.62
959,31.966667,2653,0,person,0.473225,349.07,0.38,374.28,31.61
959,31.966667,2609,2,helmet,0.495724,340.93,64.04,360.52,81.31
959,31.966667,2640,46,box,0.261152,215.55,139.62,245.88,164.82
959,31.966667,2387,2,helmet,0.262551,233.21,48.69,250.36,67.37
959,31.966667,2546,0,person,0.341688,280.18,89.06,341.10,208.54
959,31.966667,2647,2,helmet,0.281587,298.34,0.20,317.53,10.01
960,32.000000,2417,0,person,0.339957,389.83,76.54,430.91,198.70
960,32.000000,2626,0,person,0.483360,305.46,136.12,361.24,252.17
960,32.000000,2518,0,person,0.423072,288.88,8.59,325.35,94.93
960,32.000000,2653,0,person,0.492121,349.77,0.29,374.57,30.89
960,32.000000,2609,2,helmet,0.409372,340.86,63.82,359.89,80.62
960,32.000000,2546,0,person,0.400979,280.43,88.05,340.83,210.32
960,32.000000,2480,0,person,0.304931,348.02,91.94,393.24,205.16
961,32.033333,2417,0,person,0.301901,390.10,76.24,431.21,198.60
961,32.033333,2626,0,person,0.445072,304.52,135.08,360.42,249.43
961,32.033333,2518,0,person,0.325162,288.79,9.29,324.98,94.64
961,32.033333,2653,0,person,0.462637,351.06,0.25,376.29,31.67
961,32.033333,2609,2,helmet,0.502599,340.81,63.74,359.65,80.39
961,32.033333,2546,0,person,0.380188,281.29,87.68,340.67,211.28
961,32.033333,2480,0,person,0.263456,347.79,90.94,393.46,204.21
962,32.066667,2417,0,person,0.309961,390.53,76.07,431.63,198.51
962,32.066667,2626,0,person,0.433348,303.04,133.21,360.14,248.82
962,32.066667,2518,0,person,0.291977,287.95,9.05,324.76,95.54
962,32.066667,2609,2,helmet,0.436681,340.76,63.74,359.57,80.37
962,32.066667,2546,0,person,0.373753,282.98,87.41,339.36,207.26
962,32.066667,2480,0,person,0.251734,348.31,90.80,393.93,202.88
962,32.066667,2387,2,helmet,0.431601,235.30,48.13,253.07,67.50
963,32.100000,2417,0,person,0.291176,390.98,75.99,432.00,198.34
963,32.100000,2626,0,person,0.456382,303.12,132.03,360.88,247.91
963,32.100000,2518,0,person,0.297040,285.45,9.05,325.94,104.78
963,32.100000,2609,2,helmet,0.455302,340.75,63.71,359.54,80.35
963,32.100000,2546,0,person,0.390775,283.90,87.50,338.34,205.33
963,32.100000,2480,0,person,0.250457,348.28,89.83,394.44,202.58
963,32.100000,2387,2,helmet,0.303217,235.42,48.02,253.34,67.57
964,32.133333,2417,0,person,0.259022,391.62,76.05,432.37,198.16
964,32.133333,2626,0,person,0.458156,302.92,131.43,360.77,247.21
964,32.133333,2518,0,person,0.412525,287.14,10.46,324.41,98.35
964,32.133333,2609,2,helmet,0.508520,340.72,63.70,359.42,80.29
964,32.133333,2546,0,person,0.382589,284.68,87.41,337.82,204.35
964,32.133333,2387,2,helmet,0.604789,236.46,48.06,254.37,67.54
965,32.166667,2417,0,person,0.318775,392.26,76.11,432.90,198.76
965,32.166667,2626,0,person,0.456641,303.48,130.37,361.68,246.82
965,32.166667,2518,0,person,0.513886,288.07,12.90,323.24,95.33
965,32.166667,2609,2,helmet,0.594925,340.81,63.73,359.30,80.14
965,32.166667,2546,0,person,0.432856,285.02,87.36,337.38,204.39
965,32.166667,2387,2,helmet,0.786230,237.85,48.43,255.46,67.48
965,32.166667,2480,0,person,0.267673,347.99,87.16,395.08,202.13
966,32.200000,2417,0,person,0.323198,392.42,76.44,432.79,199.08
966,32.200000,2626,0,person,0.440702,303.37,129.74,361.51,246.17
966,32.200000,2518,0,person,0.394387,288.59,13.45,323.07,93.51
966,32.200000,2609,2,helmet,0.608409,340.42,63.70,358.89,80.08
966,32.200000,2546,0,person,0.431579,285.12,87.41,336.46,203.86
966,32.200000,2387,2,helmet,0.770696,238.31,48.58,255.87,67.52
966,32.200000,2661,0,person,0.354203,232.63,48.36,272.44,153.65
966,32.200000,2480,0,person,0.272119,348.32,86.71,395.44,201.96
967,32.233333,2417,0,person,0.327879,392.44,76.28,432.67,199.17
967,32.233333,2626,0,person,0.421706,303.03,129.01,361.56,246.06
967,32.233333,2518,0,person,0.443781,287.81,14.48,321.65,92.79
967,32.233333,2609,2,helmet,0.486242,339.93,63.56,358.47,80.00
967,32.233333,2546,0,person,0.406669,284.89,86.66,335.88,204.05
967,32.233333,2387,2,helmet,0.738185,239.27,48.76,256.50,67.34
967,32.233333,2661,0,person,0.342389,230.60,48.58,270.55,154.12
967,32.233333,2480,0,person,0.250337,348.51,87.67,395.09,201.36
968,32.266667,2417,0,person,0.312718,392.36,76.22,432.35,198.83
968,32.266667,2626,0,person,0.432397,303.49,128.06,362.42,245.85
968,32.266667,2518,0,person,0.475951,286.14,15.18,319.51,92.57
968,32.266667,2609,2,helmet,0.570016,339.17,63.28,357.96,80.02
968,32.266667,2546,0,person,0.427095,284.86,86.27,335.39,204.07
968,32.266667,2387,2,helmet,0.802249,240.24,48.53,257.92,67.51
968,32.266667,2661,0,person,0.435268,231.94,48.33,272.24,154.64
968,32.266667,2480,0,person,0.252828,347.79,85.47,395.25,201.58
969,32.300000,2417,0,person,0.316300,392.43,76.46,431.88,197.56
969,32.300000,2626,0,person,0.475319,302.44,127.40,361.01,245.64
969,32.300000,2518,0,person,0.452623,285.46,15.52,318.07,91.08
969,32.300000,2609,2,helmet,0.339930,338.53,62.96,357.48,79.92
969,32.300000,2546,0,person,0.454043,284.58,85.64,334.73,204.04
969,32.300000,2387,2,helmet,0.809488,240.56,48.24,258.58,67.53
969,32.300000,2661,0,person,0.373259,232.18,47.95,272.51,154.17
969,32.300000,2480,0,person,0.252212,347.52,85.15,395.03,201.52
970,32.333333,2417,0,person,0.353226,392.52,76.66,431.68,196.96
970,32.333333,2626,0,person,0.479180,304.65,127.06,363.49,245.71
970,32.333333,2518,0,person,0.493932,283.83,15.62,316.27,90.57
970,32.333333,2609,2,helmet,0.392728,338.15,63.10,356.90,79.89
970,32.333333,2546,0,person,0.465303,284.56,85.80,334.34,204.52
970,32.333333,2387,2,helmet,0.754595,241.65,48.63,259.66,67.74
970,32.333333,2480,0,person,0.274326,347.17,84.70,394.93,201.93
971,32.366667,2417,0,person,0.320572,392.57,76.89,431.63,197.06
971,32.366667,2626,0,person,0.400438,304.05,126.11,362.77,245.36
971,32.366667,2518,0,person,0.400622,282.73,16.19,315.30,91.07
971,32.366667,2609,2,helmet,0.335449,337.61,63.50,356.30,80.22
971,32.366667,2546,0,person,0.380968,284.66,86.03,333.61,203.70
971,32.366667,2387,2,helmet,0.529486,243.43,48.91,261.74,68.15
971,32.366667,2480,0,person,0.254117,346.50,83.86,394.56,202.49
971,32.366667,2661,0,person,0.323702,234.82,50.01,274.25,152.49
972,32.400000,2417,0,person,0.397942,392.71,77.12,431.60,196.86
972,32.400000,2626,0,person,0.475891,304.12,125.56,362.64,245.71
972,32.400000,2518,0,person,0.413953,281.94,16.33,314.55,90.98
972,32.400000,2609,2,helmet,0.344028,337.19,63.66,355.83,80.39
972,32.400000,2546,0,person,0.405750,284.35,86.17,333.02,204.16
972,32.400000,2387,2,helmet,0.429193,244.18,48.82,262.83,68.19
972,32.400000,2480,0,person,0.307204,345.75,81.90,394.20,202.07
972,32.400000,2661,0,person,0.283606,234.82,51.43,274.25,152.63
972,32.400000,2644,46,box,0.260604,113.54,232.21,214.20,332.77
972,32.400000,2640,46,box,0.254218,214.61,139.24,243.99,163.90
973,32.433333,2417,0,person,0.399348,392.74,77.66,431.37,196.76
973,32.433333,2626,0,person,0.466229,304.19,125.05,362.38,245.56
973,32.433333,2518,0,person,0.467578,280.80,15.99,313.49,90.39
973,32.433333,2609,2,helmet,0.307080,336.73,63.50,355.45,80.39
973,32.433333,2546,0,person,0.430430,284.18,86.11,332.40,203.82
973,32.433333,2387,2,helmet,0.281460,245.20,49.23,263.68,68.17
973,32.433333,2480,0,person,0.292179,345.38,82.22,393.51,201.88
973,32.433333,2644,46,box,0.269431,113.52,232.01,213.69,332.54
974,32.466667,2417,0,person,0.313890,391.98,78.17,430.73,197.21
974,32.466667,2626,0,person,0.393540,307.29,125.31,365.66,245.66
974,32.466667,2518,0,person,0.385149,279.98,16.63,312.31,89.42
974,32.466667,2609,2,helmet,0.346076,336.32,63.20,354.94,80.13
974,32.466667,2546,0,person,0.359575,283.99,86.20,331.84,203.86
974,32.466667,2387,2,helmet,0.524711,247.34,49.14,265.66,67.84
974,32.466667,2644,46,box,0.310883,113.33,232.00,213.26,332.78
975,32.500000,2417,0,person,0.321493,392.08,77.99,430.53,195.86
975,32.500000,2626,0,person,0.409468,306.56,125.59,364.55,245.91
975,32.500000,2518,0,person,0.302412,279.02,16.93,311.02,88.56
975,32.500000,2609,2,helmet,0.296660,336.05,63.13,354.61,80.13
975,32.500000,2546,0,person,0.378318,283.89,86.17,331.31,203.76
975,32.500000,2387,2,helmet,0.409215,248.19,48.49,267.19,67.88
975,32.500000,2644,46,box,0.318319,113.14,232.13,212.83,333.06
976,32.533333,2417,0,person,0.318982,392.39,78.46,430.30,193.97
976,32.533333,2626,0,person,0.385228,306.68,125.62,364.16,245.74
976,32.533333,2518,0,person,0.324330,275.60,16.95,313.33,102.74
976,32.533333,2609,2,helmet,0.448324,336.03,63.11,354.38,80.05
976,32.533333,2546,0,person,0.387667,284.09,86.35,331.36,204.11
976,32.533333,2387,2,helmet,0.729037,250.04,48.45,268.93,67.70
976,32.533333,2644,46,box,0.337833,113.31,232.12,212.44,332.72
976,32.533333,2661,0,person,0.398167,239.06,49.14,279.69,153.18
977,32.566667,2417,0,person,0.360500,393.20,78.63,430.80,192.90
977,32.566667,2626,0,person,0.358421,308.27,124.39,366.41,245.82
977,32.566667,2518,0,person,0.385257,274.72,17.36,313.49,106.38
977,32.566667,2609,2,helmet,0.471193,336.01,63.07,354.39,80.15
977,32.566667,2546,0,person,0.354586,283.85,86.39,330.89,204.20
977,32.566667,2387,2,helmet,0.707057,252.58,48.43,271.14,67.40
977,32.566667,2644,46,box,0.354771,113.60,232.15,212.35,332.60
978,32.600000,2417,0,person,0.359628,392.90,78.62,430.93,193.69
978,32.600000,2626,0,person,0.393003,307.81,123.06,366.36,245.75
978,32.600000,2518,0,person,0.383405,274.85,17.61,312.32,103.86
978,32.600000,2609,2,helmet,0.354022,336.12,63.07,354.40,80.14
978,32.600000,2546,0,person,0.384804,283.88,86.35,330.84,204.33
978,32.600000,2387,2,helmet,0.672799,254.17,48.64,272.40,67.26
978,32.600000,2644,46,box,0.345070,113.72,232.16,212.25,332.58
979,32.633333,2417,0,person,0.351135,393.65,78.76,431.74,193.80
979,32.633333,2626,0,person,0.414437,307.73,122.46,366.33,245.70
979,32.633333,2518,0,person,0.444427,275.22,18.34,312.65,104.85
979,32.633333,2609,2,helmet,0.494613,336.44,63.22,354.47,80.09
979,32.633333,2546,0,person,0.393217,284.14,86.52,330.72,204.12
979,32.633333,2387,2,helmet,0.772564,255.67,48.60,273.86,67.16
979,32.633333,2644,46,box,0.335557,113.98,232.15,212.40,332.63
979,32.633333,2480,0,person,0.253345,343.93,80.11,391.90,200.14
980,32.666667,2417,0,person,0.355945,394.28,79.36,431.99,192.67
980,32.666667,2626,0,person,0.436070,309.27,121.11,368.09,245.62
980,32.666667,2518,0,person,0.266060,275.44,18.71,312.50,104.79
980,32.666667,2609,2,helmet,0.570760,336.72,63.13,354.82,80.09
980,32.666667,2546,0,person,0.421928,283.96,86.39,330.84,205.11
980,32.666667,2387,2,helmet,0.793276,257.55,48.58,275.79,67.18
980,32.666667,2644,46,box,0.289850,114.13,232.12,212.50,332.57
980,32.666667,2669,0,person,0.385046,288.66,0.21,316.42,39.66
980,32.666667,2640,46,box,0.272490,214.21,138.67,243.32,163.26
981,32.700000,2417,0,person,0.346019,394.91,79.26,432.41,191.61
981,32.700000,2626,0,person,0.391842,310.58,119.62,369.39,244.94
981,32.700000,2518,0,person,0.405515,275.23,18.63,312.29,104.96
981,32.700000,2609,2,helmet,0.384676,336.85,62.60,355.02,79.64
981,32.700000,2546,0,person,0.359249,284.40,86.13,330.47,203.15
981,32.700000,2387,2,helmet,0.797700,258.41,48.48,276.52,66.93
981,32.700000,2644,46,box,0.302089,114.27,232.00,212.54,332.43
981,32.700000,2669,0,person,0.270302,288.60,0.21,316.39,39.72
981,32.700000,2671,0,person,0.356534,375.49,0.14,399.85,29.19
981,32.700000,2640,46,box,0.261383,214.60,138.89,243.37,163.39
982,32.733333,2417,0,person,0.324406,395.48,79.72,432.88,191.18
982,32.733333,2626,0,person,0.402378,311.13,118.80,369.74,244.64
982,32.733333,2518,0,person,0.253976,275.36,18.50,312.65,105.99
982,32.733333,2609,2,helmet,0.470339,337.29,62.48,355.44,79.50
982,32.733333,2546,0,person,0.394762,284.37,86.07,330.47,203.77
982,32.733333,2387,2,helmet,0.780182,259.70,48.44,277.72,66.83
982,32.733333,2644,46,box,0.295474,114.58,231.99,212.89,332.47
982,32.733333,2671,0,person,0.353225,376.09,0.13,400.93,29.77
983,32.766667,2417,0,person,0.364818,395.77,80.36,433.14,191.03
983,32.766667,2626,0,person,0.419728,312.88,120.13,370.66,244.38
983,32.766667,2518,0,person,0.315049,275.89,18.96,312.53,105.31
983,32.766667,2609,2,helmet,0.590115,337.65,62.42,355.86,79.47
983,32.766667,2546,0,person,0.433343,284.56,85.53,330.59,203.09
983,32.766667,2387,2,helmet,0.772059,261.03,48.41,279.05,66.79
983,32.766667,2671,0,person,0.395767,377.27,0.18,402.06,29.78
983,32.766667,2669,0,person,0.262723,288.30,0.16,317.43,41.74
983,32.766667,2640,46,box,0.259101,214.60,138.53,243.70,163.49
984,32.800000,2417,0,person,0.383527,396.07,80.62,433.60,191.06
984,32.800000,2626,0,person,0.464703,314.26,120.13,371.85,243.92
984,32.800000,2518,0,person,0.358632,276.39,19.44,312.41,104.57
984,32.800000,2609,2,helmet,0.583663,337.94,62.38,356.21,79.48
984,32.800000,2546,0,person,0.437735,285.27,85.55,330.93,202.54
984,32.800000,2387,2,helmet,0.760525,261.81,48.39,279.80,66.75
984,32.800000,2671,0,person,0.364454,377.98,0.22,402.66,29.74
984,32.800000,2669,0,person,0.349647,288.40,0.15,317.61,42.02
985,32.833333,2417,0,person,0.363454,396.34,80.81,433.99,190.76
985,32.833333,2626,0,person,0.401571,315.10,119.83,372.72,243.57
985,32.833333,2518,0,person,0.364337,276.98,20.30,312.46,104.22
985,32.833333,2609,2,helmet,0.480305,338.25,62.21,356.46,79.28
985,32.833333,2546,0,person,0.400242,286.02,85.72,331.42,202.30
985,32.833333,2387,2,helmet,0.756762,262.74,48.43,280.78,66.77
985,32.833333,2671,0,person,0.341170,379.02,0.24,403.74,29.89
985,32.833333,2669,0,person,0.443910,288.54,0.16,318.15,42.83
985,32.833333,2661,0,person,0.267814,248.21,48.33,288.96,152.63
986,32.866667,2417,0,person,0.383540,396.88,80.72,434.82,190.72
986,32.866667,2626,0,person,0.425137,316.80,120.01,373.87,242.50
986,32.866667,2518,0,person,0.337481,277.53,20.63,312.53,103.30
986,32.866667,2609,2,helmet,0.443923,338.81,62.12,356.73,78.88
986,32.866667,2546,0,person,0.432677,286.89,86.09,332.01,202.04
986,32.866667,2387,2,helmet,0.764222,263.81,48.39,281.71,66.57
986,32.866667,2671,0,person,0.253237,380.93,0.14,405.54,29.80
986,32.866667,2669,0,person,0.355378,288.84,0.17,318.27,42.83
986,32.866667,2661,0,person,0.256784,249.62,48.20,290.29,152.55
987,32.900000,2417,0,person,0.382439,397.36,80.85,435.52,190.83
987,32.900000,2626,0,person,0.377952,319.88,119.90,376.00,241.38
987,32.900000,2518,0,person,0.335617,277.89,21.47,312.64,103.32
987,32.900000,2546,0,person,0.406575,287.46,86.25,332.29,201.52
987,32.900000,2387,2,helmet,0.777287,264.53,48.37,282.42,66.48
987,32.900000,2669,0,person,0.337157,289.20,0.16,318.40,42.76
988,32.933333,2417,0,person,0.392987,397.58,80.82,436.11,191.27
988,32.933333,2626,0,person,0.371236,320.81,117.71,376.96,240.57
988,32.933333,2518,0,person,0.348698,278.03,21.37,312.70,102.87
988,32.933333,2546,0,person,0.440974,287.65,85.16,332.87,201.64
988,32.933333,2387,2,helmet,0.782654,265.00,48.36,282.83,66.34
988,32.933333,2669,0,person,0.391574,289.29,0.16,318.36,42.87
988,32.933333,2609,2,helmet,0.370741,339.37,61.58,357.00,78.02
988,32.933333,2661,0,person,0.262139,250.77,48.16,291.46,152.76
989,32.966667,2417,0,person,0.349649,397.89,80.59,436.50,190.67
989,32.966667,2626,0,person,0.340257,322.97,116.23,378.15,238.85
989,32.966667,2546,0,person,0.379265,288.08,85.07,333.09,201.22
989,32.966667,2387,2,helmet,0.796796,265.55,48.26,283.11,65.87
989,32.966667,2609,2,helmet,0.365445,339.52,61.29,357.06,77.60
990,33.000000,2417,0,person,0.343332,397.93,80.56,436.63,190.38
990,33.000000,2626,0,person,0.350543,324.67,113.55,379.66,237.39
990,33.000000,2546,0,person,0.327052,288.16,85.08,332.84,200.64
990,33.000000,2387,2,helmet,0.788626,265.75,48.12,283.11,65.40
990,33.000000,2609,2,helmet,0.489156,339.09,60.65,356.96,77.23
990,33.000000,2669,0,person,0.320621,289.83,0.22,318.10,42.11
991,33.033333,2417,0,person,0.344123,397.74,80.57,436.58,190.36
991,33.033333,2626,0,person,0.350507,325.13,112.47,379.70,236.87
991,33.033333,2546,0,person,0.356487,287.91,85.70,332.12,200.30
991,33.033333,2387,2,helmet,0.794197,265.58,48.03,282.95,65.24
991,33.033333,2609,2,helmet,0.440463,338.77,60.39,356.81,77.10
991,33.033333,2669,0,person,0.354724,289.66,0.24,317.62,41.97
991,33.033333,2518,0,person,0.297230,278.62,21.38,312.40,100.28
991,33.033333,2661,0,person,0.306248,252.59,47.88,292.26,150.74
992,33.066667,2417,0,person,0.379948,398.60,80.60,437.39,190.14
992,33.066667,2626,0,person,0.401882,327.21,112.14,380.99,235.33
992,33.066667,2546,0,person,0.368593,288.37,86.70,332.02,199.78
992,33.066667,2387,2,helmet,0.788441,265.79,48.12,283.11,65.14
992,33.066667,2609,2,helmet,0.492761,338.82,60.32,356.93,77.03
992,33.066667,2669,0,person,0.311588,289.56,0.24,317.24,41.75
992,33.066667,2518,0,person,0.278132,279.35,22.42,312.70,99.76
992,33.066667,2661,0,person,0.359580,252.84,47.93,292.56,151.65
993,33.100000,2417,0,person,0.388827,399.83,80.83,438.25,189.79
993,33.100000,2626,0,person,0.403137,327.88,111.51,381.02,233.82
993,33.100000,2546,0,person,0.449933,288.77,86.83,332.31,199.17
993,33.100000,2387,2,helmet,0.787121,265.79,48.15,283.17,65.12
993,33.100000,2609,2,helmet,0.513743,338.81,60.32,356.98,77.02
993,33.100000,2669,0,person,0.288345,289.62,0.24,317.08,41.63
993,33.100000,2518,0,person,0.319608,279.57,22.74,312.85,99.40
993,33.100000,2661,0,person,0.360168,253.06,47.95,292.58,151.65
994,33.133333,2417,0,person,0.404893,400.17,80.83,438.40,189.58
994,33.133333,2626,0,person,0.404475,327.86,111.22,380.64,233.32
994,33.133333,2546,0,person,0.415380,288.56,86.10,332.45,198.86
994,33.133333,2387,2,helmet,0.759130,265.64,47.87,283.31,65.07
994,33.133333,2609,2,helmet,0.456075,338.55,60.12,356.93,76.86
994,33.133333,2669,0,person,0.257128,289.96,0.24,316.96,41.22
994,33.133333,2518,0,person,0.313056,280.41,23.21,313.45,98.85
994,33.133333,2661,0,person,0.346892,252.91,47.76,292.38,152.00
995,33.166667,2417,0,person,0.384935,400.87,80.72,438.37,187.94
995,33.166667,2626,0,person,0.415736,329.77,110.95,382.86,233.27
995,33.166667,2546,0,person,0.385843,288.37,82.65,333.19,197.24
995,33.166667,2387,2,helmet,0.747120,265.45,47.60,283.25,64.95
995,33.166667,2609,2,helmet,0.503064,338.10,59.73,356.77,76.61
995,33.166667,2518,0,person,0.291517,280.87,23.69,313.90,98.55
995,33.166667,2661,0,person,0.367456,252.30,47.28,291.95,152.59
996,33.200000,2417,0,person,0.375475,400.86,80.67,438.16,187.84
996,33.200000,2626,0,person,0.375358,329.67,110.41,382.87,233.05
996,33.200000,2546,0,person,0.333037,288.89,81.83,333.56,195.63
996,33.200000,2387,2,helmet,0.742477,265.00,47.47,282.85,64.93
996,33.200000,2609,2,helmet,0.413375,337.81,59.77,356.44,76.46
996,33.200000,2518,0,person,0.294678,280.81,23.43,314.16,98.27
996,33.200000,2661,0,person,0.343213,251.80,47.09,291.29,152.80
996,33.200000,2644,46,box,0.255101,112.69,230.92,211.46,331.79
997,33.233333,2417,0,person,0.379319,400.92,80.66,438.08,187.96
997,33.233333,2626,0,person,0.430291,329.68,110.64,382.67,232.86
997,33.233333,2546,0,person,0.349236,289.17,80.35,334.32,195.29
997,33.233333,2387,2,helmet,0.746182,264.80,47.62,282.68,65.14
997,33.233333,2609,2,helmet,0.434258,337.67,59.93,356.38,76.55
997,33.233333,2518,0,person,0.306838,281.19,23.64,314.81,97.99
997,33.233333,2661,0,person,0.346128,251.67,47.24,290.93,152.98
997,33.233333,2676,0,person,0.319387,389.62,0.04,435.57,32.63
998,33.266667,2417,0,person,0.360190,401.01,80.52,438.08,188.28
998,33.266667,2626,0,person,0.350760,329.51,109.69,382.72,232.63
998,33.266667,2546,0,person,0.282694,290.09,81.29,334.67,194.44
998,33.266667,2387,2,helmet,0.744962,264.78,47.69,282.79,65.48
998,33.266667,2609,2,helmet,0.362074,337.56,60.10,356.37,76.68
998,33.266667,2661,0,person,0.337773,251.63,47.45,290.71,153.29
998,33.266667,2676,0,person,0.335369,391.06,0.04,437.19,32.73
999,33.300000,2417,0,person,0.393207,400.86,80.48,437.85,188.81
999,33.300000,2626,0,person,0.355111,328.44,109.96,381.14,232.28
999,33.300000,2546,0,person,0.353047,291.06,81.41,334.96,192.99
999,33.300000,2387,2,helmet,0.701056,264.35,47.26,282.56,65.35
999,33.300000,2609,2,helmet,0.369761,337.11,59.73,356.19,76.51
999,33.300000,2661,0,person,0.345588,251.18,46.97,290.30,153.56
999,33.300000,2676,0,person,0.402364,391.31,0.03,437.09,32.43
999,33.300000,2669,0,person,0.442608,287.41,0.16,313.37,38.91
1000,33.333333,2417,0,person,0.348832,400.81,80.61,437.57,188.87
1000,33.333333,2626,0,person,0.361601,326.86,109.45,379.59,232.28
1000,33.333333,2546,0,person,0.293723,290.73,78.88,335.37,192.64
1000,33.333333,2387,2,helmet,0.670234,264.12,46.85,282.26,65.00
1000,33.333333,2609,2,helmet,0.406929,336.67,59.17,356.08,76.17
1000,33.333333,2661,0,person,0.351840,251.02,46.55,289.99,153.39
1000,33.333333,2676,0,person,0.300576,390.31,0.08,439.70,35.15
1000,33.333333,2669,0,person,0.301049,286.46,0.19,312.50,38.53
1001,33.366667,2417,0,person,0.323076,400.79,80.65,437.39,188.92
1001,33.366667,2626,0,person,0.329548,326.72,109.07,379.57,232.09
1001,33.366667,2546,0,person,0.306029,289.20,70.13,336.36,191.68
1001,33.366667,2387,2,helmet,0.709757,263.54,46.71,281.73,64.98
1001,33.366667,2609,2,helmet,0.433097,336.32,59.01,355.81,76.01
1001,33.366667,2661,0,person,0.307124,250.71,46.39,289.41,153.22
1001,33.366667,2669,0,person,0.367457,286.00,0.20,312.26,38.44
1001,33.366667,2683,31,truck,0.304767,444.47,0.63,543.46,106.57
1002,33.400000,2417,0,person,0.303539,400.69,80.70,437.15,188.85
1002,33.400000,2626,0,person,0.328055,327.33,109.35,380.12,232.02
1002,33.400000,2546,0,person,0.305186,288.71,66.35,336.72,191.49
1002,33.400000,2387,2,helmet,0.722119,263.45,46.64,281.30,64.57
1002,33.400000,2609,2,helmet,0.449313,336.05,58.84,355.74,75.98
1002,33.400000,2661,0,person,0.321658,250.60,46.33,289.11,153.18
1002,33.400000,2669,0,person,0.335989,285.67,0.20,312.15,38.37
1002,33.400000,2683,31,truck,0.317118,444.46,0.63,543.46,106.59
1003,33.433333,2417,0,person,0.318409,400.62,80.47,437.05,188.83
1003,33.433333,2626,0,person,0.333798,327.13,109.32,379.73,231.58
1003,33.433333,2546,0,person,0.305201,288.87,65.19,336.73,191.21
1003,33.433333,2387,2,helmet,0.705580,263.52,46.55,281.30,64.41
1003,33.433333,2609,2,helmet,0.423361,336.04,58.90,355.69,75.98
1003,33.433333,2661,0,person,0.297986,250.61,46.29,288.93,153.05
1003,33.433333,2669,0,person,0.340047,285.46,0.21,312.19,38.39
1003,33.433333,2683,31,truck,0.326069,444.52,0.65,543.52,106.60
1004,33.466667,2417,0,person,0.300680,400.61,80.24,437.07,189.04
1004,33.466667,2626,0,person,0.355920,326.78,110.12,378.77,231.40
1004,33.466667,2546,0,person,0.327732,289.53,67.24,336.25,191.10
1004,33.466667,2387,2,helmet,0.687390,263.56,46.54,281.18,64.20
1004,33.466667,2609,2,helmet,0.483895,336.15,58.92,355.78,75.98
1004,33.466667,2661,0,person,0.310084,250.73,46.29,288.98,153.21
1004,33.466667,2669,0,person,0.312080,285.41,0.21,312.30,38.29
1004,33.466667,2683,31,truck,0.363402,444.42,0.64,543.47,106.63
1005,33.500000,2417,0,person,0.278157,400.49,80.09,437.02,189.34
1005,33.500000,2626,0,person,0.350836,326.80,110.29,378.61,231.65
1005,33.500000,2546,0,person,0.302467,289.10,66.75,335.75,191.34
1005,33.500000,2387,2,helmet,0.687321,263.39,46.52,280.95,64.08
1005,33.500000,2609,2,helmet,0.514162,336.08,58.94,355.88,76.17
1005,33.500000,2661,0,person,0.296139,250.25,46.32,288.47,153.27
1005,33.500000,2669,0,person,0.257027,285.25,0.21,312.44,38.44
1005,33.500000,2683,31,truck,0.341648,444.30,0.66,543.46,106.77
1006,33.533333,2417,0,person,0.277796,400.40,80.45,436.79,189.52
1006,33.533333,2626,0,person,0.346091,326.50,109.79,378.36,231.83
1006,33.533333,2546,0,person,0.287177,290.25,73.03,334.73,191.42
1006,33.533333,2387,2,helmet,0.671367,263.26,46.64,280.78,64.15
1006,33.533333,2609,2,helmet,0.430834,335.86,59.28,355.48,76.42
1006,33.533333,2661,0,person,0.299449,249.88,46.44,288.06,153.57
1006,33.533333,2669,0,person,0.312570,285.06,0.20,312.94,39.29
1006,33.533333,2683,31,truck,0.372520,443.95,0.63,543.28,106.95
1007,33.566667,2417,0,person,0.305134,400.53,80.78,436.76,189.53
1007,33.566667,2626,0,person,0.339296,325.46,107.98,377.29,231.32
1007,33.566667,2546,0,person,0.295509,290.61,75.82,334.29,191.81
1007,33.566667,2387,2,helmet,0.648203,262.61,46.89,280.15,64.21
1007,33.566667,2609,2,helmet,0.423952,335.97,59.72,355.34,76.65
1007,33.566667,2661,0,person,0.310141,249.53,46.62,287.61,153.74
1007,33.566667,2669,0,person,0.340119,284.82,0.17,313.14,39.84
1007,33.566667,2683,31,truck,0.362282,443.74,0.64,543.13,107.06
1007,33.566667,2685,21,dump truck,0.308972,444.18,0.70,542.95,107.08
1008,33.600000,2417,0,person,0.294202,400.63,80.88,436.87,189.73
1008,33.600000,2626,0,person,0.343563,325.18,107.69,376.18,230.21
1008,33.600000,2546,0,person,0.258412,290.72,77.18,334.14,191.95
1008,33.600000,2387,2,helmet,0.653511,262.69,47.25,280.39,64.63
1008,33.600000,2609,2,helmet,0.257615,336.31,59.98,355.69,76.98
1008,33.600000,2661,0,person,0.272371,249.51,46.90,287.48,154.00
1008,33.600000,2669,0,person,0.373447,284.84,0.16,313.48,40.26
1008,33.600000,2683,31,truck,0.323702,444.00,0.63,543.41,107.15
1008,33.600000,2685,21,dump truck,0.348173,444.26,0.62,543.22,107.22
1009,33.633333,2417,0,person,0.304706,400.77,80.94,437.21,190.36
1009,33.633333,2626,0,person,0.364354,325.18,108.02,375.48,229.79
1009,33.633333,2546,0,person,0.268827,290.51,76.87,334.21,192.05
1009,33.633333,2387,2,helmet,0.676319,262.20,47.43,280.15,64.79
1009,33.633333,2609,2,helmet,0.424763,336.73,60.27,356.05,77.26
1009,33.633333,2661,0,person,0.260580,249.23,47.10,286.93,154.06
1009,33.633333,2669,0,person,0.463211,284.82,0.15,313.95,40.90
1009,33.633333,2683,31,truck,0.256926,443.97,0.63,543.48,107.34
1009,33.633333,2685,21,dump truck,0.298989,444.11,0.60,543.28,107.44
1010,33.666667,2417,0,person,0.299823,400.96,81.10,437.59,191.00
1010,33.666667,2626,0,person,0.279360,325.74,106.10,375.56,227.64
1010,33.666667,2546,0,person,0.300010,289.24,76.16,333.22,192.38
1010,33.666667,2387,2,helmet,0.622015,261.76,47.65,279.53,64.57
1010,33.666667,2609,2,helmet,0.512670,337.15,60.59,356.39,77.55
1010,33.666667,2661,0,person,0.264903,248.72,47.24,286.42,154.31
1010,33.666667,2669,0,person,0.460631,284.80,0.14,314.32,41.53
1010,33.666667,2644,46,box,0.263285,113.05,231.68,211.33,332.07
1011,33.700000,2417,0,person,0.313110,401.14,81.28,437.85,191.26
1011,33.700000,2626,0,person,0.293567,325.68,104.08,375.80,227.63
1011,33.700000,2546,0,person,0.296131,288.42,75.76,332.52,192.40
1011,33.700000,2387,2,helmet,0.636100,261.42,47.87,279.38,64.79
1011,33.700000,2609,2,helmet,0.484542,337.62,60.86,356.76,77.85
1011,33.700000,2661,0,person,0.276895,248.64,47.45,286.35,154.42
1011,33.700000,2669,0,person,0.470191,284.80,0.13,314.48,41.83
1011,33.700000,2644,46,box,0.286146,113.44,231.91,211.39,332.04
1011,33.700000,2683,21,dump truck,0.335743,443.73,0.69,543.68,107.97
1012,33.733333,2417,0,person,0.334943,401.15,81.05,437.99,191.29
1012,33.733333,2626,0,person,0.308041,325.54,102.97,375.46,227.52
1012,33.733333,2546,0,person,0.307815,287.91,75.59,331.92,192.01
1012,33.733333,2387,2,helmet,0.625175,261.11,47.96,279.30,64.92
1012,33.733333,2609,2,helmet,0.541757,337.85,60.95,356.92,77.96
1012,33.733333,2661,0,person,0.298513,248.52,47.54,286.22,154.48
1012,33.733333,2669,0,person,0.480348,284.84,0.12,314.58,41.96
1012,33.733333,2644,46,box,0.270283,113.36,232.00,211.19,332.00
1012,33.733333,2683,21,dump truck,0.345960,443.74,0.69,543.72,108.10
1012,33.733333,2676,0,person,0.414728,387.33,0.11,451.68,49.49
1013,33.766667,2417,0,person,0.306764,400.97,80.96,437.83,190.95
1013,33.766667,2626,0,person,0.342589,326.31,102.95,373.92,223.06
1013,33.766667,2546,0,person,0.338169,286.41,74.62,330.36,191.43
1013,33.766667,2387,2,helmet,0.643604,260.80,47.94,278.99,64.72
1013,33.766667,2609,2,helmet,0.525007,338.06,60.99,357.04,77.97
1013,33.766667,2661,0,person,0.324871,248.12,47.50,285.94,154.96
1013,33.766667,2669,0,person,0.424426,284.85,0.11,314.48,41.89
1013,33.766667,2644,46,box,0.270761,113.38,232.02,211.20,331.98
1013,33.766667,2683,21,dump truck,0.351375,443.97,0.70,543.65,107.86
1013,33.766667,2688,31,truck,0.311264,444.74,0.70,543.10,107.76
1014,33.800000,2417,0,person,0.349265,401.32,80.91,438.27,190.88
1014,33.800000,2626,0,person,0.367216,327.42,102.60,373.06,218.71
1014,33.800000,2546,0,person,0.376781,285.70,71.71,329.86,189.85
1014,33.800000,2387,2,helmet,0.639632,260.57,48.02,278.96,64.82
1014,33.800000,2609,2,helmet,0.512854,338.65,61.25,357.49,78.12
1014,33.800000,2661,0,person,0.333681,248.16,47.57,285.98,155.10
1014,33.800000,2669,0,person,0.355615,284.92,0.09,314.61,42.05
1014,33.800000,2644,46,box,0.328063,113.75,232.00,211.76,332.30
1014,33.800000,2683,21,dump truck,0.343089,444.01,0.73,543.66,107.98
1014,33.800000,2688,31,truck,0.282034,444.65,0.73,543.16,107.96
1015,33.833333,2417,0,person,0.355767,401.73,80.92,438.74,190.79
1015,33.833333,2626,0,person,0.342854,328.34,102.31,373.31,217.76
1015,33.833333,2546,0,person,0.352199,286.27,70.56,330.48,189.07
1015,33.833333,2387,2,helmet,0.648066,260.74,48.12,279.27,64.88
1015,33.833333,2609,2,helmet,0.508803,339.37,61.63,358.11,78.48
1015,33.833333,2661,0,person,0.306454,248.43,47.72,286.14,155.12
1015,33.833333,2669,0,person,0.459379,285.40,0.11,315.27,42.37
1015,33.833333,2644,46,box,0.306983,114.07,232.11,212.17,332.52
1015,33.833333,2683,31,truck,0.294415,444.51,0.78,544.08,108.05
1015,33.833333,2688,21,dump truck,0.345157,445.11,0.75,543.68,108.03
1015,33.833333,2691,0,person,0.452566,405.31,0.16,436.45,71.85
1016,33.866667,2417,0,person,0.402107,401.97,80.54,439.14,190.65
1016,33.866667,2626,0,person,0.354046,329.16,101.88,373.72,217.13
1016,33.866667,2546,0,person,0.377496,285.82,68.81,329.51,186.33
1016,33.866667,2387,2,helmet,0.664282,260.68,48.17,279.45,65.03
1016,33.866667,2609,2,helmet,0.589573,340.07,61.75,358.86,78.75
1016,33.866667,2661,0,person,0.350611,248.75,47.78,286.39,155.05
1016,33.866667,2669,0,person,0.479412,285.72,0.10,315.68,42.55
1016,33.866667,2644,46,box,0.258791,114.24,231.93,212.42,332.44
1016,33.866667,2683,31,truck,0.366695,444.78,0.95,544.24,108.18
1016,33.866667,2688,21,dump truck,0.418911,445.35,0.94,543.88,108.17
1016,33.866667,2691,0,person,0.489276,406.22,0.14,437.59,72.39
1017,33.900000,2417,0,person,0.372663,401.95,80.18,439.34,190.74
1017,33.900000,2626,0,person,0.358238,330.41,100.16,375.29,216.95
1017,33.900000,2546,0,person,0.322885,285.73,68.16,328.97,184.75
1017,33.900000,2387,2,helmet,0.549631,260.89,48.19,278.96,64.13
1017,33.900000,2609,2,helmet,0.549771,340.39,61.82,359.20,78.92
1017,33.900000,2661,0,person,0.314985,248.40,47.72,286.06,155.11
1017,33.900000,2669,0,person,0.471445,285.95,0.10,315.85,42.61
1017,33.900000,2644,46,box,0.329663,114.42,231.99,212.36,332.28
1017,33.900000,2683,21,dump truck,0.398869,444.76,1.03,544.14,108.19
1017,33.900000,2688,31,truck,0.363861,445.26,1.05,543.75,108.21
1017,33.900000,2691,0,person,0.466052,406.01,0.14,439.02,76.35
1018,33.933333,2417,0,person,0.345832,401.67,80.18,439.13,190.71
1018,33.933333,2626,0,person,0.324184,329.98,100.11,374.48,216.81
1018,33.933333,2546,0,person,0.316893,285.90,67.49,329.36,184.41
1018,33.933333,2387,2,helmet,0.611240,260.61,48.16,278.42,63.62
1018,33.933333,2609,2,helmet,0.553404,340.34,61.88,359.06,78.96
1018,33.933333,2661,0,person,0.345177,248.26,47.71,285.96,155.16
1018,33.933333,2669,0,person,0.482282,285.58,0.12,315.36,42.55
1018,33.933333,2644,46,box,0.333005,114.23,231.99,212.05,332.25
1018,33.933333,2683,21,dump truck,0.344428,444.24,0.86,543.68,108.07
1018,33.933333,2688,31,truck,0.316939,444.77,0.85,543.36,108.09
1018,33.933333,2691,0,person,0.507500,405.74,0.19,439.22,77.84
1019,33.966667,2417,0,person,0.342762,401.56,81.19,438.85,190.93
1019,33.966667,2626,0,person,0.351608,329.95,99.37,374.73,218.11
1019,33.966667,2546,0,person,0.335753,285.36,67.36,327.89,181.78
1019,33.966667,2387,2,helmet,0.560551,260.00,48.13,277.88,63.37
1019,33.966667,2609,2,helmet,0.593908,340.36,62.26,359.34,79.67
1019,33.966667,2661,0,person,0.349428,248.07,47.65,285.86,155.37
1019,33.966667,2669,0,person,0.443442,285.33,0.12,315.01,42.48
1019,33.966667,2644,46,box,0.324400,114.06,232.10,211.90,332.46
1019,33.966667,2683,21,dump truck,0.315137,444.05,0.88,543.46,108.08
1019,33.966667,2688,31,truck,0.281979,444.57,0.87,543.18,108.12
1019,33.966667,2691,0,person,0.508163,405.41,0.22,439.86,80.65
1020,34.000000,2417,0,person,0.355574,401.67,81.79,438.86,190.95
1020,34.000000,2626,0,person,0.337522,330.49,98.13,375.44,218.64
1020,34.000000,2546,0,person,0.341741,286.27,67.34,327.64,178.00
1020,34.000000,2387,2,helmet,0.691327,259.77,48.21,278.02,63.54
1020,34.000000,2609,2,helmet,0.586798,340.73,62.49,359.84,80.13
1020,34.000000,2661,0,person,0.385816,247.90,47.73,285.81,155.46
1020,34.000000,2669,0,person,0.496247,285.41,0.12,315.14,42.65
1020,34.000000,2644,46,box,0.371484,114.13,232.13,211.98,332.58
1020,34.000000,2683,21,dump truck,0.311643,444.09,0.87,543.46,108.06
1020,34.000000,2688,31,truck,0.261784,444.59,0.86,543.20,108.10
1020,34.000000,2691,0,person,0.528501,405.74,0.23,440.29,81.55
1021,34.033333,2417,0,person,0.364271,401.90,81.78,439.11,190.79
1021,34.033333,2626,0,person,0.303708,330.54,97.64,375.16,218.74
1021,34.033333,2546,0,person,0.359583,286.21,66.68,327.39,176.48
1021,34.033333,2387,2,helmet,0.684449,259.64,48.14,278.05,63.42
1021,34.033333,2609,2,helmet,0.567959,341.10,62.59,360.03,80.11
1021,34.033333,2661,0,person,0.370002,247.86,47.63,285.87,155.54
1021,34.033333,2669,0,person,0.495399,285.63,0.12,315.10,42.28
1021,34.033333,2644,46,box,0.321704,114.22,232.16,212.01,332.56
1021,34.033333,2683,31,truck,0.255326,444.53,0.83,543.74,107.95
1021,34.033333,2688,21,dump truck,0.294664,444.91,0.82,543.43,107.96
1021,34.033333,2691,0,person,0.518535,406.51,0.18,440.90,81.87
1022,34.066667,2417,0,person,0.312853,401.79,81.96,439.01,190.63
1022,34.066667,2626,0,person,0.316128,331.17,96.52,375.76,218.17
1022,34.066667,2546,0,person,0.323799,286.42,65.95,327.36,174.67
1022,34.066667,2387,2,helmet,0.685386,258.65,47.98,276.92,62.91
1022,34.066667,2609,2,helmet,0.519536,341.21,62.35,360.47,80.27
1022,34.066667,2661,0,person,0.342508,247.69,47.49,285.74,155.34
1022,34.066667,2669,0,person,0.425872,286.02,0.14,314.73,41.21
1022,34.066667,2644,46,box,0.348064,113.86,232.15,211.55,332.48
1022,34.066667,2683,21,dump truck,0.317429,444.37,0.69,543.71,107.93
1022,34.066667,2688,31,truck,0.279245,444.78,0.68,543.44,107.93
1022,34.066667,2691,0,person,0.493306,406.52,0.16,442.38,86.38
1023,34.100000,2417,0,person,0.330715,401.51,82.01,438.80,190.69
1023,34.100000,2626,0,person,0.339062,331.65,96.13,376.28,218.37
1023,34.100000,2546,0,person,0.330746,285.95,65.53,326.85,173.73
1023,34.100000,2387,2,helmet,0.684654,258.05,47.92,276.46,62.79
1023,34.100000,2609,2,helmet,0.540220,341.20,62.33,360.43,80.31
1023,34.100000,2661,0,person,0.359053,247.35,47.43,285.51,155.39
1023,34.100000,2669,0,person,0.442630,286.00,0.14,314.47,40.84
1023,34.100000,2644,46,box,0.286097,113.54,232.15,211.19,332.39
1023,34.100000,2683,21,dump truck,0.277436,443.70,0.66,543.10,107.96
1023,34.100000,2691,0,person,0.537564,406.74,0.13,442.88,88.18
1024,34.133333,2417,0,person,0.352949,401.29,82.22,438.57,190.79
1024,34.133333,2626,0,person,0.361549,331.75,96.25,376.21,218.37
1024,34.133333,2546,0,person,0.368007,286.39,65.47,327.36,173.39
1024,34.133333,2387,2,helmet,0.719764,257.70,48.03,276.25,62.84
1024,34.133333,2609,2,helmet,0.605445,341.14,62.63,360.10,80.41
1024,34.133333,2661,0,person,0.379803,247.22,47.58,285.40,155.31
1024,34.133333,2669,0,person,0.479561,285.72,0.17,314.30,41.14
1024,34.133333,2644,46,box,0.284320,113.03,232.13,210.94,332.57
1024,34.133333,2683,31,truck,0.282524,443.34,0.55,543.13,108.32
1024,34.133333,2691,0,person,0.549586,407.24,0.18,443.12,88.69
1025,34.166667,2417,0,person,0.321286,401.03,82.50,438.33,191.05
1025,34.166667,2626,0,person,0.286833,332.54,96.46,376.56,217.53
1025,34.166667,2546,0,person,0.409850,286.39,65.36,327.27,173.32
1025,34.166667,2387,2,helmet,0.724229,257.41,48.20,275.50,62.42
1025,34.166667,2609,2,helmet,0.582332,341.45,63.20,360.08,80.74
1025,34.166667,2661,0,person,0.400299,247.26,47.74,285.60,155.41
1025,34.166667,2669,0,person,0.458569,285.72,0.17,313.65,40.10
1025,34.166667,2644,46,box,0.278825,112.65,232.12,210.63,332.52
1025,34.166667,2683,21,dump truck,0.349032,442.90,0.57,542.88,108.52
1025,34.166667,2691,0,person,0.515867,407.80,0.19,443.37,89.02
1026,34.200000,2417,0,person,0.311037,400.96,82.60,438.23,190.97
1026,34.200000,2626,0,person,0.264581,333.02,94.67,376.99,216.32
1026,34.200000,2546,0,person,0.415656,285.65,64.92,325.74,172.06
1026,34.200000,2387,2,helmet,0.727135,257.11,48.17,274.96,62.00
1026,34.200000,2609,2,helmet,0.572704,342.01,63.11,360.68,80.69
1026,34.200000,2661,0,person,0.409917,246.99,47.71,285.39,155.26
1026,34.200000,2669,0,person,0.453051,285.81,0.14,313.32,39.39
1026,34.200000,2683,21,dump truck,0.363400,442.83,0.55,542.81,108.47
1026,34.200000,2691,0,person,0.477328,408.11,0.22,443.19,88.81
1026,34.200000,2694,31,truck,0.324131,443.23,0.60,542.82,108.54
1027,34.233333,2417,0,person,0.335382,400.77,82.42,438.08,190.75
1027,34.233333,2626,0,person,0.265873,333.60,95.82,376.84,215.70
1027,34.233333,2546,0,person,0.447077,285.93,64.41,325.61,171.28
1027,34.233333,2387,2,helmet,0.731018,256.82,47.91,274.78,61.63
1027,34.233333,2609,2,helmet,0.604625,342.19,62.82,361.05,80.58
1027,34.233333,2661,0,person,0.419027,247.07,47.49,285.65,155.01
1027,34.233333,2669,0,person,0.451933,285.85,0.17,313.22,39.11
1027,34.233333,2683,21,dump truck,0.355161,442.89,0.53,542.68,108.18
1027,34.233333,2691,0,person,0.474458,408.89,0.21,443.31,87.90
1027,34.233333,2694,31,truck,0.325417,443.33,0.56,542.69,108.24
1028,34.266667,2417,0,person,0.312401,400.65,82.27,438.01,190.66
1028,34.266667,2546,0,person,0.399234,286.39,64.42,325.27,170.25
1028,34.266667,2387,2,helmet,0.726101,256.53,47.81,274.58,61.41
1028,34.266667,2609,2,helmet,0.567620,342.57,62.82,361.51,80.58
1028,34.266667,2661,0,person,0.412644,246.79,47.41,285.49,154.96
1028,34.266667,2669,0,person,0.449145,285.71,0.15,313.03,38.99
1028,34.266667,2683,21,dump truck,0.345194,442.66,0.50,542.36,108.06
1028,34.266667,2691,0,person,0.506583,409.40,0.21,443.67,88.17
1028,34.266667,2694,31,truck,0.270184,443.14,0.52,542.34,108.04
1029,34.300000,2417,0,person,0.298219,400.64,82.43,438.01,190.80
1029,34.300000,2546,0,person,0.430524,287.47,63.99,326.46,170.82
1029,34.300000,2387,2,helmet,0.731971,256.27,47.76,274.47,61.32
1029,34.300000,2609,2,helmet,0.543995,343.08,62.86,361.96,80.59
1029,34.300000,2661,0,person,0.396902,246.67,47.39,285.45,154.91
1029,34.300000,2669,0,person,0.435290,285.49,0.17,312.91,39.11
1029,34.300000,2683,21,dump truck,0.330771,442.48,0.48,542.34,108.27
1029,34.300000,2691,0,person,0.495063,409.72,0.20,443.91,88.53
1029,34.300000,2694,31,truck,0.268847,442.88,0.52,542.33,108.31
1030,34.333333,2417,0,person,0.291089,400.63,82.47,438.02,190.86
1030,34.333333,2546,0,person,0.418491,287.43,63.98,326.00,170.96
1030,34.333333,2387,2,helmet,0.734353,256.19,47.91,274.65,61.52
1030,34.333333,2609,2,helmet,0.566772,343.20,62.75,362.31,80.67
1030,34.333333,2661,0,person,0.404317,246.64,47.48,285.46,154.87
1030,34.333333,2669,0,person,0.456730,285.50,0.14,312.96,39.10
1030,34.333333,2683,21,dump truck,0.321119,442.49,0.51,542.37,108.33
1030,34.333333,2691,0,person,0.492766,410.21,0.17,444.24,88.57
1030,34.333333,2694,31,truck,0.265188,442.90,0.54,542.39,108.40
1031,34.366667,2417,0,person,0.350264,400.61,82.59,438.04,191.06
1031,34.366667,2546,0,person,0.423708,287.84,63.69,326.19,171.43
1031,34.366667,2387,2,helmet,0.725066,256.15,47.82,274.74,61.39
1031,34.366667,2609,2,helmet,0.470608,343.84,62.68,362.69,80.33
1031,34.366667,2661,0,person,0.413390,246.51,47.39,285.43,154.90
1031,34.366667,2669,0,person,0.441753,285.47,0.17,312.99,39.17
1031,34.366667,2691,0,person,0.563845,410.98,0.16,444.89,88.68
1031,34.366667,2644,46,box,0.254351,111.75,231.96,209.69,332.12
1032,34.400000,2417,0,person,0.298506,400.43,82.48,437.97,191.34
1032,34.400000,2546,0,person,0.299162,289.56,63.58,326.88,168.64
1032,34.400000,2387,2,helmet,0.726946,256.02,47.94,274.93,61.65
1032,34.400000,2609,2,helmet,0.587701,344.44,62.74,363.11,80.15
1032,34.400000,2661,0,person,0.365513,246.38,47.48,285.34,155.06
1032,34.400000,2669,0,person,0.456225,285.35,0.17,312.93,39.27
1032,34.400000,2691,0,person,0.472763,411.54,0.16,445.38,88.91
1032,34.400000,2644,46,box,0.265117,111.34,232.14,209.74,332.66
1032,34.400000,2683,21,dump truck,0.278549,442.31,0.51,542.35,108.56
1033,34.433333,2417,0,person,0.292281,400.19,82.58,437.79,191.81
1033,34.433333,2546,0,person,0.313868,290.69,63.74,327.74,167.82
1033,34.433333,2387,2,helmet,0.720255,255.62,48.48,274.92,62.39
1033,34.433333,2609,2,helmet,0.511774,344.66,63.02,363.08,80.16
1033,34.433333,2661,0,person,0.321921,246.22,48.04,285.06,155.33
1033,34.433333,2669,0,person,0.459583,285.06,0.19,312.97,39.74
1033,34.433333,2691,0,person,0.508583,411.75,0.18,445.50,89.10
1034,34.466667,2417,0,person,0.312755,399.81,82.91,437.36,192.04
1034,34.466667,2387,2,helmet,0.729303,255.29,48.59,274.51,62.35
1034,34.466667,2609,2,helmet,0.399304,344.54,62.90,362.66,79.75
1034,34.466667,2661,0,person,0.349484,245.44,48.16,284.10,155.36
1034,34.466667,2669,0,person,0.432907,284.42,0.20,312.98,40.85
1034,34.466667,2691,0,person,0.544523,411.89,0.25,445.49,89.17
1034,34.466667,2706,0,person,0.359655,278.43,32.32,321.03,133.18
1035,34.500000,2417,0,person,0.352041,399.67,83.51,437.14,192.66
1035,34.500000,2387,2,helmet,0.733387,255.11,49.04,274.39,62.75
1035,34.500000,2609,2,helmet,0.514103,344.85,62.64,362.56,79.11
1035,34.500000,2661,0,person,0.345631,245.28,48.61,283.79,155.66
1035,34.500000,2669,0,person,0.496121,283.87,0.20,313.29,42.40
1035,34.500000,2691,0,person,0.613475,412.30,0.36,445.79,89.51
1035,34.500000,2706,0,person,0.434330,278.64,32.41,321.31,133.38
1035,34.500000,2546,0,person,0.319201,290.35,63.25,328.02,169.34
1036,34.533333,2417,0,person,0.340607,399.63,83.82,437.03,192.92
1036,34.533333,2387,2,helmet,0.738910,255.03,49.33,274.41,63.03
1036,34.533333,2609,2,helmet,0.499334,345.31,62.77,362.61,78.79
1036,34.533333,2661,0,person,0.348092,244.90,48.94,283.15,155.87
1036,34.533333,2669,0,person,0.514646,283.56,0.20,313.52,43.57
1036,34.533333,2691,0,person,0.594315,412.75,0.33,446.17,89.76
1036,34.533333,2706,0,person,0.405611,278.22,31.95,321.19,133.64
1036,34.533333,2546,0,person,0.312975,289.47,61.61,327.57,170.09
1037,34.566667,2417,0,person,0.384689,399.36,83.89,436.78,193.25
1037,34.566667,2387,2,helmet,0.734155,254.87,49.32,274.32,63.00
1037,34.566667,2609,2,helmet,0.527053,345.28,61.97,362.96,78.38
1037,34.566667,2661,0,person,0.391000,245.55,48.96,283.79,155.72
1037,34.566667,2669,0,person,0.516261,283.55,0.20,313.51,43.91
1037,34.566667,2691,0,person,0.671823,413.09,0.29,446.35,89.88
1037,34.566667,2706,0,person,0.439731,277.59,31.85,320.51,133.49
1037,34.566667,2546,0,person,0.343210,288.86,60.64,326.75,170.23
1037,34.566667,2626,0,person,0.264967,339.96,88.33,380.47,198.97
1038,34.600000,2417,0,person,0.412587,399.16,83.77,436.61,193.28
1038,34.600000,2387,2,helmet,0.731582,254.73,49.14,274.26,62.83
1038,34.600000,2609,2,helmet,0.491300,345.26,61.12,362.73,77.30
1038,34.600000,2661,0,person,0.408645,245.64,48.77,283.95,155.69
1038,34.600000,2669,0,person,0.504176,283.47,0.20,313.26,44.04
1038,34.600000,2691,0,person,0.665574,413.28,0.27,446.32,89.83
1038,34.600000,2706,0,person,0.424787,277.07,31.75,319.92,133.36
1038,34.600000,2546,0,person,0.333262,289.02,60.31,326.35,169.72
1038,34.600000,2626,0,person,0.272822,339.90,87.62,380.86,198.32
1039,34.633333,2417,0,person,0.408369,399.12,84.07,436.46,193.35
1039,34.633333,2387,2,helmet,0.733104,254.56,49.07,274.14,62.72
1039,34.633333,2609,2,helmet,0.476029,344.98,60.41,362.74,76.87
1039,34.633333,2661,0,person,0.406960,245.79,48.65,284.23,155.69
1039,34.633333,2669,0,person,0.352654,283.53,0.20,313.21,44.31
1039,34.633333,2691,0,person,0.656659,413.44,0.31,446.35,89.97
1039,34.633333,2706,0,person,0.381224,277.28,32.41,319.89,133.28
1039,34.633333,2546,0,person,0.322592,289.78,59.74,326.40,168.13
1040,34.666667,2417,0,person,0.424430,398.92,84.37,435.96,192.77
1040,34.666667,2387,2,helmet,0.722867,254.15,49.04,273.80,62.68
1040,34.666667,2609,2,helmet,0.590697,344.23,59.55,362.22,76.25
1040,34.666667,2661,0,person,0.419419,245.71,48.49,284.37,155.71
1040,34.666667,2691,0,person,0.680868,413.36,0.45,446.03,89.92
1040,34.666667,2706,0,person,0.345474,274.34,31.57,317.02,133.60
1040,34.666667,2546,0,person,0.283318,290.79,58.20,327.03,166.51
1041,34.700000,2417,0,person,0.441196,398.92,84.48,435.83,192.57
1041,34.700000,2387,2,helmet,0.720631,253.98,49.02,273.71,62.69
1041,34.700000,2609,2,helmet,0.597448,343.88,59.14,361.89,75.86
1041,34.700000,2661,0,person,0.405877,245.60,48.37,284.45,155.79
1041,34.700000,2691,0,person,0.679225,413.32,0.58,445.83,89.92
1041,34.700000,2706,0,person,0.341889,273.09,31.23,315.47,133.55
1041,34.700000,2709,76,gloves,0.500053,276.19,97.00,285.78,112.19
1041,34.700000,2626,0,person,0.257242,340.33,85.82,381.90,197.08
1042,34.733333,2417,0,person,0.438943,398.96,84.74,435.82,192.71
1042,34.733333,2387,2,helmet,0.733271,253.75,49.08,273.83,62.99
1042,34.733333,2609,2,helmet,0.606131,343.61,58.78,361.74,75.64
1042,34.733333,2661,0,person,0.445587,245.50,48.46,284.48,155.92
1042,34.733333,2691,0,person,0.662181,413.47,0.78,445.96,90.26
1042,34.733333,2706,0,person,0.327349,273.17,32.32,314.70,133.45
1042,34.733333,2709,76,gloves,0.516816,276.16,96.94,285.79,112.20
1042,34.733333,2626,0,person,0.252960,340.21,85.64,382.17,197.07
1042,34.733333,2546,0,person,0.355211,290.30,57.69,325.83,165.98
1043,34.766667,2417,0,person,0.398891,398.80,84.49,435.67,192.45
1043,34.766667,2387,2,helmet,0.713944,253.65,48.78,273.73,62.70
1043,34.766667,2609,2,helmet,0.601671,343.27,58.53,360.86,74.81
1043,34.766667,2661,0,person,0.359785,245.35,48.11,284.48,155.51
1043,34.766667,2691,0,person,0.622328,413.64,1.25,445.79,89.87
1043,34.766667,2709,76,gloves,0.605408,276.00,96.84,285.40,111.70
1044,34.800000,2417,0,person,0.352711,398.62,84.24,435.61,192.64
1044,34.800000,2387,2,helmet,0.712756,253.32,48.40,273.42,62.33
1044,34.800000,2661,0,person,0.375985,245.13,47.66,284.47,155.23
1044,34.800000,2691,0,person,0.616261,413.87,2.43,445.55,89.73
1044,34.800000,2709,76,gloves,0.606095,275.78,96.74,284.99,111.27
1045,34.833333,2417,0,person,0.400874,398.32,84.41,435.19,192.34
1045,34.833333,2387,2,helmet,0.717310,253.03,48.15,273.14,62.05
1045,34.833333,2661,0,person,0.416491,244.80,47.39,284.37,155.25
1045,34.833333,2691,0,person,0.618190,413.78,3.00,445.30,89.88
1045,34.833333,2709,76,gloves,0.615607,275.33,96.48,284.77,111.31
1045,34.833333,2706,0,person,0.348013,272.03,32.60,313.10,133.09
1046,34.866667,2417,0,person,0.345870,397.85,83.92,434.75,191.77
1046,34.866667,2387,2,helmet,0.694515,252.42,47.87,272.71,61.88
1046,34.866667,2661,0,person,0.366438,244.36,47.43,283.94,155.05
1046,34.866667,2691,0,person,0.612230,413.49,3.73,444.67,89.53
1046,34.866667,2709,76,gloves,0.564118,274.96,96.45,284.36,111.19
1046,34.866667,2706,0,person,0.310460,270.17,31.82,310.77,132.69
1047,34.900000,2417,0,person,0.375217,397.25,83.72,434.30,191.73
1047,34.900000,2387,2,helmet,0.701052,251.98,47.76,272.35,61.81
1047,34.900000,2661,0,person,0.394780,244.03,47.45,283.76,155.07
1047,34.900000,2691,0,person,0.602738,413.27,4.42,444.17,89.29
1047,34.900000,2709,76,gloves,0.502458,274.41,96.28,284.40,111.98
1047,34.900000,2706,0,person,0.326768,268.67,31.53,308.65,132.84
1048,34.933333,2417,0,person,0.366395,396.81,82.65,434.29,191.51
1048,34.933333,2387,2,helmet,0.736134,251.80,47.42,271.89,61.21
1048,34.933333,2661,0,person,0.365287,243.26,47.15,282.94,154.73
1048,34.933333,2691,0,person,0.620446,412.59,4.85,443.48,89.25
1048,34.933333,2706,0,person,0.304252,267.69,30.46,307.06,132.46
1049,34.966667,2417,0,person,0.333748,396.33,82.00,434.02,191.25
1049,34.966667,2387,2,helmet,0.722004,251.36,46.95,271.46,60.70
1049,34.966667,2661,0,person,0.351768,242.94,46.71,282.75,154.31
1049,34.966667,2691,0,person,0.615005,411.79,4.70,443.01,89.67
1049,34.966667,2706,0,person,0.279341,266.81,29.52,305.46,131.86
1049,34.966667,2726,2,helmet,0.430129,335.19,52.64,353.25,68.50
1049,34.966667,2709,76,gloves,0.371159,273.44,95.54,283.56,111.41
1050,35.000000,2417,0,person,0.296660,396.10,81.50,434.12,191.11
1050,35.000000,2387,2,helmet,0.725483,251.01,46.64,271.25,60.49
1050,35.000000,2661,0,person,0.321617,242.57,46.46,282.46,154.17
1050,35.000000,2691,0,person,0.545729,411.55,5.30,442.29,88.55
1050,35.000000,2709,76,gloves,0.289098,273.21,95.39,283.42,111.40
1051,35.033333,2417,0,person,0.352414,395.59,81.72,433.73,191.06
1051,35.033333,2387,2,helmet,0.723450,250.65,46.53,270.92,60.41
1051,35.033333,2661,0,person,0.343825,242.00,46.34,282.01,154.26
1051,35.033333,2691,0,person,0.540999,411.03,5.84,441.73,88.68
1051,35.033333,2709,76,gloves,0.363425,272.67,95.17,283.04,111.42
1052,35.066667,2417,0,person,0.355437,394.84,81.78,433.27,191.47
1052,35.066667,2387,2,helmet,0.725515,250.04,46.70,270.28,60.52
1052,35.066667,2661,0,person,0.360636,240.73,46.38,280.77,154.76
1052,35.066667,2691,0,person,0.525169,410.42,6.47,441.16,89.31
1053,35.100000,2417,0,person,0.321799,394.42,82.26,433.17,192.19
1053,35.100000,2387,2,helmet,0.721005,249.71,47.05,269.79,60.70
1053,35.100000,2661,0,person,0.351239,240.35,46.67,280.42,155.08
1053,35.100000,2691,0,person,0.522633,409.89,7.26,440.88,90.70
1053,35.100000,2709,76,gloves,0.275902,272.33,96.45,282.43,112.32
1054,35.133333,2417,0,person,0.368013,393.38,82.70,432.66,192.76
1054,35.133333,2387,2,helmet,0.706583,249.55,47.68,269.95,61.53
1054,35.133333,2661,0,person,0.342584,240.02,47.30,279.94,155.66
1054,35.133333,2691,0,person,0.504087,409.96,7.87,440.97,91.24
1054,35.133333,2727,2,helmet,0.489753,330.20,50.36,346.92,65.71
1054,35.133333,2709,76,gloves,0.332034,272.37,97.16,282.30,112.78
1054,35.133333,2706,0,person,0.277140,266.12,30.11,303.86,132.98
1055,35.166667,2417,0,person,0.356086,393.19,82.81,432.92,193.20
1055,35.166667,2387,2,helmet,0.713270,249.48,47.90,270.06,61.85
1055,35.166667,2661,0,person,0.361755,239.97,47.56,279.86,156.14
1055,35.166667,2691,0,person,0.503645,409.90,8.31,440.78,91.21
1055,35.166667,2727,2,helmet,0.515270,330.27,50.34,346.96,65.67
1055,35.166667,2709,76,gloves,0.356692,272.37,97.40,282.26,112.98
1055,35.166667,2706,0,person,0.306875,266.60,30.19,303.47,133.25
1055,35.166667,2546,0,person,0.302139,288.38,48.92,324.19,164.74
1056,35.200000,2417,0,person,0.343748,393.09,83.06,433.30,193.57
1056,35.200000,2387,2,helmet,0.722018,249.42,48.13,270.08,62.12
1056,35.200000,2661,0,person,0.343420,239.79,47.80,279.53,156.51
1056,35.200000,2691,0,person,0.483385,409.54,8.90,441.58,95.18
1056,35.200000,2727,2,helmet,0.441617,330.38,50.32,346.80,65.39
1056,35.200000,2709,76,gloves,0.275321,272.34,97.52,282.29,113.24
1056,35.200000,2706,0,person,0.315133,266.92,30.56,302.86,133.40
1056,35.200000,2546,0,person,0.301949,289.74,46.02,325.08,164.69
1056,35.200000,2683,37,shelf,0.261906,437.79,0.90,537.93,109.82
1057,35.233333,2417,0,person,0.320916,393.58,82.68,434.32,193.54
1057,35.233333,2387,2,helmet,0.714957,249.80,48.31,270.43,62.27
1057,35.233333,2661,0,person,0.367008,240.41,48.07,280.05,156.74
1057,35.233333,2691,0,person,0.479619,409.69,9.79,442.78,99.41
1057,35.233333,2727,2,helmet,0.314777,330.56,49.50,347.29,64.85
1057,35.233333,2709,76,gloves,0.360349,272.56,97.59,282.55,113.36
1057,35.233333,2706,0,person,0.310852,267.67,30.85,302.91,133.72
1057,35.233333,2546,0,person,0.331559,291.45,46.01,326.33,164.54
1057,35.233333,2683,37,shelf,0.261596,438.38,0.98,538.06,109.88
1058,35.266667,2417,0,person,0.327878,393.76,82.49,434.85,193.43
1058,35.266667,2387,2,helmet,0.714051,250.15,48.37,270.74,62.30
1058,35.266667,2661,0,person,0.355311,240.69,48.09,280.21,156.66
1058,35.266667,2691,0,person,0.519628,410.05,10.00,443.37,100.65
1058,35.266667,2727,2,helmet,0.309202,330.63,49.08,347.42,64.48
1058,35.266667,2709,76,gloves,0.388382,272.80,97.60,282.81,113.42
1058,35.266667,2706,0,person,0.288105,268.29,30.91,302.82,133.58
1058,35.266667,2546,0,person,0.255720,291.78,46.49,325.57,164.21
1058,35.266667,2683,37,shelf,0.252566,438.74,1.02,538.16,109.86
1059,35.300000,2417,0,person,0.327624,394.50,82.25,435.98,193.18
1059,35.300000,2387,2,helmet,0.709941,250.21,48.22,270.69,62.08
1059,35.300000,2661,0,person,0.320487,240.81,47.87,280.25,156.43
1059,35.300000,2691,0,person,0.498059,411.06,10.63,443.62,99.43
1059,35.300000,2727,2,helmet,0.399894,330.77,48.43,347.52,63.77
1059,35.300000,2709,76,gloves,0.331330,272.89,97.42,282.95,113.35
1060,35.333333,2417,0,person,0.331049,394.54,82.12,436.41,193.10
1060,35.333333,2387,2,helmet,0.701560,250.29,48.04,270.62,61.80
1060,35.333333,2661,0,person,0.325836,240.56,47.65,279.80,156.12
1060,35.333333,2691,0,person,0.538650,411.82,11.63,444.01,99.59
1060,35.333333,2727,2,helmet,0.318000,331.41,48.09,347.93,63.17
1060,35.333333,2706,0,person,0.276041,268.34,29.64,302.47,132.66
1061,35.366667,2417,0,person,0.354087,394.17,82.11,436.49,193.21
1061,35.366667,2387,2,helmet,0.709383,250.27,47.64,270.72,61.48
1061,35.366667,2661,0,person,0.369581,241.03,47.24,280.27,155.73
1061,35.366667,2691,0,person,0.543888,412.12,11.99,444.15,99.65
1061,35.366667,2727,2,helmet,0.348964,331.42,47.52,348.39,63.03
1061,35.366667,2706,0,person,0.370829,268.77,28.98,302.63,132.50
1061,35.366667,2546,0,person,0.308961,291.49,46.56,323.64,162.56
1061,35.366667,2709,76,gloves,0.252794,272.77,96.85,282.95,113.04
1062,35.400000,2417,0,person,0.320487,393.10,84.11,434.82,192.71
1062,35.400000,2387,2,helmet,0.745334,251.04,49.27,271.72,63.32
1062,35.400000,2661,0,person,0.365760,242.19,48.95,280.90,156.25
1062,35.400000,2691,0,person,0.447520,410.82,14.14,442.47,101.04
1062,35.400000,2706,0,person,0.331501,269.06,30.55,302.10,133.19
1062,35.400000,2546,0,person,0.296148,291.90,47.62,322.62,161.99
1062,35.400000,2709,76,gloves,0.281745,273.23,97.62,283.34,113.64
1062,35.400000,2644,46,box,0.277973,108.91,232.25,207.43,332.76
1062,35.400000,2683,31,truck,0.278317,436.53,3.83,534.06,110.91
1063,35.433333,2417,0,person,0.330894,392.63,84.68,434.31,192.34
1063,35.433333,2387,2,helmet,0.731090,251.45,49.83,272.12,63.91
1063,35.433333,2661,0,person,0.367616,242.91,49.54,281.32,156.19
1063,35.433333,2691,0,person,0.449940,410.37,14.93,441.79,101.43
1063,35.433333,2706,0,person,0.303623,269.29,31.07,301.74,133.55
1063,35.433333,2546,0,person,0.290317,292.27,48.17,322.03,161.95
1063,35.433333,2709,76,gloves,0.429426,273.46,98.45,283.27,113.90
1063,35.433333,2644,46,box,0.308895,108.95,232.24,207.50,332.82
1063,35.433333,2683,31,truck,0.310588,436.43,4.18,533.55,110.96
1064,35.466667,2417,0,person,0.318050,392.89,85.69,434.48,192.14
1064,35.466667,2387,2,helmet,0.741462,251.58,50.01,272.33,64.19
1064,35.466667,2661,0,person,0.375002,243.17,49.77,281.47,156.27
1064,35.466667,2691,0,person,0.395119,411.63,17.57,442.08,101.37
1064,35.466667,2706,0,person,0.274841,269.45,31.51,301.27,133.74
1064,35.466667,2546,0,person,0.273425,292.45,48.46,321.48,161.99
1064,35.466667,2709,76,gloves,0.437096,273.53,98.72,283.28,114.00
1064,35.466667,2644,46,box,0.341021,108.93,232.31,207.42,332.79
1064,35.466667,2683,31,truck,0.257371,436.56,4.38,533.36,110.97
1064,35.466667,2727,2,helmet,0.323839,332.58,48.45,349.37,63.75
1065,35.500000,2417,0,person,0.318514,393.70,86.06,435.59,192.45
1065,35.500000,2387,2,helmet,0.739015,251.80,50.26,272.64,64.50
1065,35.500000,2661,0,person,0.394301,243.48,49.99,281.67,156.28
1065,35.500000,2691,0,person,0.427581,412.26,18.91,442.08,101.00
1065,35.500000,2706,0,person,0.308177,269.82,31.74,301.09,133.74
1065,35.500000,2546,0,person,0.302478,292.88,48.10,321.44,161.92
1065,35.500000,2709,76,gloves,0.375182,273.60,98.74,283.45,114.13
1065,35.500000,2644,46,box,0.276388,109.24,232.31,207.64,332.80
1065,35.500000,2727,2,helmet,0.274772,333.28,48.75,350.23,63.99
1066,35.533333,2417,0,person,0.330434,394.91,86.47,436.78,192.15
1066,35.533333,2387,2,helmet,0.726203,251.94,50.53,272.83,64.84
1066,35.533333,2661,0,person,0.404508,243.56,50.20,281.69,156.43
1066,35.533333,2691,0,person,0.375015,414.00,20.08,443.72,101.30
1066,35.533333,2706,0,person,0.329285,270.12,31.81,301.03,133.96
1066,35.533333,2546,0,person,0.331813,293.37,47.73,321.56,161.76
1066,35.533333,2709,76,gloves,0.316254,273.62,98.75,283.53,114.19
1066,35.533333,2727,2,helmet,0.307259,333.68,48.83,350.25,63.76
1066,35.533333,2683,37,shelf,0.279563,436.10,4.35,532.85,111.14
1067,35.566667,2417,0,person,0.379080,395.06,87.13,437.05,192.20
1067,35.566667,2387,2,helmet,0.728510,252.07,50.82,272.86,65.08
1067,35.566667,2661,0,person,0.405192,243.61,50.42,281.63,156.44
1067,35.566667,2691,0,person,0.411786,414.81,21.10,444.38,101.49
1067,35.566667,2706,0,person,0.330207,270.41,32.06,300.92,133.99
1067,35.566667,2546,0,person,0.362084,293.90,47.86,321.79,161.75
1067,35.566667,2709,76,gloves,0.292121,273.69,99.02,283.53,114.30
1067,35.566667,2727,2,helmet,0.301228,333.78,48.74,350.28,63.59
1067,35.566667,2683,37,shelf,0.306127,436.21,4.59,532.68,111.26
1067,35.566667,2644,46,box,0.250080,109.20,232.45,207.68,333.12
1068,35.600000,2417,0,person,0.358039,394.87,86.26,437.74,192.61
1068,35.600000,2387,2,helmet,0.729208,251.97,50.36,272.70,64.59
1068,35.600000,2661,0,person,0.420378,243.63,50.05,281.76,156.34
1068,35.600000,2691,0,person,0.420972,415.79,21.00,445.28,100.44
1068,35.600000,2706,0,person,0.352498,270.55,31.77,300.79,133.89
1068,35.600000,2546,0,person,0.383409,294.18,47.53,321.85,161.56
1068,35.600000,2709,76,gloves,0.379686,273.64,98.85,283.57,114.22
1068,35.600000,2727,2,helmet,0.338398,334.01,48.32,350.41,63.04
1068,35.600000,2683,37,shelf,0.253565,436.41,4.18,533.08,111.26
1068,35.600000,2644,46,box,0.303808,109.41,232.36,207.81,333.18
1068,35.600000,2669,0,person,0.373617,284.39,0.19,312.22,46.09
1069,35.633333,2417,0,person,0.314839,396.07,86.50,439.34,193.49
1069,35.633333,2387,2,helmet,0.723251,251.83,49.79,272.73,64.18
1069,35.633333,2661,0,person,0.368601,243.46,49.59,281.76,156.49
1069,35.633333,2691,0,person,0.399692,417.11,21.14,447.10,101.54
1069,35.633333,2706,0,person,0.306565,270.48,31.27,300.58,133.78
1069,35.633333,2546,0,person,0.319174,294.28,47.50,321.65,161.52
1069,35.633333,2709,76,gloves,0.261026,273.47,98.24,283.51,113.83
1069,35.633333,2644,46,box,0.489744,109.23,232.60,207.52,333.54
1069,35.633333,2669,0,person,0.350050,285.44,0.27,311.33,45.96
1070,35.666667,2417,0,person,0.325231,397.68,82.85,441.91,192.39
1070,35.666667,2387,2,helmet,0.726602,251.73,49.24,272.65,63.68
1070,35.666667,2661,0,person,0.393070,243.23,49.08,281.59,156.23
1070,35.666667,2691,0,person,0.468615,418.81,21.09,449.12,102.09
1070,35.666667,2706,0,person,0.339083,270.72,30.20,300.51,132.50
1070,35.666667,2546,0,person,0.379400,294.59,47.53,321.75,161.51
1070,35.666667,2709,76,gloves,0.269423,273.89,98.58,283.71,113.68
1070,35.666667,2644,46,box,0.329046,108.62,232.87,206.68,333.39
1070,35.666667,2669,0,person,0.375182,286.24,0.22,310.92,45.65
1070,35.666667,2727,2,helmet,0.424491,336.75,47.50,352.56,61.56
1071,35.700000,2417,0,person,0.368246,399.00,81.72,443.44,191.80
1071,35.700000,2387,2,helmet,0.721571,251.98,48.78,272.60,63.01
1071,35.700000,2661,0,person,0.380885,243.47,48.50,281.94,155.97
1071,35.700000,2691,0,person,0.497629,420.10,20.45,450.89,102.59
1071,35.700000,2706,0,person,0.392681,270.79,29.06,300.56,131.58
1071,35.700000,2546,0,person,0.388292,294.80,46.94,321.82,161.16
1071,35.700000,2709,76,gloves,0.269843,274.14,98.27,284.04,113.42
1071,35.700000,2644,46,box,0.393718,108.18,233.09,207.18,334.70
1071,35.700000,2669,0,person,0.277449,287.05,0.21,310.82,45.23
1071,35.700000,2727,2,helmet,0.445456,337.52,46.54,353.63,60.80
1072,35.733333,2417,0,person,0.321407,400.42,82.15,444.73,191.95
1072,35.733333,2387,2,helmet,0.713707,251.97,48.37,272.46,62.50
1072,35.733333,2661,0,person,0.404178,243.29,48.10,281.86,155.88
1072,35.733333,2691,0,person,0.473921,421.66,20.11,452.55,102.15
1072,35.733333,2706,0,person,0.393832,271.11,28.41,300.69,130.81
1072,35.733333,2546,0,person,0.364582,294.97,46.36,321.90,161.15
1072,35.733333,2644,46,box,0.419376,107.64,233.20,206.83,335.07
1072,35.733333,2727,2,helmet,0.473159,337.52,45.68,354.33,60.44
1073,35.766667,2417,0,person,0.289579,399.79,83.34,445.44,195.70
1073,35.766667,2387,2,helmet,0.733866,251.79,47.71,272.43,61.93
1073,35.766667,2661,0,person,0.409703,243.39,47.44,282.17,155.70
1073,35.766667,2691,0,person,0.546436,423.90,19.89,455.00,101.96
1073,35.766667,2706,0,person,0.417688,271.48,27.96,301.00,130.49
1073,35.766667,2546,0,person,0.356145,295.11,45.32,322.00,161.07
1073,35.766667,2644,46,box,0.258740,106.89,233.39,206.50,335.72
1073,35.766667,2727,2,helmet,0.310721,339.33,45.04,356.74,60.27
1073,35.766667,2669,0,person,0.277907,285.44,0.26,309.28,44.44
1074,35.800000,2417,0,person,0.331239,401.68,81.74,447.53,194.40
1074,35.800000,2387,2,helmet,0.743667,251.99,47.11,272.73,61.37
1074,35.800000,2661,0,person,0.400208,243.46,46.83,282.55,155.89
1074,35.800000,2691,0,person,0.552687,425.27,19.46,456.66,101.63
1074,35.800000,2706,0,person,0.399586,271.81,27.39,301.33,130.46
1074,35.800000,2546,0,person,0.332884,295.41,44.50,322.26,161.04
1074,35.800000,2644,46,box,0.306695,106.32,233.59,206.38,336.43
1074,35.800000,2709,76,gloves,0.253826,275.00,98.32,284.37,112.57
1075,35.833333,2417,0,person,0.357032,399.96,82.85,446.86,196.74
1075,35.833333,2387,2,helmet,0.723026,252.77,47.80,273.25,61.84
1075,35.833333,2661,0,person,0.436071,243.97,47.39,282.81,155.90
1075,35.833333,2691,0,person,0.610071,426.22,20.73,457.77,102.78
1075,35.833333,2706,0,person,0.438305,272.27,27.89,301.53,130.70
1075,35.833333,2546,0,person,0.371583,295.84,44.87,322.36,160.94
1075,35.833333,2644,46,box,0.336482,107.35,233.72,206.93,336.10
1075,35.833333,2727,2,helmet,0.364497,342.90,45.94,359.70,60.50
1075,35.833333,2669,0,person,0.333807,285.41,0.22,309.60,44.62
1076,35.866667,2417,0,person,0.445424,401.07,82.91,447.53,194.73
1076,35.866667,2387,2,helmet,0.733471,253.31,48.09,273.65,62.01
1076,35.866667,2661,0,person,0.451576,244.20,47.63,282.90,155.83
1076,35.866667,2691,0,person,0.591284,427.34,21.32,459.04,103.36
1076,35.866667,2706,0,person,0.444987,272.57,28.07,301.52,130.53
1076,35.866667,2546,0,person,0.408245,295.78,45.02,322.16,160.96
1076,35.866667,2644,46,box,0.338283,107.81,233.78,207.15,335.93
1076,35.866667,2727,2,helmet,0.396897,344.60,46.25,361.22,60.57
1076,35.866667,2669,0,person,0.354688,285.53,0.20,309.93,44.72
1077,35.900000,2417,0,person,0.395818,401.19,83.07,447.43,193.41
1077,35.900000,2387,2,helmet,0.727835,253.02,48.02,273.55,62.04
1077,35.900000,2661,0,person,0.433554,244.13,47.59,282.79,155.90
1077,35.900000,2691,0,person,0.583846,427.79,21.73,459.53,103.43
1077,35.900000,2706,0,person,0.426265,272.59,28.17,301.24,130.31
1077,35.900000,2546,0,person,0.403769,295.99,45.18,322.26,160.90
1077,35.900000,2644,46,box,0.352291,108.30,233.55,207.09,335.13
1077,35.900000,2727,2,helmet,0.344903,344.86,45.85,361.91,60.56
1077,35.900000,2669,0,person,0.302653,285.38,0.21,309.87,44.59
1077,35.900000,2749,0,person,0.313864,357.45,78.02,404.18,192.67
1078,35.933333,2417,0,person,0.426845,400.54,81.69,447.54,193.22
1078,35.933333,2387,2,helmet,0.713005,252.88,48.01,273.57,62.14
1078,35.933333,2661,0,person,0.410118,243.77,47.62,282.23,155.74
1078,35.933333,2691,0,person,0.581291,428.12,22.47,459.78,103.52
1078,35.933333,2706,0,person,0.396047,272.42,28.04,300.86,130.05
1078,35.933333,2546,0,person,0.376740,295.74,45.26,321.99,160.66
1078,35.933333,2644,15,concrete block,0.372662,108.50,232.97,207.11,334.36
1078,35.933333,2727,2,helmet,0.546488,345.52,45.41,362.93,60.41
1078,35.933333,2669,0,person,0.335032,285.17,0.20,309.81,44.58
1078,35.933333,2749,0,person,0.305808,357.94,78.60,404.13,191.91
1078,35.933333,2750,46,box,0.339419,108.66,232.78,206.88,333.97
1079,35.966667,2417,0,person,0.464288,400.53,81.86,447.57,192.82
1079,35.966667,2387,2,helmet,0.719435,252.82,48.01,273.57,62.16
1079,35.966667,2661,0,person,0.452855,243.74,47.64,282.02,155.68
1079,35.966667,2691,0,person,0.641209,428.57,23.27,460.14,103.71
1079,35.966667,2706,0,person,0.453050,272.34,28.15,300.58,130.07
1079,35.966667,2546,0,person,0.413613,295.71,45.50,321.94,160.63
1079,35.966667,2727,2,helmet,0.420764,346.09,45.21,363.92,60.56
1079,35.966667,2669,0,person,0.307651,285.08,0.21,309.82,44.58
1079,35.966667,2749,0,person,0.299674,358.74,78.72,404.88,191.78
1080,36.000000,2417,0,person,0.436550,400.38,81.21,447.70,192.33
1080,36.000000,2387,2,helmet,0.730319,253.10,47.98,273.66,61.99
1080,36.000000,2661,0,person,0.481997,243.57,47.57,281.68,155.72
1080,36.000000,2691,0,person,0.644153,428.69,23.60,460.25,103.68
1080,36.000000,2706,0,person,0.485320,272.63,28.26,300.52,129.24
1080,36.000000,2546,0,person,0.463807,295.81,45.29,322.03,160.43
1080,36.000000,2727,2,helmet,0.470944,346.46,45.20,364.27,60.49
1080,36.000000,2669,0,person,0.512003,284.70,0.18,309.64,44.55
1080,36.000000,2749,0,person,0.289702,358.92,79.08,404.97,191.71
1081,36.033333,2417,0,person,0.384597,401.30,80.80,448.74,192.04
1081,36.033333,2387,2,helmet,0.735219,252.75,47.44,273.47,61.56
1081,36.033333,2661,0,person,0.461763,243.39,47.07,281.47,155.63
1081,36.033333,2691,0,person,0.600599,429.46,23.33,461.22,103.64
1081,36.033333,2706,0,person,0.484592,272.61,27.86,300.40,128.57
1081,36.033333,2546,0,person,0.453698,295.37,44.69,321.64,160.21
1081,36.033333,2727,2,helmet,0.509534,347.32,44.64,365.35,60.09
1081,36.033333,2669,0,person,0.278687,284.52,0.18,309.48,44.20
1082,36.066667,2417,0,person,0.419145,403.18,79.88,450.26,190.99
1082,36.066667,2387,2,helmet,0.744120,252.55,47.09,273.39,61.28
1082,36.066667,2661,0,person,0.481710,243.51,46.76,281.51,155.44
1082,36.066667,2691,0,person,0.544869,430.40,23.59,462.42,104.10
1082,36.066667,2706,0,person,0.499428,272.47,27.51,300.30,128.48
1082,36.066667,2546,0,person,0.472824,295.01,44.35,321.35,160.04
1082,36.066667,2727,2,helmet,0.339802,348.64,44.37,366.63,59.85
1083,36.100000,2417,0,person,0.448881,403.87,79.36,450.74,190.70
1083,36.100000,2387,2,helmet,0.746945,252.46,46.95,273.37,61.18
1083,36.100000,2661,0,person,0.502874,243.51,46.64,281.41,155.38
1083,36.100000,2691,0,person,0.559212,430.56,23.46,462.83,104.24
1083,36.100000,2706,0,person,0.520004,272.42,27.38,300.22,128.29
1083,36.100000,2546,0,person,0.486640,294.84,44.21,321.18,159.76
1083,36.100000,2727,2,helmet,0.302083,349.01,44.06,367.14,59.74
1083,36.100000,2749,0,person,0.259671,358.30,76.69,405.05,190.96
1084,36.133333,2417,0,person,0.390279,405.77,79.55,452.21,190.81
1084,36.133333,2387,2,helmet,0.753070,252.68,46.90,273.61,61.14
1084,36.133333,2661,0,person,0.495299,243.65,46.60,281.46,155.53
1084,36.133333,2691,0,person,0.305708,431.51,24.98,463.70,105.30
1084,36.133333,2706,0,person,0.492425,272.65,27.33,300.46,128.47
1084,36.133333,2546,0,person,0.457770,294.95,44.17,321.31,159.75
1084,36.133333,2727,2,helmet,0.275158,349.72,44.14,367.27,59.18
1084,36.133333,2669,0,person,0.353899,284.63,0.19,309.54,43.74
1085,36.166667,2417,0,person,0.470032,408.31,79.70,453.86,190.05
1085,36.166667,2387,2,helmet,0.751000,253.20,46.75,274.14,60.98
1085,36.166667,2661,0,person,0.509629,244.80,46.22,282.60,155.16
1085,36.166667,2691,0,person,0.488055,433.10,25.18,464.31,102.25
1085,36.166667,2706,0,person,0.497146,273.15,27.43,300.75,128.11
1085,36.166667,2546,0,person,0.460188,296.02,43.90,322.33,159.40
1085,36.166667,2669,0,person,0.314256,285.21,0.21,310.18,43.71
1085,36.166667,2749,0,person,0.285006,361.99,76.80,408.89,190.58
1086,36.200000,2417,0,person,0.423553,409.83,79.75,454.74,189.49
1086,36.200000,2387,2,helmet,0.754013,253.61,46.34,274.61,60.58
1086,36.200000,2661,0,person,0.500664,245.54,45.79,283.34,154.61
1086,36.200000,2691,0,person,0.393023,433.61,24.62,465.24,102.20
1086,36.200000,2706,0,person,0.504559,273.44,26.95,301.00,127.62
1086,36.200000,2546,0,person,0.427051,296.74,43.51,323.15,158.91
1087,36.233333,2417,0,person,0.352759,411.85,79.44,456.52,189.23
1087,36.233333,2387,2,helmet,0.754669,253.48,46.00,274.72,60.39
1087,36.233333,2661,0,person,0.536127,245.77,45.39,283.71,154.39
1087,36.233333,2691,0,person,0.436652,434.27,26.70,466.33,104.85
1087,36.233333,2706,0,person,0.519018,273.42,26.65,300.96,127.42
1087,36.233333,2546,0,person,0.434313,296.96,43.13,323.48,158.70
1088,36.266667,2417,0,person,0.430625,413.75,79.44,457.43,187.55
1088,36.266667,2387,2,helmet,0.757568,253.60,45.89,274.91,60.31
1088,36.266667,2661,0,person,0.604174,245.88,45.27,283.85,154.32
1088,36.266667,2691,0,person,0.450184,435.31,28.93,467.72,107.65
1088,36.266667,2706,0,person,0.589033,273.48,26.55,301.07,127.76
1088,36.266667,2546,0,person,0.532623,297.12,43.02,323.70,158.59
1088,36.266667,2749,0,person,0.370144,364.80,76.09,412.71,190.47
1089,36.300000,2417,0,person,0.448310,414.95,79.64,458.55,188.28
1089,36.300000,2387,2,helmet,0.749449,254.34,46.03,275.30,60.17
1089,36.300000,2661,0,person,0.596385,246.48,45.48,284.50,154.54
1089,36.300000,2691,0,person,0.469749,436.33,29.68,468.97,108.68
1089,36.300000,2706,0,person,0.577131,274.01,26.64,301.66,128.08
1089,36.300000,2546,0,person,0.537826,297.59,43.31,324.14,158.65
1089,36.300000,2749,0,person,0.382829,365.43,76.19,414.15,190.76
1090,36.333333,2417,0,person,0.463082,415.84,79.50,459.35,188.77
1090,36.333333,2387,2,helmet,0.745159,254.70,45.91,275.67,60.03
1090,36.333333,2661,0,person,0.560669,246.43,45.33,284.38,154.36
1090,36.333333,2691,0,person,0.434327,436.62,29.63,470.57,111.86
1090,36.333333,2706,0,person,0.531955,273.78,26.49,301.31,127.59
1090,36.333333,2546,0,person,0.515235,297.81,43.33,324.30,158.53
1090,36.333333,2749,0,person,0.324342,366.26,76.54,415.72,190.72
1091,36.366667,2417,0,person,0.414946,416.68,79.25,460.20,189.12
1091,36.366667,2387,2,helmet,0.728080,255.15,45.65,276.20,59.86
1091,36.366667,2661,0,person,0.507293,246.48,45.04,284.34,154.13
1091,36.366667,2691,0,person,0.333141,436.00,29.65,474.28,124.15
1091,36.366667,2706,0,person,0.447188,273.65,26.07,301.21,127.51
1091,36.366667,2546,0,person,0.487897,298.10,43.18,324.58,158.45
1091,36.366667,2749,0,person,0.318141,367.60,76.71,417.88,190.71
1092,36.400000,2417,0,person,0.440780,417.47,78.23,461.18,188.97
1092,36.400000,2387,2,helmet,0.749288,255.57,45.38,276.68,59.67
1092,36.400000,2661,0,person,0.507565,246.75,44.83,284.51,154.03
1092,36.400000,2691,0,person,0.425598,437.20,29.72,475.20,124.86
1092,36.400000,2706,0,person,0.453886,273.56,25.64,301.08,127.24
1092,36.400000,2546,0,person,0.522274,298.55,42.75,325.03,158.30
1092,36.400000,2749,0,person,0.340304,367.23,77.87,418.07,190.77
1093,36.433333,2417,0,person,0.434741,417.96,76.76,462.25,188.95
1093,36.433333,2387,2,helmet,0.751693,255.87,45.08,276.96,59.42
1093,36.433333,2661,0,person,0.509219,246.99,44.64,284.66,153.83
1093,36.433333,2691,0,person,0.505205,438.90,29.70,475.91,123.42
1093,36.433333,2706,0,person,0.456917,273.42,25.48,300.83,127.06
1093,36.433333,2546,0,person,0.520591,298.73,42.55,325.17,158.06
1093,36.433333,2749,0,person,0.382557,367.67,75.96,419.72,189.61
1094,36.466667,2417,0,person,0.440811,418.71,76.64,463.18,188.89
1094,36.466667,2387,2,helmet,0.734832,256.01,44.98,277.02,59.30
1094,36.466667,2661,0,person,0.515914,246.95,44.58,284.48,153.76
1094,36.466667,2691,0,person,0.537171,440.29,29.63,476.42,121.90
1094,36.466667,2706,0,person,0.458601,273.57,25.41,300.86,126.83
1094,36.466667,2546,0,person,0.520978,298.84,42.36,325.23,157.95
1094,36.466667,2749,0,person,0.405885,367.90,74.89,421.07,189.03
1095,36.500000,2417,0,person,0.440723,418.92,76.60,463.53,188.87
1095,36.500000,2387,2,helmet,0.734891,256.07,44.95,277.03,59.26
1095,36.500000,2661,0,person,0.516508,246.96,44.56,284.38,153.74
1095,36.500000,2691,0,person,0.537175,440.87,29.58,476.50,121.25
1095,36.500000,2706,0,person,0.459168,273.64,25.40,300.85,126.75
1095,36.500000,2546,0,person,0.520506,298.90,42.30,325.23,157.91
1095,36.500000,2749,0,person,0.405647,367.72,74.50,421.79,188.82
1095,36.500000,2759,0,person,0.310544,350.53,66.32,403.18,174.91
1096,36.533333,2417,0,person,0.378926,419.83,76.22,464.89,188.97
1096,36.533333,2387,2,helmet,0.733859,256.23,44.93,276.95,59.09
1096,36.533333,2661,0,person,0.500267,247.01,44.60,284.31,153.72
1096,36.533333,2691,0,person,0.440101,441.51,29.44,478.01,124.32
1096,36.533333,2706,0,person,0.443623,273.71,24.60,300.98,126.45
1096,36.533333,2546,0,person,0.484774,298.93,42.34,325.17,157.73
1096,36.533333,2749,0,person,0.313902,369.28,73.81,423.89,188.17
1096,36.533333,2761,76,gloves,0.392431,305.97,103.62,319.28,116.91
1097,36.566667,2417,0,person,0.397795,420.98,75.30,466.52,188.52
1097,36.566667,2387,2,helmet,0.744058,256.02,44.67,277.28,59.27
1097,36.566667,2661,0,person,0.506598,247.13,44.53,284.32,153.51
1097,36.566667,2691,0,person,0.481412,441.76,29.31,478.82,126.30
1097,36.566667,2706,0,person,0.436486,273.84,24.25,301.05,126.22
1097,36.566667,2546,0,person,0.467568,299.06,42.07,325.31,157.64
1097,36.566667,2749,0,person,0.279224,372.84,73.09,427.23,187.13
1097,36.566667,2761,76,gloves,0.498677,306.04,103.41,319.39,116.75
1098,36.600000,2417,0,person,0.380451,421.15,74.66,466.96,187.98
1098,36.600000,2387,2,helmet,0.728472,256.39,44.27,277.35,58.65
1098,36.600000,2661,0,person,0.499208,247.35,44.48,284.51,153.54
1098,36.600000,2691,0,person,0.464008,442.51,29.06,478.92,124.58
1098,36.600000,2706,0,person,0.397754,274.37,23.99,301.62,126.04
1098,36.600000,2546,0,person,0.418878,299.73,41.97,325.91,157.28
1098,36.600000,2749,0,person,0.268135,374.67,72.78,428.82,186.44
1098,36.600000,2761,76,gloves,0.507259,306.33,102.66,320.12,116.47
1099,36.633333,2417,0,person,0.360539,421.16,75.88,466.60,187.64
1099,36.633333,2387,2,helmet,0.716456,256.87,43.93,277.37,57.94
1099,36.633333,2661,0,person,0.442581,247.63,44.09,284.77,153.27
1099,36.633333,2691,0,person,0.437398,442.69,28.75,479.93,126.74
1099,36.633333,2706,0,person,0.353901,274.79,23.21,302.22,125.52
1099,36.633333,2546,0,person,0.395578,299.95,41.52,326.10,156.94
1099,36.633333,2749,0,person,0.269695,376.84,72.54,430.59,185.68
1099,36.633333,2761,76,gloves,0.390400,306.39,102.03,320.43,116.13
1100,36.666667,2417,0,person,0.399483,420.67,75.16,466.50,187.76
1100,36.666667,2387,2,helmet,0.714939,256.99,43.92,277.33,57.82
1100,36.666667,2661,0,person,0.463337,247.67,44.13,284.72,153.26
1100,36.666667,2691,0,person,0.299528,443.13,28.65,480.65,127.65
1100,36.666667,2706,0,person,0.371256,274.88,23.14,302.43,125.53
1100,36.666667,2546,0,person,0.425582,300.04,41.48,326.12,156.81
1100,36.666667,2749,0,person,0.276826,378.78,72.84,432.23,186.13
1100,36.666667,2761,76,gloves,0.381858,306.19,101.91,320.34,116.16
