frame,time_s,cls_name,conf,x1,y1,x2,y2
0,0.000000,person,0.615979,317.11,67.34,396.73,300.16
0,0.000000,person,0.606626,408.52,90.88,462.16,288.71
1,0.040000,person,0.616091,317.10,67.33,396.74,300.16
1,0.040000,person,0.606549,408.53,90.89,462.15,288.70
2,0.080000,person,0.635276,316.82,67.39,396.81,300.03
2,0.080000,person,0.628695,408.66,90.73,462.03,289.30
3,0.120000,person,0.641639,316.59,67.58,396.81,300.12
3,0.120000,person,0.633230,408.34,91.74,461.58,289.20
4,0.160000,person,0.657890,316.36,67.28,396.39,300.02
4,0.160000,person,0.652410,407.87,91.28,461.89,290.61
5,0.200000,person,0.646062,406.25,87.86,461.92,293.61
5,0.200000,person,0.624215,316.63,67.35,396.53,299.78
6,0.240000,person,0.658986,408.21,92.11,461.21,288.81
6,0.240000,person,0.614813,316.68,67.19,396.40,299.71
7,0.280000,person,0.655874,408.07,92.13,461.35,290.48
7,0.280000,person,0.632310,316.34,66.90,396.13,299.68
8,0.320000,person,0.658884,407.89,92.69,461.16,290.21
8,0.320000,person,0.622481,316.59,66.66,395.82,299.38
9,0.360000,person,0.646935,408.13,92.71,460.71,291.52
9,0.360000,person,0.607398,316.45,67.03,396.00,299.09
10,0.400000,person,0.656749,316.06,66.94,395.95,299.40
10,0.400000,person,0.638202,408.15,93.22,460.50,291.12
11,0.440000,person,0.655534,408.08,93.61,460.61,290.50
11,0.440000,person,0.635221,316.28,67.66,395.80,299.57
12,0.480000,person,0.630748,408.01,93.73,460.50,289.97
12,0.480000,person,0.628753,316.33,67.39,395.26,299.72
13,0.520000,person,0.646774,408.25,93.70,460.02,290.94
13,0.520000,person,0.627239,316.01,67.19,395.32,299.37
14,0.560000,person,0.654273,316.16,66.89,395.50,299.57
14,0.560000,person,0.620181,408.38,93.92,459.35,292.39
15,0.600000,person,0.627605,406.31,89.86,459.47,291.30
15,0.600000,person,0.602911,315.87,66.89,393.75,299.50
16,0.640000,person,0.620764,405.56,91.20,459.54,291.30
16,0.640000,person,0.558166,316.11,66.41,393.29,299.13
17,0.680000,person,0.640739,404.89,90.84,459.91,287.85
17,0.680000,person,0.538088,315.15,67.41,392.33,298.55
18,0.720000,person,0.688151,405.02,89.86,460.05,287.96
18,0.720000,person,0.519125,315.01,67.52,391.94,298.45
19,0.760000,person,0.683978,404.69,89.41,459.90,287.64
19,0.760000,person,0.530115,315.05,67.36,392.34,298.43
20,0.800000,person,0.675797,404.23,90.27,460.01,289.50
20,0.800000,person,0.526504,314.76,67.26,391.25,298.24
21,0.840000,person,0.682481,404.35,90.17,460.21,290.39
21,0.840000,person,0.484676,314.58,67.56,390.66,298.13
22,0.880000,person,0.683482,404.44,89.48,460.46,289.56
22,0.880000,person,0.488099,314.56,67.96,390.76,297.79
23,0.920000,person,0.715214,404.62,89.37,459.80,290.07
23,0.920000,person,0.457246,314.72,68.45,390.83,297.64
24,0.960000,person,0.694518,404.07,90.43,460.04,289.81
24,0.960000,person,0.447651,314.12,68.45,389.64,298.00
25,1.000000,person,0.702469,404.90,89.13,459.61,291.75
25,1.000000,person,0.420965,314.18,68.71,389.40,297.87
26,1.040000,person,0.725444,404.71,89.54,459.67,289.25
26,1.040000,person,0.416222,314.07,68.76,389.17,297.81
27,1.080000,person,0.727317,404.84,90.42,459.66,290.08
27,1.080000,person,0.411343,314.05,68.73,389.27,297.84
28,1.120000,person,0.735139,404.63,90.47,459.92,290.97
28,1.120000,person,0.438267,313.70,68.55,389.16,297.87
29,1.160000,person,0.712113,405.54,90.68,459.27,291.10
29,1.160000,person,0.431030,313.24,68.31,388.33,297.61
30,1.200000,person,0.705376,405.44,89.38,458.79,291.16
30,1.200000,person,0.409597,312.62,67.94,387.65,297.39
30,1.200000,person,0.260454,338.84,100.10,388.11,292.90
31,1.240000,person,0.696810,405.64,89.11,459.11,290.20
31,1.240000,person,0.400424,312.86,68.36,388.02,297.36
31,1.240000,person,0.257013,339.09,99.25,388.43,292.62
32,1.280000,person,0.686114,405.32,91.23,459.19,290.21
32,1.280000,person,0.414899,312.65,67.73,387.73,297.47
33,1.320000,person,0.679981,405.28,92.51,459.44,291.35
33,1.320000,person,0.387647,312.19,67.21,386.18,297.48
33,1.320000,person,0.285809,336.62,90.71,391.92,289.99
34,1.360000,person,0.693724,404.86,92.36,459.66,292.68
34,1.360000,person,0.407226,311.51,66.90,385.69,297.72
34,1.360000,person,0.275672,336.46,89.91,392.02,289.81
35,1.400000,person,0.688391,404.06,92.05,460.24,293.96
35,1.400000,person,0.413043,311.51,66.97,385.71,297.69
35,1.400000,person,0.277582,338.68,95.98,388.29,291.35
36,1.440000,person,0.683805,405.88,94.95,458.29,291.94
36,1.440000,person,0.415448,311.02,66.88,386.12,297.82
36,1.440000,person,0.270711,339.04,96.67,388.75,291.12
37,1.480000,person,0.646794,405.38,94.78,458.71,294.02
37,1.480000,person,0.446773,311.02,66.61,385.72,298.03
37,1.480000,person,0.260933,338.39,97.73,388.23,291.31
38,1.520000,person,0.625743,405.23,96.25,458.91,294.37
38,1.520000,person,0.447526,310.85,66.37,385.60,297.95
38,1.520000,person,0.269856,337.98,98.12,388.05,291.02
39,1.560000,person,0.622649,404.73,94.47,458.86,293.79
39,1.560000,person,0.442701,310.65,66.25,385.24,297.94
39,1.560000,person,0.274554,337.83,97.14,387.83,291.19
40,1.600000,person,0.595232,405.22,95.57,458.54,293.07
40,1.600000,person,0.453836,310.92,66.40,385.62,298.15
40,1.600000,person,0.287141,337.91,98.02,387.90,291.37
41,1.640000,person,0.606035,404.82,94.79,458.86,293.96
41,1.640000,person,0.450078,310.88,66.17,385.46,298.18
41,1.640000,person,0.290234,337.87,97.35,387.69,291.57
42,1.680000,person,0.601747,403.60,92.69,459.52,294.27
42,1.680000,person,0.493350,310.92,66.74,386.08,298.44
42,1.680000,person,0.278042,337.57,95.83,387.79,292.05
43,1.720000,person,0.631679,404.35,92.57,459.55,292.26
43,1.720000,person,0.479306,310.90,66.85,386.19,298.37
43,1.720000,person,0.279612,337.93,95.92,387.82,291.68
44,1.760000,person,0.664392,404.98,90.36,459.31,290.44
44,1.760000,person,0.468215,311.03,66.90,386.36,298.17
44,1.760000,person,0.279230,337.75,94.62,387.71,291.46
45,1.800000,person,0.677041,405.44,90.67,459.42,289.05
45,1.800000,person,0.472234,311.12,67.27,387.07,298.16
45,1.800000,person,0.267826,338.29,95.42,387.99,291.06
46,1.840000,person,0.673577,405.37,89.70,459.66,288.59
46,1.840000,person,0.495119,311.27,67.14,386.95,298.18
46,1.840000,person,0.266083,337.93,94.44,387.85,290.82
47,1.880000,person,0.660950,405.70,90.72,459.20,289.18
47,1.880000,person,0.499475,311.19,66.79,386.85,298.29
47,1.880000,person,0.270284,338.17,94.31,387.96,290.90
48,1.920000,person,0.647532,406.07,90.87,458.51,289.10
48,1.920000,person,0.509474,310.84,67.38,386.74,298.43
48,1.920000,person,0.279156,338.37,95.63,387.92,290.73
49,1.960000,person,0.677322,405.81,90.34,459.57,293.66
49,1.960000,person,0.512738,311.69,66.89,388.06,299.12
49,1.960000,person,0.279461,338.63,93.39,388.93,291.26
50,2.000000,person,0.700884,405.41,90.06,459.94,291.24
50,2.000000,person,0.546890,311.82,66.69,388.94,298.92
51,2.040000,person,0.698694,403.53,86.79,461.21,292.22
51,2.040000,person,0.599470,312.05,66.72,389.96,299.16
52,2.080000,person,0.667086,402.83,87.36,461.80,293.01
52,2.080000,person,0.585245,312.12,66.66,390.03,299.26
53,2.120000,person,0.674484,403.41,88.82,462.06,293.14
53,2.120000,person,0.608652,311.61,66.68,390.35,299.15
54,2.160000,person,0.656730,403.54,90.38,462.12,294.31
54,2.160000,person,0.604964,311.42,66.28,390.31,299.17
55,2.200000,person,0.658203,403.13,91.14,462.41,294.11
55,2.200000,person,0.640946,310.92,66.59,390.50,299.14
56,2.240000,person,0.684022,403.40,90.86,462.46,293.33
56,2.240000,person,0.589887,311.12,66.84,389.61,299.06
57,2.280000,person,0.684418,403.21,90.31,462.54,293.49
57,2.280000,person,0.605548,311.37,67.38,390.25,299.02
58,2.320000,person,0.668989,403.45,90.61,462.51,293.18
58,2.320000,person,0.542217,311.50,67.75,389.48,298.67
59,2.360000,person,0.667051,403.63,91.89,462.59,292.60
59,2.360000,person,0.546566,312.08,67.51,390.09,298.78
60,2.400000,person,0.664711,403.76,92.22,462.71,293.47
60,2.400000,person,0.558846,312.22,67.01,390.03,298.89
61,2.440000,person,0.662630,403.70,92.75,462.87,293.20
61,2.440000,person,0.556108,311.51,67.18,389.47,299.31
62,2.480000,person,0.648671,403.61,90.72,462.98,294.57
62,2.480000,person,0.549643,311.56,67.07,389.41,299.20
63,2.520000,person,0.623119,403.51,89.01,462.86,294.79
63,2.520000,person,0.580010,312.01,66.63,390.15,299.49
64,2.560000,person,0.606393,403.98,89.03,462.17,295.61
64,2.560000,person,0.601171,312.27,66.46,390.50,299.64
65,2.600000,person,0.591669,404.47,89.76,461.73,294.79
65,2.600000,person,0.558885,312.27,66.34,389.27,299.60
66,2.640000,person,0.575742,404.69,88.48,461.59,295.42
66,2.640000,person,0.539112,312.33,66.79,389.02,299.54
67,2.680000,person,0.552761,404.73,88.53,461.49,294.98
67,2.680000,person,0.530032,312.54,66.48,388.90,299.64
68,2.720000,person,0.565089,406.82,93.56,461.54,292.68
68,2.720000,person,0.533332,311.91,66.56,388.49,299.63
69,2.760000,person,0.592041,407.77,93.22,461.26,291.51
69,2.760000,person,0.546115,312.07,66.43,389.36,299.58
70,2.800000,person,0.610270,406.25,91.18,460.75,294.26
70,2.800000,person,0.532557,312.17,66.65,389.03,299.69
71,2.840000,person,0.596190,407.47,92.90,460.20,296.65
71,2.840000,person,0.501044,312.27,66.83,388.72,299.45
72,2.880000,person,0.625257,407.09,93.89,460.73,293.05
72,2.880000,person,0.524250,312.62,66.67,389.31,299.75
73,2.920000,person,0.586728,407.39,95.09,460.89,292.74
73,2.920000,person,0.506103,313.12,66.53,389.32,300.11
74,2.960000,person,0.623837,406.99,92.33,461.36,295.21
74,2.960000,person,0.538829,312.19,67.17,388.38,300.05
75,3.000000,person,0.612526,407.33,90.98,461.32,294.33
75,3.000000,person,0.548423,312.18,67.05,388.79,300.31
76,3.040000,person,0.659687,406.64,89.55,462.22,294.83
76,3.040000,person,0.554753,312.00,67.11,388.86,299.97
77,3.080000,person,0.665125,405.66,87.04,462.92,297.51
77,3.080000,person,0.564604,311.72,66.94,388.62,300.08
78,3.120000,person,0.648860,405.41,85.99,463.35,299.25
78,3.120000,person,0.563025,311.84,66.76,388.68,300.10
79,3.160000,person,0.623475,405.30,86.71,463.28,299.52
79,3.160000,person,0.596562,311.74,66.68,388.65,300.12
80,3.200000,person,0.641739,404.64,87.43,463.55,296.66
80,3.200000,person,0.606212,312.03,66.47,389.04,299.91
81,3.240000,person,0.622213,404.16,91.28,463.52,296.07
81,3.240000,person,0.586165,312.53,65.56,388.62,299.61
82,3.280000,person,0.607703,404.15,90.80,463.59,296.30
82,3.280000,person,0.584268,312.40,65.53,388.27,299.79
83,3.320000,person,0.626686,403.74,90.89,463.58,295.56
83,3.320000,person,0.591756,312.38,65.30,388.13,299.69
84,3.360000,person,0.633820,403.74,90.68,463.62,295.42
84,3.360000,person,0.596129,312.29,65.58,388.15,299.53
85,3.400000,person,0.635427,403.77,90.29,463.68,295.57
85,3.400000,person,0.579198,312.45,65.54,388.02,299.49
86,3.440000,person,0.627301,403.85,90.89,463.46,295.96
86,3.440000,person,0.507379,312.55,66.04,387.19,299.08
87,3.480000,person,0.607989,404.39,91.39,463.22,297.67
87,3.480000,person,0.515928,312.57,66.00,387.24,299.00
88,3.520000,person,0.629071,404.63,90.53,463.46,298.23
88,3.520000,person,0.544312,312.50,66.03,387.46,299.06
89,3.560000,person,0.632153,404.47,90.63,463.27,297.28
89,3.560000,person,0.499915,312.58,66.13,386.95,299.01
90,3.600000,person,0.634335,404.27,90.84,463.35,297.14
90,3.600000,person,0.479356,312.08,66.02,386.31,298.78
91,3.640000,person,0.628071,405.10,91.56,462.81,298.37
91,3.640000,person,0.485714,311.95,66.36,386.10,298.82
92,3.680000,person,0.638111,405.37,91.22,462.51,298.64
92,3.680000,person,0.483742,311.81,66.57,386.18,298.91
93,3.720000,person,0.635409,404.78,90.14,462.49,297.20
93,3.720000,person,0.513375,311.47,67.09,386.33,298.60
94,3.760000,person,0.631045,404.62,91.93,462.38,299.26
94,3.760000,person,0.574526,311.84,66.89,387.60,299.40
95,3.800000,person,0.645792,405.62,91.02,461.26,298.72
95,3.800000,person,0.578604,312.11,66.78,388.10,299.22
96,3.840000,person,0.634341,405.52,94.29,461.35,297.88
96,3.840000,person,0.591196,312.28,66.50,388.10,299.56
97,3.880000,person,0.638086,405.37,92.86,460.55,297.44
97,3.880000,person,0.604916,311.92,66.31,388.34,299.50
97,3.880000,person,0.271331,320.08,110.55,366.96,300.15
98,3.920000,person,0.649280,404.86,92.09,460.71,297.91
98,3.920000,person,0.604766,311.88,66.41,388.31,299.28
98,3.920000,person,0.275757,320.05,110.23,367.05,300.28
99,3.960000,person,0.636324,404.90,91.68,460.40,299.33
99,3.960000,person,0.607967,311.85,66.48,388.53,299.09
99,3.960000,person,0.281335,320.40,111.48,366.77,299.98
100,4.000000,person,0.643059,404.56,92.02,460.44,300.11
100,4.000000,person,0.582226,311.75,66.71,387.77,299.09
100,4.000000,person,0.281754,320.25,110.50,366.76,299.75
101,4.040000,person,0.616607,406.99,89.41,459.75,298.68
101,4.040000,person,0.611667,311.93,66.37,388.00,299.33
101,4.040000,person,0.282207,320.05,110.46,366.95,299.73
102,4.080000,person,0.637109,406.29,94.11,459.85,297.51
102,4.080000,person,0.608602,311.96,66.61,387.72,299.23
102,4.080000,person,0.276434,319.85,109.58,367.09,299.81
103,4.120000,person,0.653152,404.60,90.55,460.46,297.90
103,4.120000,person,0.620664,311.81,66.71,387.78,299.50
103,4.120000,person,0.266574,320.06,109.97,367.11,299.97
104,4.160000,person,0.635471,403.77,89.25,460.77,299.66
104,4.160000,person,0.618018,311.73,66.68,388.00,299.41
104,4.160000,person,0.273280,320.09,110.45,366.76,300.04
105,4.200000,person,0.630267,404.99,88.52,459.97,297.60
105,4.200000,person,0.589461,311.62,66.75,387.62,299.16
105,4.200000,person,0.285126,320.18,111.42,367.27,299.80
106,4.240000,person,0.623058,404.61,88.98,460.06,297.40
106,4.240000,person,0.609956,311.24,66.64,387.62,299.10
106,4.240000,person,0.277433,320.06,111.44,367.14,299.68
107,4.280000,person,0.608499,404.48,90.60,460.31,297.19
107,4.280000,person,0.564259,311.87,67.08,387.41,298.79
107,4.280000,person,0.277031,320.06,111.02,367.00,299.14
108,4.320000,person,0.601019,406.00,94.74,460.73,296.40
108,4.320000,person,0.592852,311.72,67.17,387.79,299.17
108,4.320000,person,0.291639,320.36,111.90,366.94,299.24
109,4.360000,person,0.643226,407.01,94.07,460.38,294.24
109,4.360000,person,0.564002,312.40,67.47,388.28,298.51
109,4.360000,person,0.275989,320.02,110.98,367.27,299.04
110,4.400000,person,0.630646,312.49,66.81,389.46,298.74
110,4.400000,person,0.626991,405.22,92.55,460.07,297.78
110,4.400000,person,0.270584,320.05,111.51,367.58,299.07
111,4.440000,person,0.637087,312.51,66.81,389.47,298.69
111,4.440000,person,0.624191,405.18,93.90,460.13,300.00
111,4.440000,person,0.269009,320.13,111.74,368.01,299.24
112,4.480000,person,0.623335,405.53,94.76,459.83,298.50
112,4.480000,person,0.592707,312.89,66.96,389.64,298.47
112,4.480000,person,0.268407,320.28,112.39,368.10,299.08
113,4.520000,person,0.639987,405.40,94.38,459.76,297.09
113,4.520000,person,0.588184,313.10,67.15,389.88,298.42
113,4.520000,person,0.269307,320.24,112.77,367.63,299.07
114,4.560000,person,0.656833,404.81,93.81,460.02,296.42
114,4.560000,person,0.551182,312.58,67.86,388.74,298.37
114,4.560000,person,0.282490,319.74,112.61,367.86,299.25
115,4.600000,person,0.662256,404.34,91.96,460.20,299.28
115,4.600000,person,0.551119,312.69,68.26,388.68,298.29
115,4.600000,person,0.284993,319.82,113.29,367.72,299.37
116,4.640000,person,0.652284,404.16,91.96,460.59,298.74
116,4.640000,person,0.597960,312.60,68.27,389.29,298.05
116,4.640000,person,0.277199,319.32,112.59,367.84,299.14
117,4.680000,person,0.666706,405.40,92.01,461.59,298.19
117,4.680000,person,0.559671,312.57,68.02,388.88,298.12
117,4.680000,person,0.271510,319.33,113.03,367.25,299.24
118,4.720000,person,0.655050,405.33,91.79,461.71,298.02
118,4.720000,person,0.542952,313.10,67.75,389.15,298.14
118,4.720000,person,0.261699,319.63,113.26,367.39,299.15
119,4.760000,person,0.640154,405.89,92.56,461.21,299.99
119,4.760000,person,0.548675,312.92,67.74,388.96,298.33
119,4.760000,person,0.254524,319.58,112.72,367.58,299.38
120,4.800000,person,0.621759,405.63,92.37,461.64,299.63
120,4.800000,person,0.533753,312.99,68.05,388.79,298.32
120,4.800000,person,0.255120,319.33,112.98,367.72,299.21
121,4.840000,person,0.626272,406.06,92.22,461.17,298.90
121,4.840000,person,0.552618,312.76,67.91,389.20,298.05
121,4.840000,person,0.252840,319.35,112.77,368.04,298.85
122,4.880000,person,0.642643,406.02,92.40,461.12,298.15
122,4.880000,person,0.552331,312.40,67.96,389.18,297.71
122,4.880000,person,0.252470,319.43,112.96,368.04,298.91
123,4.920000,person,0.652384,406.51,92.77,461.61,295.40
123,4.920000,person,0.541964,312.19,67.73,389.25,297.70
123,4.920000,person,0.257136,319.54,112.68,368.11,299.03
124,4.960000,person,0.657604,406.84,92.25,461.22,297.24
124,4.960000,person,0.556263,312.01,67.83,389.58,297.51
124,4.960000,person,0.255079,319.32,112.50,368.28,299.04
125,5.000000,person,0.630590,407.35,93.04,460.83,292.87
125,5.000000,person,0.553617,312.58,68.06,389.72,297.66
125,5.000000,person,0.252533,319.07,111.71,368.25,298.93
126,5.040000,person,0.653880,407.37,92.63,460.89,292.94
126,5.040000,person,0.515899,312.50,68.07,389.41,297.35
126,5.040000,person,0.262896,319.04,111.91,368.46,298.87
127,5.080000,person,0.654134,407.59,92.96,460.75,290.35
127,5.080000,person,0.520647,312.52,68.04,389.91,297.06
127,5.080000,person,0.265274,318.84,111.69,368.38,298.89
128,5.120000,person,0.660630,405.26,91.75,461.25,293.65
128,5.120000,person,0.569664,312.30,65.24,389.37,297.36
129,5.160000,person,0.650117,406.47,91.63,460.56,293.75
129,5.160000,person,0.577134,311.59,65.75,388.80,297.41
129,5.160000,person,0.410837,101.86,58.78,205.58,353.30
130,5.200000,person,0.631118,406.69,93.43,462.11,293.96
130,5.200000,person,0.599717,312.10,66.19,389.77,297.54
130,5.200000,person,0.281102,103.83,63.59,204.36,348.66
131,5.240000,person,0.609850,406.61,93.02,461.91,293.33
131,5.240000,person,0.609454,311.24,66.34,389.27,297.63
131,5.240000,person,0.378012,100.92,69.49,204.50,357.32
131,5.240000,person,0.255105,94.29,77.12,146.51,260.50
132,5.280000,person,0.722888,96.73,73.57,202.83,360.00
132,5.280000,person,0.661992,310.80,66.50,389.74,298.04
132,5.280000,person,0.620357,406.29,90.41,461.13,291.09
133,5.320000,person,0.807422,96.00,74.04,200.94,360.00
133,5.320000,person,0.685689,310.82,66.39,389.24,298.35
133,5.320000,person,0.641537,405.78,90.03,461.57,293.15
134,5.360000,person,0.945539,96.48,75.68,198.45,359.76
134,5.360000,person,0.666166,310.71,67.58,388.83,297.99
134,5.360000,person,0.643728,405.89,91.46,462.30,291.52
135,5.400000,person,0.965322,100.44,75.01,202.68,358.14
135,5.400000,person,0.688980,310.04,67.56,388.31,297.94
135,5.400000,person,0.652284,406.21,92.42,462.13,289.38
135,5.400000,person,0.439160,111.16,79.44,186.57,235.74
136,5.440000,person,0.901048,103.55,73.84,201.71,360.00
136,5.440000,person,0.665553,406.29,92.23,461.96,287.51
136,5.440000,person,0.568000,310.44,67.61,387.93,297.32
136,5.440000,person,0.421948,114.38,78.10,185.18,239.61
137,5.480000,person,0.937251,108.60,72.67,202.67,359.59
137,5.480000,person,0.649567,404.67,90.00,460.46,289.81
137,5.480000,person,0.631630,309.74,66.60,387.81,297.92
138,5.520000,person,0.863152,114.82,72.21,207.21,357.06
138,5.520000,person,0.615025,310.06,66.01,387.49,297.46
138,5.520000,person,0.612060,405.53,93.91,462.50,291.03
139,5.560000,person,0.855069,118.33,71.93,215.28,360.00
139,5.560000,person,0.655228,309.33,66.47,386.87,297.20
139,5.560000,person,0.625454,405.08,90.56,460.70,288.57
139,5.560000,person,0.335605,136.52,77.10,201.87,249.96
140,5.600000,person,0.763790,123.40,70.69,220.61,360.00
140,5.600000,person,0.700841,309.22,65.62,387.10,297.50
140,5.600000,person,0.641492,406.12,90.73,461.29,292.11
140,5.600000,person,0.401454,140.54,75.27,205.21,247.71
141,5.640000,person,0.684008,309.82,65.76,387.37,297.75
141,5.640000,person,0.625446,406.25,91.45,462.80,288.38
141,5.640000,person,0.549630,127.78,72.78,218.09,354.69
141,5.640000,person,0.543578,143.08,77.00,209.76,252.24
141,5.640000,person,0.284515,319.34,111.48,367.63,299.77
142,5.680000,person,0.733820,309.98,65.31,387.47,298.28
142,5.680000,person,0.627098,405.95,90.71,463.36,288.56
142,5.680000,person,0.579199,137.35,71.77,218.88,351.09
142,5.680000,person,0.260242,319.00,110.32,367.93,300.06
143,5.720000,person,0.723116,310.28,64.34,387.15,298.74
143,5.720000,person,0.646196,406.18,90.50,463.76,289.78
143,5.720000,person,0.454965,135.12,70.87,222.65,351.80
143,5.720000,person,0.413439,148.38,76.40,218.67,262.15
143,5.720000,person,0.280023,319.12,110.32,368.01,300.32
144,5.760000,person,0.724059,309.81,63.74,387.31,299.09
144,5.760000,person,0.646859,405.65,90.19,464.44,290.41
144,5.760000,person,0.415650,136.13,72.01,230.48,354.18
144,5.760000,person,0.286518,319.19,110.68,368.12,299.85
145,5.800000,person,0.758260,310.10,64.00,387.64,300.04
145,5.800000,person,0.634672,405.17,90.87,459.85,292.42
145,5.800000,person,0.311327,135.67,75.42,233.20,353.34
145,5.800000,person,0.288040,319.86,112.31,367.74,300.25
146,5.840000,person,0.763304,311.27,64.75,388.60,299.95
146,5.840000,person,0.600981,403.99,88.24,464.50,296.03
146,5.840000,person,0.581933,153.83,74.72,247.38,351.47
146,5.840000,person,0.280276,320.07,114.26,367.91,299.41
147,5.880000,person,0.719586,157.78,74.26,249.65,353.83
147,5.880000,person,0.715959,311.65,64.72,387.37,300.23
147,5.880000,person,0.614047,404.14,86.86,464.61,296.44
147,5.880000,person,0.277227,319.82,114.49,368.09,299.41
148,5.920000,person,0.828698,162.20,74.34,251.14,356.11
148,5.920000,person,0.718179,312.55,64.71,388.94,299.70
148,5.920000,person,0.644734,405.69,89.34,460.42,294.13
148,5.920000,person,0.293250,319.96,116.85,367.83,298.98
149,5.960000,person,0.836788,164.64,76.52,251.43,356.23
149,5.960000,person,0.741569,312.45,64.70,389.69,299.44
149,5.960000,person,0.637951,404.50,89.07,463.10,292.11
149,5.960000,person,0.280014,318.76,118.43,367.84,299.24
150,6.000000,person,0.819273,172.16,85.78,253.98,352.57
150,6.000000,person,0.743474,313.24,64.50,391.42,299.49
150,6.000000,person,0.605322,405.35,90.82,463.46,293.26
150,6.000000,person,0.282743,318.46,117.07,367.52,299.42
151,6.040000,person,0.825776,174.22,78.76,257.00,351.04
151,6.040000,person,0.754547,312.98,63.97,390.49,299.95
151,6.040000,person,0.585054,405.55,93.61,462.97,291.77
151,6.040000,person,0.287566,318.80,118.49,367.23,299.17
152,6.080000,person,0.776133,181.40,78.42,261.60,349.40
152,6.080000,person,0.720870,307.23,67.63,387.68,299.33
152,6.080000,person,0.594027,404.76,92.34,463.25,290.00
152,6.080000,person,0.254126,319.15,119.51,366.84,298.25
153,6.120000,person,0.757886,188.91,83.35,272.14,346.35
153,6.120000,person,0.685487,305.60,68.17,385.40,297.14
153,6.120000,person,0.640534,406.02,88.72,462.79,290.16
153,6.120000,person,0.252155,319.72,117.89,366.37,298.83
154,6.160000,person,0.790889,189.89,79.54,274.66,341.67
154,6.160000,person,0.680973,305.14,67.86,385.15,297.05
154,6.160000,person,0.650556,406.08,89.40,462.87,289.25
155,6.200000,person,0.763837,192.62,79.75,278.45,332.74
155,6.200000,person,0.694271,304.76,67.81,384.90,298.90
155,6.200000,person,0.649365,406.29,88.92,462.58,290.42
155,6.200000,person,0.389375,197.76,82.93,270.67,241.03
155,6.200000,person,0.258341,318.96,114.02,367.54,299.51
156,6.240000,person,0.717104,305.22,67.98,385.38,298.40
156,6.240000,person,0.686736,194.27,80.71,281.70,331.12
156,6.240000,person,0.644410,406.65,88.79,461.96,290.30
156,6.240000,person,0.628541,200.08,84.37,269.77,230.35
156,6.240000,person,0.255908,319.61,113.64,367.80,299.99
157,6.280000,person,0.810317,202.51,85.99,274.36,227.24
157,6.280000,person,0.745388,304.98,68.23,385.74,297.64
157,6.280000,person,0.644185,406.98,88.82,461.81,290.20
157,6.280000,person,0.578428,197.39,79.84,285.07,329.51
157,6.280000,person,0.258028,320.32,115.19,368.05,300.78
158,6.320000,person,0.811947,205.97,84.77,276.08,227.54
158,6.320000,person,0.726509,304.21,68.71,385.84,296.87
158,6.320000,person,0.665160,406.96,87.79,461.32,291.55
158,6.320000,person,0.625213,198.31,79.36,285.14,328.45
158,6.320000,person,0.291910,320.39,112.73,368.48,301.25
159,6.360000,person,0.699563,208.15,84.04,276.66,231.81
159,6.360000,person,0.675288,304.18,68.55,385.63,295.76
159,6.360000,person,0.632692,407.14,87.88,461.10,291.13
159,6.360000,person,0.599423,201.13,78.45,283.10,327.88
159,6.360000,person,0.270923,320.59,113.20,367.47,301.49
160,6.400000,person,0.631071,306.35,69.20,386.97,295.32
160,6.400000,person,0.625211,407.01,87.08,461.21,290.73
160,6.400000,person,0.554104,211.01,82.11,279.59,231.96
160,6.400000,person,0.529754,203.64,79.71,284.37,321.71
161,6.440000,person,0.662691,406.40,85.72,461.69,289.43
161,6.440000,person,0.637041,307.41,69.12,387.77,293.93
161,6.440000,person,0.494491,213.32,81.97,284.78,228.52
161,6.440000,person,0.408624,203.21,79.48,284.91,325.03
162,6.480000,person,0.662199,406.06,86.32,461.27,289.75
162,6.480000,person,0.618824,308.07,69.64,387.86,293.93
162,6.480000,person,0.323133,204.63,79.84,288.36,323.24
162,6.480000,person,0.306299,213.69,81.86,284.82,230.42
162,6.480000,person,0.277824,320.17,112.29,367.14,296.92
163,6.520000,person,0.678884,406.14,86.41,461.16,288.94
163,6.520000,person,0.614976,307.73,70.09,387.27,293.75
163,6.520000,person,0.329103,229.32,82.27,304.20,316.77
163,6.520000,person,0.266577,318.98,108.67,367.33,297.93
164,6.560000,person,0.699788,406.22,86.11,461.08,288.59
164,6.560000,person,0.604546,308.11,70.69,387.60,293.63
164,6.560000,person,0.360698,229.24,82.44,303.95,313.06
164,6.560000,person,0.291846,318.42,109.44,366.63,297.72
165,6.600000,person,0.663057,406.38,87.36,461.32,289.51
165,6.600000,person,0.653640,309.23,70.91,388.32,294.50
165,6.600000,person,0.514284,227.40,81.42,303.09,316.17
165,6.600000,person,0.257575,317.61,108.31,367.03,297.73
166,6.640000,person,0.675404,312.06,64.77,387.65,296.06
166,6.640000,person,0.661590,406.04,88.43,461.68,288.17
166,6.640000,person,0.522723,227.53,79.93,303.07,323.99
167,6.680000,person,0.674685,405.65,87.81,462.33,288.18
167,6.680000,person,0.654158,313.04,63.32,388.00,296.95
167,6.680000,person,0.533923,228.97,79.50,302.45,325.33
167,6.680000,person,0.250591,316.09,107.58,366.79,299.01
168,6.720000,person,0.691479,405.42,87.46,462.87,288.83
168,6.720000,person,0.631540,310.66,70.54,388.85,296.03
168,6.720000,person,0.610427,229.04,78.31,305.20,322.48
168,6.720000,person,0.328974,315.35,107.29,366.28,298.76
169,6.760000,person,0.682330,405.03,86.25,463.25,290.35
169,6.760000,person,0.636583,230.13,79.19,308.29,321.17
169,6.760000,person,0.623425,314.96,63.14,389.69,298.06
169,6.760000,person,0.287987,315.55,108.56,365.83,298.90
170,6.800000,person,0.734518,230.56,79.37,310.45,318.39
170,6.800000,person,0.695813,404.86,86.49,463.50,288.71
170,6.800000,person,0.569989,317.24,62.76,391.79,298.82
170,6.800000,person,0.286701,235.10,87.69,302.67,228.19
170,6.800000,person,0.283611,316.18,107.41,365.79,298.71
171,6.840000,person,0.797757,232.12,78.96,313.13,312.96
171,6.840000,person,0.692701,405.20,87.03,463.47,288.02
171,6.840000,person,0.574681,317.93,62.25,392.82,298.94
171,6.840000,person,0.304328,236.71,89.94,305.64,228.81
171,6.840000,person,0.277075,316.83,106.68,365.78,299.75
172,6.880000,person,0.772372,233.54,79.95,315.07,310.56
172,6.880000,person,0.703363,405.24,85.86,463.83,288.88
172,6.880000,person,0.556888,318.16,64.14,392.90,298.36
172,6.880000,person,0.338732,237.33,89.85,310.75,230.10
172,6.880000,person,0.285895,316.54,105.30,369.41,295.70
173,6.920000,person,0.807003,234.42,80.11,317.39,310.35
173,6.920000,person,0.687023,405.68,86.47,463.39,289.90
173,6.920000,person,0.565503,317.56,63.57,393.65,298.93
173,6.920000,person,0.288541,237.77,88.15,311.13,230.45
173,6.920000,person,0.283332,316.62,103.47,369.11,296.38
174,6.960000,person,0.818745,234.67,80.44,318.78,309.65
174,6.960000,person,0.685900,406.67,85.79,462.73,287.52
174,6.960000,person,0.539306,316.94,69.27,395.00,296.78
174,6.960000,person,0.336504,238.00,89.51,313.09,228.50
174,6.960000,person,0.288989,317.01,107.11,368.56,295.96
175,7.000000,person,0.833707,235.03,80.08,319.78,312.62
175,7.000000,person,0.674299,406.42,85.97,463.43,287.66
175,7.000000,person,0.531863,316.85,69.67,394.92,296.89
175,7.000000,person,0.318345,238.52,89.00,314.53,230.95
175,7.000000,person,0.299561,316.96,112.39,365.21,298.45
176,7.040000,person,0.832764,235.51,80.30,319.27,311.00
176,7.040000,person,0.681605,408.52,92.68,464.36,288.19
176,7.040000,person,0.538532,316.53,69.69,394.49,297.45
176,7.040000,person,0.314493,317.10,113.62,365.08,298.31
177,7.080000,person,0.843183,236.79,80.15,320.22,311.54
177,7.080000,person,0.682237,407.09,83.67,463.47,288.22
177,7.080000,person,0.526896,316.09,69.42,393.80,297.88
177,7.080000,person,0.335705,316.27,113.19,365.08,298.48
178,7.120000,person,0.884409,235.99,80.37,320.08,313.23
178,7.120000,person,0.676449,406.52,83.66,463.74,288.66
178,7.120000,person,0.550769,315.64,69.59,393.32,298.08
178,7.120000,person,0.316649,316.19,113.65,365.16,299.02
179,7.160000,person,0.853051,237.03,80.87,320.41,313.58
179,7.160000,person,0.653430,406.33,83.71,464.29,288.03
179,7.160000,person,0.542847,315.49,62.80,391.59,299.33
179,7.160000,person,0.357673,316.21,112.46,365.80,299.31
180,7.200000,person,0.794219,236.94,81.74,319.46,313.17
180,7.200000,person,0.664243,406.79,84.67,464.28,287.44
180,7.200000,person,0.549432,314.48,69.02,391.76,298.25
180,7.200000,person,0.359527,239.66,90.82,312.37,229.36
180,7.200000,person,0.327606,316.54,111.33,366.31,298.95
181,7.240000,person,0.794840,237.20,81.41,317.44,310.67
181,7.240000,person,0.680710,408.43,92.66,465.32,284.45
181,7.240000,person,0.552401,313.43,68.64,390.21,298.71
181,7.240000,person,0.299691,316.05,107.13,366.39,299.62
182,7.280000,person,0.759268,236.23,81.24,313.88,310.14
182,7.280000,person,0.672516,408.28,92.10,465.29,286.01
182,7.280000,person,0.582369,313.33,68.33,389.80,297.76
182,7.280000,person,0.321153,315.67,107.34,366.09,298.94
183,7.320000,person,0.694633,408.13,91.36,465.46,286.53
183,7.320000,person,0.679035,236.21,80.21,313.52,306.03
183,7.320000,person,0.620900,313.37,68.37,389.77,297.43
183,7.320000,person,0.354896,315.68,109.54,366.02,297.48
184,7.360000,person,0.712982,408.33,91.11,465.43,286.49
184,7.360000,person,0.598207,313.66,68.22,389.40,297.77
184,7.360000,person,0.568837,237.13,83.34,309.18,247.96
185,7.400000,person,0.695389,408.23,90.01,465.33,289.78
185,7.400000,person,0.616859,237.70,83.88,308.17,246.08
185,7.400000,person,0.599732,314.34,68.01,389.68,297.25
185,7.400000,person,0.360959,315.12,110.21,365.74,296.70
185,7.400000,person,0.304978,240.52,111.31,302.42,316.78
186,7.440000,person,0.716156,408.06,89.97,465.32,293.48
186,7.440000,person,0.698299,312.09,68.73,389.12,298.07
186,7.440000,person,0.618021,238.43,83.94,307.89,255.25
186,7.440000,person,0.362209,314.29,110.37,366.13,296.67
187,7.480000,person,0.731781,408.30,90.18,465.30,291.10
187,7.480000,person,0.721976,311.39,68.63,389.34,296.79
187,7.480000,person,0.636830,238.80,85.10,307.56,248.85
187,7.480000,person,0.444864,314.68,111.03,366.28,296.02
188,7.520000,person,0.734691,310.55,68.77,389.04,297.23
188,7.520000,person,0.726965,407.76,89.86,465.38,293.25
188,7.520000,person,0.650675,239.48,86.06,301.74,237.97
188,7.520000,person,0.469054,315.45,112.12,366.80,296.59
188,7.520000,person,0.258193,240.60,111.39,302.28,317.93
189,7.560000,person,0.760564,309.85,68.87,389.33,298.47
189,7.560000,person,0.716670,407.82,89.46,465.29,293.10
189,7.560000,person,0.658805,239.70,86.65,301.58,230.76
189,7.560000,person,0.485085,314.99,111.85,367.49,297.51
189,7.560000,person,0.312096,239.11,75.80,314.51,305.79
190,7.600000,person,0.818865,310.76,60.56,389.85,298.39
190,7.600000,person,0.734388,242.32,90.51,298.19,239.70
190,7.600000,person,0.715595,407.79,89.56,465.12,293.84
190,7.600000,person,0.515028,314.04,110.07,367.11,297.39
190,7.600000,person,0.251664,239.54,114.83,305.11,321.56
191,7.640000,person,0.773593,308.49,68.65,389.83,299.88
191,7.640000,person,0.727696,406.89,90.01,465.46,295.01
191,7.640000,person,0.685710,242.66,92.90,295.79,241.15
191,7.640000,person,0.480274,314.32,110.28,366.86,297.30
191,7.640000,person,0.256806,241.34,109.47,302.78,318.40
192,7.680000,person,0.777695,308.64,68.75,389.50,300.10
192,7.680000,person,0.720658,406.13,90.26,465.51,293.78
192,7.680000,person,0.590083,244.15,92.82,296.62,254.04
192,7.680000,person,0.463913,314.74,106.91,366.41,297.76
193,7.720000,person,0.753757,309.70,68.71,390.55,299.92
193,7.720000,person,0.715376,405.75,91.09,465.54,295.36
193,7.720000,person,0.482504,245.32,92.06,296.46,273.43
193,7.720000,person,0.450086,313.60,109.11,365.41,297.73
194,7.760000,person,0.733354,312.85,59.95,390.61,298.82
194,7.760000,person,0.718295,402.66,85.82,465.26,288.47
194,7.760000,person,0.491288,246.31,90.70,296.75,275.55
194,7.760000,person,0.434928,313.56,108.02,365.81,298.41
195,7.800000,person,0.733375,312.77,60.11,390.22,298.43
195,7.800000,person,0.726239,405.17,90.64,465.61,295.42
195,7.800000,person,0.436902,247.95,89.53,298.52,279.94
195,7.800000,person,0.378919,313.53,107.02,365.35,297.32
196,7.840000,person,0.738454,311.77,68.97,391.16,299.91
196,7.840000,person,0.731945,405.36,90.52,465.55,294.12
196,7.840000,person,0.437627,248.48,89.64,297.88,272.83
196,7.840000,person,0.332802,313.92,107.35,365.15,297.25
197,7.880000,person,0.718894,405.19,90.45,465.43,294.47
197,7.880000,person,0.714242,312.20,68.99,390.71,299.62
197,7.880000,person,0.450343,249.48,88.80,299.26,274.76
197,7.880000,person,0.335386,313.94,108.14,364.32,295.83
198,7.920000,person,0.724738,405.26,90.43,465.36,294.76
198,7.920000,person,0.723996,312.38,69.06,390.66,299.74
198,7.920000,person,0.415439,250.51,87.43,299.72,287.72
198,7.920000,person,0.370466,313.33,106.91,364.75,296.13
199,7.960000,person,0.721421,405.91,90.08,465.23,294.35
199,7.960000,person,0.705394,312.12,69.31,390.49,299.71
199,7.960000,person,0.416686,251.59,87.85,300.12,286.62
199,7.960000,person,0.364710,313.34,107.26,364.84,296.37
200,8.000000,person,0.732109,312.28,68.89,390.83,298.83
200,8.000000,person,0.726564,404.90,90.82,465.20,293.71
200,8.000000,person,0.412300,252.44,87.31,300.72,289.03
200,8.000000,person,0.363082,313.21,109.32,363.85,296.02
201,8.040000,person,0.727473,405.00,90.76,464.96,293.69
201,8.040000,person,0.713095,312.55,68.98,390.83,299.52
201,8.040000,person,0.405855,252.45,89.35,302.10,271.68
201,8.040000,person,0.404503,313.25,110.03,364.16,296.66
202,8.080000,person,0.729697,405.06,90.73,465.11,293.07
202,8.080000,person,0.693402,312.18,68.91,389.94,299.22
202,8.080000,person,0.390549,314.31,108.71,364.10,296.24
202,8.080000,person,0.380337,253.72,91.84,303.00,256.20
202,8.080000,person,0.253550,246.39,77.75,319.75,297.20
203,8.120000,person,0.719056,404.94,90.62,465.18,293.23
203,8.120000,person,0.666004,312.14,69.38,389.47,298.23
203,8.120000,person,0.419646,253.14,89.84,304.36,266.43
203,8.120000,person,0.388822,314.77,109.97,363.89,295.46
204,8.160000,person,0.724274,404.67,90.37,465.23,293.53
204,8.160000,person,0.667765,312.68,61.85,388.58,298.21
204,8.160000,person,0.395430,253.06,89.99,306.23,264.04
204,8.160000,person,0.366439,314.84,107.90,364.23,296.18
205,8.200000,person,0.700307,404.92,89.47,465.40,293.43
205,8.200000,person,0.652486,312.60,69.75,389.42,300.13
205,8.200000,person,0.347087,314.24,110.19,363.62,296.48
205,8.200000,person,0.336575,249.40,78.01,321.13,299.58
206,8.240000,person,0.691769,404.87,89.49,465.44,294.20
206,8.240000,person,0.614683,311.22,69.72,387.68,299.66
206,8.240000,person,0.418330,314.43,108.19,363.80,296.81
206,8.240000,person,0.316624,249.91,79.18,321.88,299.72
206,8.240000,person,0.256958,253.62,91.75,306.80,251.59
207,8.280000,person,0.691258,405.35,89.09,465.42,294.02
207,8.280000,person,0.607868,311.61,69.75,388.04,297.70
207,8.280000,person,0.376161,313.83,110.87,363.33,295.76
207,8.280000,person,0.332538,250.17,80.05,324.40,297.75
208,8.320000,person,0.687764,405.23,88.84,465.48,294.30
208,8.320000,person,0.586815,311.72,69.47,387.94,299.00
208,8.320000,person,0.405244,313.52,110.97,363.23,295.48
208,8.320000,person,0.353393,251.40,79.72,326.17,297.83
209,8.360000,person,0.689597,401.49,81.58,464.80,288.72
209,8.360000,person,0.562546,311.60,69.42,388.24,298.82
209,8.360000,person,0.419590,313.97,111.16,363.88,295.52
209,8.360000,person,0.309846,252.65,79.58,329.53,296.70
210,8.400000,person,0.703532,401.40,81.45,464.96,288.76
210,8.400000,person,0.557660,312.88,62.77,387.27,298.23
210,8.400000,person,0.341796,314.54,110.29,364.51,295.93
210,8.400000,person,0.339055,253.81,81.18,331.55,296.32
211,8.440000,person,0.716410,400.86,81.21,465.06,287.64
211,8.440000,person,0.555108,311.59,63.07,386.62,297.50
211,8.440000,person,0.375443,314.35,112.52,364.33,294.71
211,8.440000,person,0.357096,267.23,86.23,320.92,278.76
212,8.480000,person,0.717396,400.56,81.90,464.77,287.80
212,8.480000,person,0.525299,310.26,69.59,387.74,299.86
212,8.480000,person,0.460794,266.87,87.22,321.06,270.43
212,8.480000,person,0.446615,313.47,115.70,364.39,293.78
213,8.520000,person,0.716202,400.71,81.72,464.26,288.06
213,8.520000,person,0.518573,308.72,69.20,386.77,299.51
213,8.520000,person,0.459913,314.08,117.48,363.65,293.88
213,8.520000,person,0.424366,268.26,86.42,322.22,275.10
214,8.560000,person,0.711190,399.98,83.62,464.16,288.69
214,8.560000,person,0.545447,309.81,64.07,386.55,297.50
214,8.560000,person,0.465814,314.12,117.45,364.32,294.80
214,8.560000,person,0.432663,269.18,87.21,323.80,279.44
215,8.600000,person,0.699283,400.64,82.64,463.22,289.80
215,8.600000,person,0.532626,308.59,63.79,386.40,297.26
215,8.600000,person,0.485474,269.39,87.12,323.85,269.51
215,8.600000,person,0.451654,314.05,118.03,364.68,294.29
216,8.640000,person,0.687280,400.85,82.45,462.55,291.47
216,8.640000,person,0.529666,307.63,69.50,386.72,300.55
216,8.640000,person,0.485192,269.63,87.34,322.90,265.67
216,8.640000,person,0.440697,313.69,120.18,364.47,294.05
217,8.680000,person,0.660789,400.78,81.96,462.49,290.84
217,8.680000,person,0.509986,308.15,63.24,385.96,297.52
217,8.680000,person,0.487374,314.93,121.36,363.97,294.62
217,8.680000,person,0.419609,270.15,88.08,324.28,265.94
217,8.680000,person,0.254312,256.88,81.70,340.12,297.22
218,8.720000,person,0.681234,401.23,84.43,461.84,291.24
218,8.720000,person,0.508524,308.26,63.98,384.94,297.83
218,8.720000,person,0.496555,314.73,120.51,363.64,294.95
218,8.720000,person,0.448361,269.95,87.62,324.04,269.92
219,8.760000,person,0.669447,401.37,83.37,461.47,293.22
219,8.760000,person,0.560993,307.72,63.14,384.78,298.16
219,8.760000,person,0.485683,314.21,117.27,364.17,296.17
219,8.760000,person,0.463540,270.71,87.66,323.33,269.46
220,8.800000,person,0.672882,401.13,83.87,461.32,292.61
220,8.800000,person,0.565001,308.30,63.68,385.46,297.97
220,8.800000,person,0.491442,271.32,87.56,323.18,269.96
220,8.800000,person,0.464958,314.60,118.88,363.89,295.47
221,8.840000,person,0.665405,401.61,83.85,460.69,294.43
221,8.840000,person,0.553890,308.51,63.33,386.24,297.75
221,8.840000,person,0.512208,272.55,87.62,323.05,270.49
221,8.840000,person,0.469351,314.55,119.17,364.05,294.71
222,8.880000,person,0.630965,401.39,82.15,460.79,295.44
222,8.880000,person,0.543476,273.71,86.56,323.01,275.03
222,8.880000,person,0.522849,309.10,63.02,386.44,297.86
222,8.880000,person,0.487023,314.91,117.57,364.39,295.10
223,8.920000,person,0.659093,402.47,83.15,461.13,294.99
223,8.920000,person,0.529987,310.08,62.85,386.81,297.84
223,8.920000,person,0.524509,273.71,86.85,323.95,278.35
223,8.920000,person,0.466418,314.03,113.85,365.31,295.17
224,8.960000,person,0.651451,402.78,83.95,460.59,295.43
224,8.960000,person,0.536140,273.83,86.43,325.78,279.56
224,8.960000,person,0.523701,309.43,69.24,389.93,299.82
224,8.960000,person,0.502803,314.31,119.01,364.70,294.68
225,9.000000,person,0.640607,402.33,84.60,460.62,296.72
225,9.000000,person,0.551331,308.44,69.66,389.08,299.40
225,9.000000,person,0.512797,272.77,87.19,325.44,269.76
225,9.000000,person,0.467191,315.03,119.63,365.38,294.42
226,9.040000,person,0.655426,402.43,84.17,460.80,296.83
226,9.040000,person,0.543147,308.84,69.65,389.10,299.23
226,9.040000,person,0.532488,272.59,86.36,325.85,271.26
226,9.040000,person,0.465295,315.94,118.62,365.41,293.72
227,9.080000,person,0.657457,401.15,85.53,460.77,295.80
227,9.080000,person,0.542608,308.80,69.61,388.63,299.01
227,9.080000,person,0.499040,273.88,86.51,325.52,274.60
227,9.080000,person,0.477014,315.72,118.74,365.24,293.75
228,9.120000,person,0.597327,401.59,88.18,460.81,298.52
228,9.120000,person,0.547620,308.89,69.99,388.07,299.47
228,9.120000,person,0.529433,272.91,87.05,325.30,266.61
228,9.120000,person,0.460021,316.01,120.61,365.50,293.75
229,9.160000,person,0.583627,406.38,90.75,462.03,300.20
229,9.160000,person,0.544153,308.74,70.04,387.80,299.99
229,9.160000,person,0.481629,315.95,119.87,366.27,293.57
229,9.160000,person,0.479660,274.38,85.93,325.16,277.56
230,9.200000,person,0.600254,406.84,91.51,461.89,298.27
230,9.200000,person,0.524261,309.54,70.04,388.06,300.70
230,9.200000,person,0.503571,274.43,86.38,325.44,273.69
230,9.200000,person,0.440658,316.18,118.14,366.78,294.24
231,9.240000,person,0.587084,407.78,92.60,461.26,297.52
231,9.240000,person,0.562721,275.48,86.74,324.84,270.08
231,9.240000,person,0.488767,310.09,69.98,387.58,300.79
231,9.240000,person,0.414070,315.43,116.08,366.37,293.93
232,9.280000,person,0.587057,407.82,92.69,461.19,299.37
232,9.280000,person,0.508012,309.99,63.57,384.61,297.25
232,9.280000,person,0.469044,275.58,85.41,324.35,278.28
232,9.280000,person,0.374269,314.97,113.33,366.62,293.89
233,9.320000,person,0.593638,407.93,92.62,461.08,298.53
233,9.320000,person,0.501355,309.04,69.29,386.36,301.28
233,9.320000,person,0.449774,275.28,85.66,323.76,276.10
233,9.320000,person,0.355289,315.63,113.00,366.89,294.09
234,9.360000,person,0.601321,407.66,93.05,461.04,298.36
234,9.360000,person,0.474623,308.90,69.27,385.95,300.27
234,9.360000,person,0.462059,275.13,85.67,323.62,277.17
234,9.360000,person,0.396594,315.86,116.08,366.67,293.22
235,9.400000,person,0.628226,407.14,93.63,461.03,298.57
235,9.400000,person,0.452852,274.83,83.80,323.89,279.84
235,9.400000,person,0.451597,309.40,68.53,385.76,299.86
235,9.400000,person,0.370229,316.48,117.88,366.47,293.60
236,9.440000,person,0.598499,406.98,94.08,461.24,299.83
236,9.440000,person,0.500322,308.61,68.40,385.79,300.89
236,9.440000,person,0.400852,274.28,84.10,323.29,279.59
236,9.440000,person,0.355751,316.42,117.01,366.48,293.96
236,9.440000,person,0.250991,255.04,81.81,336.80,296.38
237,9.480000,person,0.636404,407.44,93.42,460.26,298.82
237,9.480000,person,0.482748,310.27,67.90,386.51,301.08
237,9.480000,person,0.401195,274.43,82.70,323.11,280.92
237,9.480000,person,0.337423,316.16,115.29,366.54,294.40
238,9.520000,person,0.639914,407.47,92.67,460.26,300.91
238,9.520000,person,0.505693,308.85,67.86,385.63,300.68
238,9.520000,person,0.389485,274.37,83.09,323.14,280.80
238,9.520000,person,0.332542,316.01,115.20,366.26,294.31
239,9.560000,person,0.677993,407.02,93.04,460.25,299.62
239,9.560000,person,0.491787,308.46,67.58,385.20,300.22
239,9.560000,person,0.398531,274.32,83.81,322.16,276.78
239,9.560000,person,0.361417,316.06,115.58,366.94,294.59
240,9.600000,person,0.664468,406.18,92.32,460.79,300.85
240,9.600000,person,0.513445,308.28,67.78,385.11,300.40
240,9.600000,person,0.394906,274.37,83.81,322.53,277.12
240,9.600000,person,0.336806,315.84,116.08,366.58,294.65
241,9.640000,person,0.681010,406.07,92.58,460.67,300.06
241,9.640000,person,0.487133,309.06,67.70,385.22,300.40
241,9.640000,person,0.397810,274.52,83.85,321.69,276.64
241,9.640000,person,0.323682,315.88,112.35,366.92,295.04
242,9.680000,person,0.670469,405.97,92.43,460.51,302.21
242,9.680000,person,0.510344,309.26,68.09,385.18,300.62
242,9.680000,person,0.406569,274.36,83.31,322.16,280.16
242,9.680000,person,0.323231,315.26,109.09,367.20,295.70
243,9.720000,person,0.690923,406.08,92.44,460.05,300.94
243,9.720000,person,0.541827,309.66,64.01,383.29,297.85
243,9.720000,person,0.440280,274.23,84.40,323.09,284.01
244,9.760000,person,0.665492,405.99,92.49,460.16,299.67
244,9.760000,person,0.571007,308.34,63.89,382.61,297.52
244,9.760000,person,0.401186,274.08,85.88,323.39,279.84
244,9.760000,person,0.275165,257.04,81.63,339.75,296.35
245,9.800000,person,0.655899,406.03,92.45,459.98,301.14
245,9.800000,person,0.591767,306.97,63.95,381.69,297.17
245,9.800000,person,0.382262,274.91,86.58,324.39,279.68
245,9.800000,person,0.278724,258.52,81.84,341.86,295.82
246,9.840000,person,0.710739,302.99,65.32,381.61,296.95
246,9.840000,person,0.633385,405.91,92.05,460.16,299.80
246,9.840000,person,0.308736,275.81,86.81,326.04,272.98
246,9.840000,person,0.282334,260.43,81.45,347.63,295.07
247,9.880000,person,0.738051,303.28,65.79,382.57,296.86
247,9.880000,person,0.632491,405.97,92.27,460.30,299.81
247,9.880000,person,0.305745,274.85,87.13,324.55,272.30
247,9.880000,person,0.268571,259.79,81.65,346.01,295.44
248,9.920000,person,0.865694,297.85,67.10,382.47,296.47
248,9.920000,person,0.621797,406.09,92.77,460.31,299.36
249,9.960000,person,0.847601,300.27,67.28,382.93,296.59
249,9.960000,person,0.631097,405.91,92.35,460.30,301.16
249,9.960000,person,0.278207,273.77,87.54,321.81,268.16
250,10.000000,person,0.875381,296.12,68.16,382.10,296.57
250,10.000000,person,0.624812,405.92,92.77,460.30,299.74
250,10.000000,person,0.275988,261.26,81.58,352.86,295.17
251,10.040000,person,0.873167,296.23,66.67,382.09,296.87
251,10.040000,person,0.623470,405.61,92.83,460.24,300.42
251,10.040000,person,0.287323,261.04,80.28,351.59,295.17
252,10.080000,person,0.867331,297.98,66.64,382.62,296.87
252,10.080000,person,0.625396,405.54,93.00,460.21,299.35
252,10.080000,person,0.256792,310.89,125.73,363.79,295.94
253,10.120000,person,0.860158,298.09,66.42,382.48,297.03
253,10.120000,person,0.629785,405.29,92.55,460.40,300.49
253,10.120000,person,0.265058,310.86,124.85,363.89,296.33
254,10.160000,person,0.862983,298.28,66.43,382.45,296.96
254,10.160000,person,0.626406,405.28,92.51,460.39,300.20
254,10.160000,person,0.360930,309.34,111.28,367.11,295.09
254,10.160000,person,0.253009,261.79,80.64,349.47,296.01
255,10.200000,person,0.809815,301.42,65.39,382.44,297.24
255,10.200000,person,0.621321,405.46,92.63,460.42,300.26
255,10.200000,person,0.391381,310.67,112.85,366.85,294.81
255,10.200000,person,0.279056,272.80,86.45,321.80,279.39
255,10.200000,person,0.254282,260.83,80.44,346.61,296.06
256,10.240000,person,0.754185,301.29,64.41,382.28,296.27
256,10.240000,person,0.634472,403.05,93.96,459.44,296.33
256,10.240000,person,0.407221,312.33,111.61,365.37,295.64
256,10.240000,person,0.294619,262.25,79.69,347.44,296.59
257,10.280000,person,0.739167,301.24,63.88,382.73,296.69
257,10.280000,person,0.648467,402.93,93.11,459.49,296.67
257,10.280000,person,0.435546,312.01,111.10,366.02,295.34
257,10.280000,person,0.318776,261.48,79.67,347.24,297.01
258,10.320000,person,0.643301,403.18,93.57,459.20,297.24
258,10.320000,person,0.640658,301.99,69.42,382.81,298.97
258,10.320000,person,0.466041,314.35,111.14,365.73,295.61
258,10.320000,person,0.307851,272.88,86.65,322.52,288.14
259,10.360000,person,0.646653,403.17,93.70,459.16,297.18
259,10.360000,person,0.613953,304.38,69.09,383.49,298.43
259,10.360000,person,0.472214,315.52,117.51,365.09,295.06
259,10.360000,person,0.363847,273.28,86.92,323.09,289.58
260,10.400000,person,0.639973,403.01,93.42,458.99,297.51
260,10.400000,person,0.612211,304.39,68.87,383.56,298.78
260,10.400000,person,0.467853,315.79,120.73,364.83,295.14
260,10.400000,person,0.386602,273.07,87.47,323.41,288.02
261,10.440000,person,0.646652,402.89,92.37,459.00,297.25
261,10.440000,person,0.602478,305.80,68.63,384.33,298.40
261,10.440000,person,0.485435,314.94,122.29,364.91,295.52
261,10.440000,person,0.412745,272.66,86.49,323.33,292.41
262,10.480000,person,0.646133,402.88,93.02,458.93,296.97
262,10.480000,person,0.630959,305.19,68.73,384.13,296.35
262,10.480000,person,0.561060,314.51,125.07,364.82,295.47
262,10.480000,person,0.430507,272.86,86.25,324.11,292.60
263,10.520000,person,0.674847,302.99,69.25,383.54,296.41
263,10.520000,person,0.634304,402.88,93.73,458.77,297.18
263,10.520000,person,0.507622,312.83,125.61,365.15,295.13
263,10.520000,person,0.360184,272.96,86.77,325.21,290.10
263,10.520000,person,0.274568,260.88,74.93,347.66,297.70
264,10.560000,person,0.694734,303.16,68.96,384.79,297.11
264,10.560000,person,0.631941,402.56,94.27,459.01,295.39
264,10.560000,person,0.525081,313.51,126.61,364.90,295.28
264,10.560000,person,0.371314,272.95,87.97,324.34,287.06
265,10.600000,person,0.694376,303.13,68.93,384.51,297.40
265,10.600000,person,0.617696,402.82,94.64,458.83,294.79
265,10.600000,person,0.557602,313.90,128.64,364.66,295.17
265,10.600000,person,0.388891,273.48,88.44,325.07,283.76
265,10.600000,person,0.293533,260.58,79.38,344.90,296.92
266,10.640000,person,0.725822,302.33,68.88,385.41,297.49
266,10.640000,person,0.628565,402.61,94.24,458.94,295.21
266,10.640000,person,0.584287,314.22,130.77,364.78,294.90
266,10.640000,person,0.373370,273.56,88.15,323.68,280.05
266,10.640000,person,0.269692,259.69,79.53,344.05,297.30
267,10.680000,person,0.744158,301.91,68.72,386.15,297.68
267,10.680000,person,0.635117,402.64,94.26,458.91,295.29
267,10.680000,person,0.615671,314.91,133.43,364.16,294.57
267,10.680000,person,0.360949,273.56,89.26,322.36,273.82
267,10.680000,person,0.261108,258.64,79.35,342.64,297.58
268,10.720000,person,0.742885,302.08,68.78,386.35,297.41
268,10.720000,person,0.631294,402.85,93.90,458.91,295.64
268,10.720000,person,0.630128,315.46,135.19,364.23,294.34
268,10.720000,person,0.362646,273.92,89.41,322.79,273.17
268,10.720000,person,0.260154,258.41,79.33,342.30,297.67
269,10.760000,person,0.712583,302.54,68.36,386.38,297.85
269,10.760000,person,0.642485,402.79,93.14,458.83,296.57
269,10.760000,person,0.617826,315.37,136.94,364.15,294.39
269,10.760000,person,0.380166,274.68,89.13,322.79,277.36
269,10.760000,person,0.265902,257.81,79.41,342.32,297.47
270,10.800000,person,0.648533,303.17,68.16,384.51,298.46
270,10.800000,person,0.629711,402.02,92.88,458.41,297.15
270,10.800000,person,0.560822,314.70,136.84,363.88,294.13
270,10.800000,person,0.410891,275.23,87.88,325.30,280.07
270,10.800000,person,0.274046,259.22,79.06,343.09,296.98
271,10.840000,person,0.633979,304.15,68.10,384.41,298.31
271,10.840000,person,0.632837,401.56,93.23,458.08,296.09
271,10.840000,person,0.532314,314.14,136.41,364.29,294.06
271,10.840000,person,0.382839,275.30,86.37,326.83,285.29
272,10.880000,person,0.630130,401.61,92.89,457.94,296.12
272,10.880000,person,0.624863,303.89,68.13,384.08,298.15
272,10.880000,person,0.530837,314.46,136.10,364.19,293.97
272,10.880000,person,0.363829,275.40,86.82,327.32,283.82
273,10.920000,person,0.615088,401.77,93.55,458.03,295.23
273,10.920000,person,0.601431,303.85,68.05,383.32,299.16
273,10.920000,person,0.481757,313.89,128.80,364.28,294.54
273,10.920000,person,0.398348,275.79,86.60,328.78,284.03
274,10.960000,person,0.611623,303.87,68.10,383.63,298.58
274,10.960000,person,0.608639,402.10,94.87,457.65,294.48
274,10.960000,person,0.464930,313.41,128.60,364.09,294.38
274,10.960000,person,0.406590,275.87,86.46,328.37,286.28
275,11.000000,person,0.648510,302.08,68.22,384.30,296.58
275,11.000000,person,0.615164,402.53,95.65,457.32,294.12
275,11.000000,person,0.507162,315.53,139.90,363.88,293.22
275,11.000000,person,0.423518,275.48,86.38,327.18,283.69
276,11.040000,person,0.636122,303.10,68.04,384.05,296.76
276,11.040000,person,0.614928,402.65,96.23,456.85,295.40
276,11.040000,person,0.472039,314.89,136.58,364.16,293.52
276,11.040000,person,0.403663,275.73,86.02,327.16,288.01
277,11.080000,person,0.622162,403.77,88.33,457.02,296.88
277,11.080000,person,0.617069,302.70,67.92,382.83,296.61
277,11.080000,person,0.501293,314.96,139.43,364.54,293.14
277,11.080000,person,0.386860,276.28,86.33,326.88,285.78
277,11.080000,person,0.291469,259.88,78.81,344.79,296.09
278,11.120000,person,0.612691,403.44,89.78,457.25,297.21
278,11.120000,person,0.575309,315.69,144.18,364.85,293.37
278,11.120000,person,0.569707,303.34,67.25,382.91,296.40
278,11.120000,person,0.388655,276.65,85.74,326.74,288.03
279,11.160000,person,0.604362,315.75,146.80,364.84,292.99
279,11.160000,person,0.600380,401.62,96.01,457.23,293.40
279,11.160000,person,0.551241,304.33,66.81,383.60,296.66
279,11.160000,person,0.385318,276.72,85.83,327.31,288.02
280,11.200000,person,0.609113,401.53,94.29,456.68,295.38
280,11.200000,person,0.587105,315.94,145.96,364.70,292.84
280,11.200000,person,0.561280,304.12,66.45,383.68,295.87
280,11.200000,person,0.383794,276.91,85.76,327.49,288.41
281,11.240000,person,0.643060,401.77,88.83,456.40,296.10
281,11.240000,person,0.629400,315.90,148.23,364.72,293.30
281,11.240000,person,0.567272,302.62,66.59,383.00,295.71
281,11.240000,person,0.375969,276.51,86.68,326.68,283.77
281,11.240000,person,0.268894,259.44,78.66,344.93,296.34
282,11.280000,person,0.644010,316.31,148.50,364.50,293.63
282,11.280000,person,0.641948,401.22,90.32,455.66,296.66
282,11.280000,person,0.533243,301.54,66.65,382.20,294.96
282,11.280000,person,0.358839,276.97,85.96,326.57,284.24
282,11.280000,person,0.267742,259.73,78.81,346.16,296.36
283,11.320000,person,0.664395,400.95,95.94,455.56,295.96
283,11.320000,person,0.651892,316.20,147.78,364.49,293.76
283,11.320000,person,0.484702,302.48,66.53,382.34,294.51
283,11.320000,person,0.360818,276.90,85.90,326.44,283.66
283,11.320000,person,0.256719,258.86,78.99,344.75,296.51
284,11.360000,person,0.675576,399.28,94.83,455.62,295.19
284,11.360000,person,0.644167,315.87,147.27,364.28,293.79
284,11.360000,person,0.478640,301.61,66.63,381.33,295.28
284,11.360000,person,0.367826,276.89,86.25,326.13,283.75
284,11.360000,person,0.262147,259.59,78.97,345.06,296.52
285,11.400000,person,0.673876,398.47,100.43,454.24,294.52
285,11.400000,person,0.623678,315.24,147.73,363.57,293.72
285,11.400000,person,0.439141,301.94,66.80,380.38,295.52
285,11.400000,person,0.384817,276.58,85.81,325.79,284.73
285,11.400000,person,0.263315,259.73,79.15,345.21,296.22
286,11.440000,person,0.643940,396.87,93.50,454.86,298.23
286,11.440000,person,0.627019,315.77,148.02,363.71,293.76
286,11.440000,person,0.421105,299.50,66.47,378.29,295.52
286,11.440000,person,0.356485,276.17,85.19,325.23,285.91
286,11.440000,person,0.275829,260.29,78.86,345.78,296.26
287,11.480000,person,0.650248,316.29,150.21,363.35,293.54
287,11.480000,person,0.632602,396.51,88.83,454.47,300.51
287,11.480000,person,0.381193,276.04,85.48,324.95,284.43
287,11.480000,person,0.364617,302.21,63.82,378.76,296.65
287,11.480000,person,0.268161,260.85,79.33,346.01,296.37
288,11.520000,person,0.639885,316.19,149.92,363.42,293.74
288,11.520000,person,0.585136,396.16,89.04,454.62,301.47
288,11.520000,person,0.377628,275.84,85.31,324.62,284.60
288,11.520000,person,0.357653,301.77,64.40,378.08,297.35
288,11.520000,person,0.269947,261.53,79.48,346.19,296.69
289,11.560000,person,0.610658,315.98,146.65,363.61,293.87
289,11.560000,person,0.548039,396.14,93.82,454.37,299.17
289,11.560000,person,0.350959,299.70,64.18,376.90,296.04
289,11.560000,person,0.326683,275.47,85.34,324.29,282.63
289,11.560000,person,0.282586,262.00,78.46,348.04,296.03
290,11.600000,person,0.631382,316.42,148.29,363.49,293.67
290,11.600000,person,0.544793,396.28,103.53,453.18,298.76
290,11.600000,person,0.329902,275.62,86.04,324.51,281.18
290,11.600000,person,0.306992,300.12,64.82,377.54,296.49
290,11.600000,person,0.287862,262.23,78.02,348.03,296.15
290,11.600000,person,0.282493,339.06,139.18,386.72,291.35
291,11.640000,person,0.623706,317.26,148.27,364.27,294.12
291,11.640000,person,0.505716,396.52,122.69,450.52,295.70
291,11.640000,person,0.346613,338.22,139.05,385.93,292.39
291,11.640000,person,0.323197,275.48,86.51,324.56,280.52
291,11.640000,person,0.312940,263.28,78.08,348.18,296.82
291,11.640000,person,0.291471,299.09,65.88,377.28,298.01
292,11.680000,person,0.597645,316.84,145.73,364.37,293.79
292,11.680000,person,0.501392,396.90,122.72,449.76,295.58
292,11.680000,person,0.325570,275.64,86.64,324.53,280.40
292,11.680000,person,0.313434,262.84,78.30,348.23,296.40
292,11.680000,person,0.298510,337.92,134.40,385.78,291.99
292,11.680000,person,0.289647,299.68,66.75,378.29,297.78
292,11.680000,person,0.278515,376.53,97.64,434.88,293.68
293,11.720000,person,0.626373,315.89,145.02,364.66,293.68
293,11.720000,person,0.445042,396.59,124.35,448.68,293.73
293,11.720000,person,0.390930,372.03,87.56,448.60,299.79
293,11.720000,person,0.323205,263.28,78.00,348.80,295.84
293,11.720000,person,0.313871,275.51,86.75,324.32,277.15
293,11.720000,person,0.301012,336.97,134.79,385.52,291.50
293,11.720000,person,0.283371,297.88,67.45,377.01,297.34
294,11.760000,person,0.638580,315.63,142.77,364.62,293.93
294,11.760000,person,0.490664,396.43,130.57,447.07,293.50
294,11.760000,person,0.430771,369.17,85.22,448.07,299.38
294,11.760000,person,0.322481,337.59,132.90,386.27,291.46
294,11.760000,person,0.318406,262.93,77.86,348.45,295.60
294,11.760000,person,0.307352,275.35,87.09,324.09,274.55
294,11.760000,person,0.255269,298.05,68.23,378.12,297.19
295,11.800000,person,0.759242,315.51,143.22,365.19,293.67
295,11.800000,person,0.458162,396.64,135.93,445.95,291.67
295,11.800000,person,0.420925,366.01,87.40,446.43,298.05
295,11.800000,person,0.343873,275.56,88.32,323.58,268.56
295,11.800000,person,0.318769,335.98,135.88,385.17,291.24
295,11.800000,person,0.291575,261.96,78.12,346.97,294.94
296,11.840000,person,0.664974,315.60,142.10,364.69,293.66
296,11.840000,person,0.434318,396.67,134.32,446.22,292.20
296,11.840000,person,0.409589,365.28,92.73,439.20,268.89
296,11.840000,person,0.337318,336.47,133.42,386.37,291.07
296,11.840000,person,0.325998,262.03,78.85,348.22,294.10
296,11.840000,person,0.305741,275.64,87.36,325.30,270.66
297,11.880000,person,0.719606,317.45,146.27,364.30,294.02
297,11.880000,person,0.459265,362.73,91.63,444.57,297.56
297,11.880000,person,0.367711,336.24,135.89,386.14,291.41
297,11.880000,person,0.352764,396.85,136.15,445.61,291.65
297,11.880000,person,0.314375,275.26,88.84,323.42,264.18
297,11.880000,person,0.283572,261.67,78.84,347.06,294.75
298,11.920000,person,0.638728,317.06,144.25,364.00,293.35
298,11.920000,person,0.573741,361.29,91.30,445.02,297.07
298,11.920000,person,0.346684,336.67,132.43,387.90,291.15
298,11.920000,person,0.338617,261.38,79.60,345.97,294.64
298,11.920000,person,0.317225,396.51,136.15,446.44,291.54
298,11.920000,person,0.314014,275.08,86.96,324.23,274.47
299,11.960000,person,0.625601,359.85,92.04,444.89,296.90
299,11.960000,person,0.588121,315.80,143.08,363.87,293.26
299,11.960000,person,0.448092,261.28,78.71,349.28,294.66
299,11.960000,person,0.317727,336.05,131.46,388.16,290.65
299,11.960000,person,0.287066,396.00,136.24,447.41,292.19
300,12.000000,person,0.596340,316.13,143.69,363.33,293.40
300,12.000000,person,0.575256,358.95,93.94,444.16,296.53
300,12.000000,person,0.441814,261.58,79.43,348.28,294.45
300,12.000000,person,0.351544,338.00,132.52,388.79,291.03
300,12.000000,person,0.298584,395.54,136.00,447.48,293.20
300,12.000000,person,0.253335,275.12,86.51,325.65,276.88
301,12.040000,person,0.627984,317.19,146.12,363.21,293.20
301,12.040000,person,0.505464,360.00,93.76,444.07,297.60
301,12.040000,person,0.442766,261.30,79.76,347.34,294.56
301,12.040000,person,0.431500,337.54,130.42,389.53,291.42
301,12.040000,person,0.327845,395.47,135.37,446.70,293.33
301,12.040000,person,0.289476,274.62,86.79,327.44,276.91
302,12.080000,person,0.628279,316.91,146.01,363.17,293.87
302,12.080000,person,0.444541,337.54,130.80,389.68,291.66
302,12.080000,person,0.429010,377.10,102.37,438.22,294.16
302,12.080000,person,0.377844,261.44,80.58,346.37,295.07
302,12.080000,person,0.363872,396.17,137.33,446.58,293.58
302,12.080000,person,0.314939,274.71,88.40,326.25,272.99
303,12.120000,person,0.610985,316.97,146.25,363.01,293.90
303,12.120000,person,0.431057,261.33,80.58,346.75,294.99
303,12.120000,person,0.429257,337.37,129.47,390.15,292.00
303,12.120000,person,0.404445,359.89,95.57,444.08,297.46
303,12.120000,person,0.349438,396.24,138.17,447.08,293.65
303,12.120000,person,0.300492,274.57,87.19,327.52,276.26
304,12.160000,person,0.636686,317.14,146.20,363.13,293.87
304,12.160000,person,0.457442,337.53,130.77,389.96,291.81
304,12.160000,person,0.412380,261.53,80.60,346.55,295.00
304,12.160000,person,0.410924,367.87,101.69,438.32,291.00
304,12.160000,person,0.361627,396.12,137.63,446.46,293.11
304,12.160000,person,0.308759,274.43,87.87,326.96,275.21
305,12.200000,person,0.630647,316.81,148.80,363.18,293.83
305,12.200000,person,0.471317,261.04,80.78,346.97,294.64
305,12.200000,person,0.430526,368.84,102.73,437.93,290.43
305,12.200000,person,0.423372,338.09,133.43,390.07,291.21
305,12.200000,person,0.298870,274.14,87.68,327.28,275.42
305,12.200000,person,0.292902,396.75,139.50,446.17,291.63
306,12.240000,person,0.576766,316.18,148.15,363.02,294.17
306,12.240000,person,0.513279,260.78,81.09,347.27,294.16
306,12.240000,person,0.417129,355.75,96.59,442.93,295.67
306,12.240000,person,0.371575,337.89,133.02,390.33,291.18
307,12.280000,person,0.550148,315.74,149.51,363.18,293.86
307,12.280000,person,0.539666,260.25,81.16,347.42,294.23
307,12.280000,person,0.430079,367.58,103.77,437.47,287.69
307,12.280000,person,0.373241,337.90,133.23,390.46,290.78
307,12.280000,person,0.277322,396.80,140.72,446.63,290.97
308,12.320000,person,0.542690,315.58,148.22,362.87,293.94
308,12.320000,person,0.534933,260.29,81.37,347.04,294.28
308,12.320000,person,0.423898,367.01,103.78,437.60,286.87
308,12.320000,person,0.378028,338.23,132.61,390.70,290.70
308,12.320000,person,0.277631,396.44,140.56,446.53,290.99
309,12.360000,person,0.576367,260.46,81.62,348.68,293.80
309,12.360000,person,0.524397,313.94,146.89,362.88,294.04
309,12.360000,person,0.440288,368.08,103.86,437.41,285.38
309,12.360000,person,0.366733,338.59,132.42,391.58,290.74
309,12.360000,person,0.277269,396.47,139.94,446.77,290.94
310,12.400000,person,0.577148,260.96,81.60,348.73,293.70
310,12.400000,person,0.524433,313.57,146.83,362.88,294.46
310,12.400000,person,0.442602,368.49,103.89,437.01,285.29
310,12.400000,person,0.358783,339.00,131.60,391.69,291.22
310,12.400000,person,0.280287,396.58,141.32,446.42,291.36
311,12.440000,person,0.564819,261.22,81.66,348.23,293.90
311,12.440000,person,0.519236,312.86,148.02,362.08,294.81
311,12.440000,person,0.428051,367.93,103.47,436.92,286.08
311,12.440000,person,0.350528,339.24,131.30,391.91,290.96
311,12.440000,person,0.286831,396.31,142.34,446.58,291.44
312,12.480000,person,0.580221,261.29,81.77,348.54,293.84
312,12.480000,person,0.483313,312.49,146.92,361.87,295.05
312,12.480000,person,0.428871,367.94,103.42,437.01,285.71
312,12.480000,person,0.344129,339.42,130.24,392.01,291.14
312,12.480000,person,0.284968,396.24,142.63,446.26,291.51
312,12.480000,person,0.254218,308.97,78.17,389.71,298.38
313,12.520000,person,0.588140,261.13,81.79,349.11,294.05
313,12.520000,person,0.472476,312.55,148.50,361.80,295.62
313,12.520000,person,0.429982,368.45,104.07,436.75,283.45
313,12.520000,person,0.319083,339.53,131.60,391.77,291.39
313,12.520000,person,0.290685,396.09,141.84,446.34,292.33
313,12.520000,person,0.265523,308.97,78.32,389.49,298.75
314,12.560000,person,0.574159,261.38,81.71,349.71,293.78
314,12.560000,person,0.443467,312.59,149.79,361.15,295.81
314,12.560000,person,0.433985,368.97,104.20,436.73,282.90
314,12.560000,person,0.295968,339.57,132.74,391.33,291.24
314,12.560000,person,0.292547,396.02,141.79,446.42,292.47
314,12.560000,person,0.264270,309.10,78.59,389.31,298.79
315,12.600000,person,0.577662,261.34,82.25,349.80,293.55
315,12.600000,person,0.437534,368.81,103.76,436.81,283.72
315,12.600000,person,0.414518,312.69,149.21,361.18,295.84
315,12.600000,person,0.299720,339.60,130.76,391.50,291.20
315,12.600000,person,0.292422,396.21,142.57,446.59,292.58
315,12.600000,person,0.265545,309.74,79.09,389.25,298.77
316,12.640000,person,0.583471,261.40,81.74,350.17,293.55
316,12.640000,person,0.430525,368.49,103.76,436.85,284.07
316,12.640000,person,0.424921,312.78,150.05,361.11,295.77
316,12.640000,person,0.296125,339.69,131.69,391.35,291.12
316,12.640000,person,0.292239,396.12,142.39,446.51,292.46
316,12.640000,person,0.260213,309.04,78.90,388.88,298.80
317,12.680000,person,0.590632,261.99,81.53,350.16,293.40
317,12.680000,person,0.443184,312.21,148.32,361.10,296.00
317,12.680000,person,0.427753,368.64,103.23,436.95,286.19
317,12.680000,person,0.289647,339.91,131.07,391.23,291.09
317,12.680000,person,0.286568,396.12,141.71,446.54,292.02
317,12.680000,person,0.252316,307.78,78.54,387.35,298.72
318,12.720000,person,0.584602,262.14,81.41,350.00,293.59
318,12.720000,person,0.471701,312.10,147.84,361.13,296.10
318,12.720000,person,0.434364,368.95,102.79,437.24,286.83
318,12.720000,person,0.290936,339.92,131.22,391.00,291.12
318,12.720000,person,0.288174,396.13,140.96,446.79,292.01
319,12.760000,person,0.589100,262.15,81.37,350.38,293.69
319,12.760000,person,0.480095,311.90,147.50,361.34,296.08
319,12.760000,person,0.431892,368.97,102.96,437.33,286.47
319,12.760000,person,0.288282,339.83,131.55,390.82,290.99
319,12.760000,person,0.287891,396.21,141.28,446.92,292.02
319,12.760000,person,0.276802,273.21,88.38,326.84,279.63
320,12.800000,person,0.584468,262.16,81.35,350.03,293.48
320,12.800000,person,0.505632,311.75,147.35,361.32,295.99
320,12.800000,person,0.421808,367.75,102.66,437.43,287.19
320,12.800000,person,0.288485,339.79,131.68,390.77,291.06
320,12.800000,person,0.282957,396.32,141.98,446.88,292.11
321,12.840000,person,0.588114,262.11,81.26,349.45,293.35
321,12.840000,person,0.446788,312.35,147.99,360.96,296.14
321,12.840000,person,0.426412,355.92,95.57,442.57,294.10
321,12.840000,person,0.260901,339.66,129.56,390.69,290.49
321,12.840000,person,0.260636,308.76,77.80,387.36,298.56
322,12.880000,person,0.573652,262.65,81.31,350.25,293.32
322,12.880000,person,0.481003,312.21,148.38,361.12,296.22
322,12.880000,person,0.426926,356.41,95.39,442.49,293.86
322,12.880000,person,0.264229,339.49,131.37,390.53,290.73
322,12.880000,person,0.260326,306.36,77.21,385.09,298.66
323,12.920000,person,0.575299,262.46,81.74,349.31,293.43
323,12.920000,person,0.447124,311.93,147.27,360.92,296.19
323,12.920000,person,0.417040,368.77,100.85,437.29,290.50
323,12.920000,person,0.270400,339.49,131.74,390.47,290.79
323,12.920000,person,0.266283,307.88,77.67,386.76,298.53
323,12.920000,person,0.253047,395.34,140.07,445.52,291.38
324,12.960000,person,0.591417,262.74,81.66,349.95,293.52
324,12.960000,person,0.461961,312.06,147.27,361.05,296.40
324,12.960000,person,0.429604,368.61,99.65,437.66,290.36
324,12.960000,person,0.272597,339.30,131.98,390.25,290.40
324,12.960000,person,0.257463,305.04,76.92,383.69,298.62
324,12.960000,person,0.252019,394.93,138.71,445.49,291.44
325,13.000000,person,0.623665,262.72,82.42,351.00,292.91
325,13.000000,person,0.495288,355.87,94.43,442.99,294.18
325,13.000000,person,0.494565,311.70,146.92,361.06,296.42
325,13.000000,person,0.263741,305.90,78.28,384.99,298.26
325,13.000000,person,0.252174,338.44,130.85,389.98,290.02
326,13.040000,person,0.628742,262.35,82.49,350.69,292.96
326,13.040000,person,0.609586,352.91,91.69,443.36,294.49
326,13.040000,person,0.498550,311.87,146.35,360.77,296.55
326,13.040000,person,0.284040,309.42,77.62,388.69,298.73
326,13.040000,person,0.256544,338.26,130.19,389.99,290.85
327,13.080000,person,0.621404,262.44,83.01,350.49,292.95
327,13.080000,person,0.610872,355.47,90.75,443.27,294.83
327,13.080000,person,0.507879,311.96,145.51,360.97,296.43
327,13.080000,person,0.270955,306.73,77.13,384.81,299.04
327,13.080000,person,0.257864,337.92,131.06,389.87,290.91
328,13.120000,person,0.644653,262.28,83.13,351.03,292.91
328,13.120000,person,0.632715,353.45,90.65,443.47,295.81
328,13.120000,person,0.500216,311.86,145.54,361.21,296.49
328,13.120000,person,0.278153,307.13,77.32,384.98,299.38
328,13.120000,person,0.274653,337.86,132.20,390.03,291.42
328,13.120000,person,0.253306,382.02,125.48,436.87,292.50
329,13.160000,person,0.746092,348.57,89.26,444.22,296.12
329,13.160000,person,0.703254,261.35,83.10,351.11,292.36
329,13.160000,person,0.432251,312.10,143.86,361.77,296.04
329,13.160000,person,0.325308,313.97,77.66,391.55,299.68
329,13.160000,person,0.257699,381.81,128.39,437.36,293.30
329,13.160000,person,0.254241,337.11,131.38,389.88,291.85
330,13.200000,person,0.742191,350.47,88.19,443.75,296.89
330,13.200000,person,0.701349,261.71,82.59,351.19,292.49
330,13.200000,person,0.445707,312.21,143.76,362.32,295.96
330,13.200000,person,0.315734,311.70,76.52,388.71,299.99
330,13.200000,person,0.295800,382.34,129.03,437.23,293.50
330,13.200000,person,0.266198,337.04,132.41,388.98,291.93
331,13.240000,person,0.763073,350.08,88.19,444.15,297.27
331,13.240000,person,0.683679,261.70,82.53,351.18,292.15
331,13.240000,person,0.442364,311.96,143.22,361.97,295.82
331,13.240000,person,0.330676,312.83,76.58,389.71,299.72
332,13.280000,person,0.779020,351.69,87.52,444.75,298.74
332,13.280000,person,0.695188,262.01,82.90,351.94,292.11
332,13.280000,person,0.452892,311.92,141.92,362.20,295.90
332,13.280000,person,0.314940,309.93,75.38,385.74,300.14
332,13.280000,person,0.265621,382.36,128.34,437.29,294.29
333,13.320000,person,0.769196,352.58,86.87,444.79,299.67
333,13.320000,person,0.670676,261.46,83.16,350.12,292.60
333,13.320000,person,0.401514,311.92,140.49,362.35,295.58
333,13.320000,person,0.321083,311.89,75.27,386.36,300.57
333,13.320000,person,0.251032,381.69,128.18,436.86,294.75
334,13.360000,person,0.746206,353.55,85.71,444.34,298.24
334,13.360000,person,0.676737,261.71,83.13,350.19,292.35
334,13.360000,person,0.396012,311.72,139.46,362.07,295.56
334,13.360000,person,0.328511,311.92,74.83,385.50,300.39
334,13.360000,person,0.256939,381.08,126.86,437.07,294.43
335,13.400000,person,0.713479,354.43,85.03,444.14,298.29
335,13.400000,person,0.665377,262.13,83.01,350.09,292.39
335,13.400000,person,0.402935,311.56,141.11,362.14,295.20
335,13.400000,person,0.318509,310.60,74.44,383.99,300.15
335,13.400000,person,0.268825,380.68,126.61,436.65,294.30
335,13.400000,person,0.252379,251.53,175.69,306.39,301.46
336,13.440000,person,0.754346,353.58,84.74,444.86,298.82
336,13.440000,person,0.666563,262.24,82.97,350.23,292.56
336,13.440000,person,0.407866,311.61,140.47,362.37,295.47
336,13.440000,person,0.319983,310.22,73.76,383.63,300.61
336,13.440000,person,0.274693,380.38,126.43,436.40,294.99
336,13.440000,person,0.256543,251.67,175.59,306.38,301.54
337,13.480000,person,0.733225,354.99,84.97,445.14,298.02
337,13.480000,person,0.647538,261.85,82.81,349.55,292.93
337,13.480000,person,0.408696,311.45,139.68,361.52,295.82
337,13.480000,person,0.334517,309.67,73.46,382.94,300.81
337,13.480000,person,0.265780,380.53,125.56,437.80,294.74
338,13.520000,person,0.692181,356.82,84.96,444.86,298.38
338,13.520000,person,0.638406,262.06,82.67,349.50,293.05
338,13.520000,person,0.425836,311.66,139.83,361.76,295.82
338,13.520000,person,0.319871,308.40,73.00,381.45,300.60
338,13.520000,person,0.272863,380.46,127.12,438.25,294.49
339,13.560000,person,0.672133,358.91,85.62,445.27,299.91
339,13.560000,person,0.635804,262.57,82.48,350.02,293.01
339,13.560000,person,0.440604,311.75,139.96,362.09,295.75
339,13.560000,person,0.304630,305.27,72.52,378.25,300.10
339,13.560000,person,0.251070,251.35,175.14,306.15,301.60
340,13.600000,person,0.684123,358.03,85.63,445.62,299.27
340,13.600000,person,0.636971,262.34,82.25,350.07,292.91
340,13.600000,person,0.428807,311.61,139.57,361.66,295.72
340,13.600000,person,0.302225,305.51,72.64,378.96,299.89
340,13.600000,person,0.280007,251.32,174.67,306.00,301.82
341,13.640000,person,0.732269,358.52,87.06,445.87,299.91
341,13.640000,person,0.629868,262.50,82.60,350.40,292.79
341,13.640000,person,0.420493,311.39,138.76,361.13,295.60
341,13.640000,person,0.298681,304.83,73.10,378.44,299.91
341,13.640000,person,0.285287,251.52,174.80,306.55,301.85
342,13.680000,person,0.789905,356.69,86.76,446.34,299.30
342,13.680000,person,0.619433,262.50,82.74,349.87,293.00
342,13.680000,person,0.429000,311.54,137.71,361.20,295.84
342,13.680000,person,0.310408,306.66,73.53,380.85,300.17
342,13.680000,person,0.296080,251.53,174.78,306.73,301.93
343,13.720000,person,0.794692,356.69,86.48,446.33,298.68
343,13.720000,person,0.607155,262.33,82.74,349.45,292.99
343,13.720000,person,0.436879,311.58,137.21,361.23,295.48
343,13.720000,person,0.301746,307.96,73.64,382.26,300.01
343,13.720000,person,0.296202,251.59,174.71,307.21,301.80
344,13.760000,person,0.804368,355.76,85.98,446.47,298.79
344,13.760000,person,0.601637,262.36,82.30,350.22,292.98
344,13.760000,person,0.458034,311.82,138.32,361.56,295.42
344,13.760000,person,0.300833,307.34,73.02,381.85,300.07
344,13.760000,person,0.291385,251.68,174.64,307.20,301.70
345,13.800000,person,0.825122,354.15,85.72,446.32,298.74
345,13.800000,person,0.600419,262.09,81.84,350.22,292.83
345,13.800000,person,0.434731,312.27,136.99,361.30,295.33
345,13.800000,person,0.313365,309.58,73.17,384.17,299.97
345,13.800000,person,0.285785,252.06,174.42,306.77,302.11
346,13.840000,person,0.810942,353.84,85.26,446.22,299.18
346,13.840000,person,0.600186,262.28,80.85,350.86,292.71
346,13.840000,person,0.457269,312.73,140.37,361.37,295.21
346,13.840000,person,0.327794,309.36,72.43,384.19,299.62
346,13.840000,person,0.306929,252.16,174.33,306.86,301.92
347,13.880000,person,0.836835,352.41,85.01,446.45,298.89
347,13.880000,person,0.637002,262.31,80.54,352.64,292.17
347,13.880000,person,0.413008,312.04,137.39,360.86,295.29
347,13.880000,person,0.345987,308.81,71.93,383.84,299.68
347,13.880000,person,0.276551,252.18,174.38,306.35,302.02
348,13.920000,person,0.807591,354.58,85.33,446.31,299.21
348,13.920000,person,0.632904,262.63,80.84,351.73,292.28
348,13.920000,person,0.411816,312.30,139.75,360.69,295.09
348,13.920000,person,0.316569,307.16,71.59,381.56,299.72
348,13.920000,person,0.293444,252.07,174.44,306.12,301.99
349,13.960000,person,0.812692,355.03,85.55,446.57,299.15
349,13.960000,person,0.600098,262.30,80.48,350.85,292.46
349,13.960000,person,0.457880,312.74,143.17,360.91,294.84
349,13.960000,person,0.315222,306.02,71.40,381.22,299.50
349,13.960000,person,0.296942,252.08,174.05,306.19,301.97
349,13.960000,person,0.251060,379.68,121.77,439.64,295.68
350,14.000000,person,0.787594,356.48,85.22,446.60,299.59
350,14.000000,person,0.621324,262.45,80.46,352.66,292.28
350,14.000000,person,0.361002,303.93,69.98,380.17,299.55
350,14.000000,person,0.280957,311.89,136.78,361.03,294.45
351,14.040000,person,0.785509,355.50,85.35,446.09,299.29
351,14.040000,person,0.674666,262.87,80.16,352.11,291.83
351,14.040000,person,0.380172,304.79,69.85,380.91,299.24
351,14.040000,person,0.267422,251.94,175.28,304.83,301.61
352,14.080000,person,0.808432,354.27,85.08,446.36,299.35
352,14.080000,person,0.674705,262.80,80.05,352.81,291.84
352,14.080000,person,0.394987,304.29,69.70,381.14,299.35
352,14.080000,person,0.282947,251.85,175.11,304.81,301.80
353,14.120000,person,0.816758,356.16,84.08,446.33,298.32
353,14.120000,person,0.716929,262.92,80.57,357.08,290.61
353,14.120000,person,0.443479,303.43,68.85,379.57,298.82
353,14.120000,person,0.263322,311.08,133.07,361.26,294.16
354,14.160000,person,0.781881,357.11,84.02,445.65,297.46
354,14.160000,person,0.708524,263.42,80.74,356.08,290.84
354,14.160000,person,0.427478,303.04,69.07,378.79,298.77
354,14.160000,person,0.293747,311.22,131.38,361.33,294.59
355,14.200000,person,0.802815,358.18,84.47,446.10,297.92
355,14.200000,person,0.659202,263.64,80.68,355.98,291.05
355,14.200000,person,0.429987,300.45,68.57,377.30,298.69
355,14.200000,person,0.275664,311.37,134.49,361.36,294.29
356,14.240000,person,0.822928,357.05,84.27,446.09,297.64
356,14.240000,person,0.633041,263.85,80.53,356.03,290.94
356,14.240000,person,0.431880,300.73,68.50,378.04,298.76
356,14.240000,person,0.265542,311.42,135.36,361.14,293.99
357,14.280000,person,0.821535,356.84,84.58,445.89,297.16
357,14.280000,person,0.693304,263.42,80.60,360.35,289.69
357,14.280000,person,0.439638,298.98,68.58,377.76,298.38
357,14.280000,person,0.282146,310.46,135.75,361.48,294.09
358,14.320000,person,0.828872,356.16,83.96,446.04,296.43
358,14.320000,person,0.696627,263.22,80.31,362.07,289.12
358,14.320000,person,0.470180,297.34,68.03,377.73,297.94
358,14.320000,person,0.292344,310.37,137.83,361.83,293.83
359,14.360000,person,0.814223,355.75,83.73,445.72,296.68
359,14.360000,person,0.696949,262.99,80.36,361.11,288.86
359,14.360000,person,0.446570,299.06,67.96,378.57,298.05
359,14.360000,person,0.278228,310.63,136.68,361.63,293.73
360,14.400000,person,0.798851,355.48,84.05,445.18,296.17
360,14.400000,person,0.693698,263.14,80.49,360.15,289.02
360,14.400000,person,0.441564,300.55,68.47,379.20,297.90
360,14.400000,person,0.266371,310.65,132.34,362.04,294.03
361,14.440000,person,0.788783,354.42,82.86,444.51,295.34
361,14.440000,person,0.681113,262.71,80.49,357.12,289.64
361,14.440000,person,0.406828,303.87,68.92,380.80,298.46
361,14.440000,person,0.304439,312.54,140.45,361.49,293.64
362,14.480000,person,0.730933,356.90,83.24,444.24,295.26
362,14.480000,person,0.603232,262.36,81.08,353.63,290.82
362,14.480000,person,0.397159,304.90,69.04,380.81,298.99
362,14.480000,person,0.346207,313.24,139.38,362.14,293.77
363,14.520000,person,0.693069,357.16,83.30,443.93,295.82
363,14.520000,person,0.584417,262.88,80.62,355.27,290.27
363,14.520000,person,0.363693,303.24,69.08,379.94,298.47
363,14.520000,person,0.347632,313.15,138.33,362.05,293.60
363,14.520000,person,0.265673,382.67,129.07,437.49,295.54
364,14.560000,person,0.655605,358.41,82.95,443.52,295.86
364,14.560000,person,0.571660,262.80,80.71,353.62,290.82
364,14.560000,person,0.362151,304.35,69.00,380.39,298.51
364,14.560000,person,0.331706,313.17,137.30,362.12,293.67
364,14.560000,person,0.263520,382.66,130.18,437.07,295.37
365,14.600000,person,0.676362,357.08,83.31,443.25,295.91
365,14.600000,person,0.586390,262.17,79.95,355.16,290.92
365,14.600000,person,0.370282,303.83,68.34,381.15,298.57
365,14.600000,person,0.337657,313.82,139.09,362.25,293.61
366,14.640000,person,0.587248,361.07,82.92,444.17,297.11
366,14.640000,person,0.568430,262.72,79.13,355.37,291.26
366,14.640000,person,0.389784,299.79,67.59,377.59,297.81
366,14.640000,person,0.327909,313.52,138.97,362.34,293.40
366,14.640000,person,0.254764,382.41,129.41,437.27,295.93
367,14.680000,person,0.571439,262.70,79.50,354.81,291.35
367,14.680000,person,0.548374,362.27,83.02,444.44,297.07
367,14.680000,person,0.369910,298.68,67.81,376.87,297.83
367,14.680000,person,0.298875,313.32,140.40,362.34,293.69
367,14.680000,person,0.270173,382.27,128.22,437.49,296.15
368,14.720000,person,0.564006,262.56,79.34,354.53,291.27
368,14.720000,person,0.553157,361.43,83.22,444.25,296.98
368,14.720000,person,0.367008,299.78,67.86,377.04,297.83
368,14.720000,person,0.299309,313.76,140.03,362.54,293.23
368,14.720000,person,0.272133,382.37,127.94,437.59,295.61
369,14.760000,person,0.556341,263.38,79.01,353.94,291.50
369,14.760000,person,0.506599,365.38,81.62,445.35,297.24
369,14.760000,person,0.344063,297.95,67.35,374.24,297.13
369,14.760000,person,0.307299,313.69,137.81,362.27,293.34
369,14.760000,person,0.273153,382.51,128.16,437.46,295.11
370,14.800000,person,0.572146,263.10,79.34,355.27,291.04
370,14.800000,person,0.526188,364.92,81.84,445.45,297.21
370,14.800000,person,0.338963,297.69,67.51,374.19,296.93
370,14.800000,person,0.324976,313.40,135.24,362.20,293.80
370,14.800000,person,0.288105,381.99,127.83,437.40,295.34
371,14.840000,person,0.590641,263.18,78.82,356.78,290.68
371,14.840000,person,0.524698,364.82,81.34,445.39,297.55
371,14.840000,person,0.353386,297.72,66.95,374.25,296.64
371,14.840000,person,0.325788,312.85,129.80,362.18,294.65
371,14.840000,person,0.274831,382.27,127.80,437.10,295.65
372,14.880000,person,0.597460,262.97,79.05,356.78,290.57
372,14.880000,person,0.513971,364.57,81.52,445.32,298.09
372,14.880000,person,0.344544,298.06,66.87,374.32,296.72
372,14.880000,person,0.328020,313.71,131.86,362.01,294.83
372,14.880000,person,0.284817,382.24,128.36,436.42,295.53
373,14.920000,person,0.585067,263.02,78.94,356.70,290.41
373,14.920000,person,0.508240,365.29,81.42,445.04,298.07
373,14.920000,person,0.329353,313.98,134.04,361.89,294.76
373,14.920000,person,0.325063,296.79,67.08,373.96,296.52
373,14.920000,person,0.298930,382.09,128.14,436.57,295.79
374,14.960000,person,0.595255,262.70,78.67,357.61,290.20
374,14.960000,person,0.538875,364.24,81.80,445.10,298.22
374,14.960000,person,0.328247,297.43,66.54,374.51,297.08
374,14.960000,person,0.308724,314.15,136.16,362.12,294.66
374,14.960000,person,0.284243,381.81,126.46,436.75,296.23
375,15.000000,person,0.563369,262.78,78.76,356.31,290.44
375,15.000000,person,0.512524,365.14,81.91,445.07,299.14
375,15.000000,person,0.312511,297.81,66.64,374.75,296.99
375,15.000000,person,0.306383,314.70,136.64,362.55,294.84
375,15.000000,person,0.288929,382.55,126.05,436.98,296.47
376,15.040000,person,0.545684,263.06,78.87,356.27,290.48
376,15.040000,person,0.502047,365.19,82.01,444.96,299.08
376,15.040000,person,0.311002,297.46,66.84,374.82,296.76
376,15.040000,person,0.306431,314.72,137.82,362.43,294.82
376,15.040000,person,0.304795,382.03,125.53,436.51,296.40
377,15.080000,person,0.514871,262.05,79.26,354.27,291.26
377,15.080000,person,0.445108,366.76,82.68,445.36,299.17
377,15.080000,person,0.335848,315.72,141.55,362.53,294.55
377,15.080000,person,0.320407,381.69,127.55,436.51,296.46
377,15.080000,person,0.284870,298.49,67.45,375.51,297.03
378,15.120000,person,0.487149,262.47,78.95,353.58,291.71
378,15.120000,person,0.413514,369.26,87.41,439.32,291.43
378,15.120000,person,0.336301,315.50,141.39,362.88,294.37
378,15.120000,person,0.285488,297.84,67.26,374.80,296.93
378,15.120000,person,0.250009,274.02,86.20,329.82,266.82
379,15.160000,person,0.476115,262.68,78.88,353.26,291.91
379,15.160000,person,0.421841,369.04,87.33,439.47,292.41
379,15.160000,person,0.354054,315.30,142.27,363.16,294.47
379,15.160000,person,0.293048,297.58,67.27,374.93,296.72
379,15.160000,person,0.256079,273.89,86.60,329.28,266.69
380,15.200000,person,0.475423,262.77,78.75,353.14,291.95
380,15.200000,person,0.419071,369.01,86.89,439.34,292.24
380,15.200000,person,0.343390,315.23,141.69,363.14,294.53
380,15.200000,person,0.291313,297.70,66.78,374.80,296.74
380,15.200000,person,0.250559,274.10,86.55,329.21,267.60
381,15.240000,person,0.473999,262.60,78.57,351.47,292.38
381,15.240000,person,0.430190,367.25,81.68,445.82,298.80
381,15.240000,person,0.342052,314.44,134.38,363.48,294.97
381,15.240000,person,0.296604,297.78,65.88,374.47,297.00
382,15.280000,person,0.476153,262.49,78.68,350.73,292.37
382,15.280000,person,0.418812,367.30,81.41,445.63,298.12
382,15.280000,person,0.325850,314.39,132.74,363.30,295.20
382,15.280000,person,0.296133,298.17,65.69,374.79,297.04
383,15.320000,person,0.475222,262.57,78.51,351.02,292.28
383,15.320000,person,0.429167,369.02,86.91,439.08,293.41
383,15.320000,person,0.325543,314.11,130.65,363.14,295.23
383,15.320000,person,0.300935,297.40,65.16,374.07,296.85
384,15.360000,person,0.526516,261.73,79.13,353.93,291.04
384,15.360000,person,0.445460,367.42,81.33,444.67,298.12
384,15.360000,person,0.370669,313.34,135.40,362.94,294.79
384,15.360000,person,0.303412,294.60,65.63,373.89,296.66
385,15.400000,person,0.488585,261.66,78.77,355.30,290.69
385,15.400000,person,0.428442,368.59,86.34,438.79,292.72
385,15.400000,person,0.395653,313.96,139.48,362.74,293.86
385,15.400000,person,0.296947,292.55,65.38,374.00,295.95
386,15.440000,person,0.502389,261.43,78.67,355.69,290.50
386,15.440000,person,0.432930,367.47,80.91,444.68,296.94
386,15.440000,person,0.393158,314.23,141.72,362.85,293.65
386,15.440000,person,0.301165,293.66,65.41,374.92,296.06
387,15.480000,person,0.484730,261.94,78.34,355.92,290.55
387,15.480000,person,0.446183,367.58,80.81,444.31,297.34
387,15.480000,person,0.388628,313.98,141.95,362.64,293.48
387,15.480000,person,0.304750,292.93,65.25,374.60,295.90
388,15.520000,person,0.505024,261.80,78.33,356.67,290.32
388,15.520000,person,0.447193,368.24,86.66,438.77,293.06
388,15.520000,person,0.390452,314.26,141.85,362.76,293.32
388,15.520000,person,0.294295,291.89,64.72,373.79,295.73
389,15.560000,person,0.505163,315.58,145.86,362.95,293.38
389,15.560000,person,0.466261,368.42,87.17,438.69,293.79
389,15.560000,person,0.394554,261.79,77.82,351.04,291.40
389,15.560000,person,0.289326,303.13,86.43,372.95,281.11
389,15.560000,person,0.275461,273.37,87.15,325.87,265.97
390,15.600000,person,0.551586,317.46,150.54,362.98,292.81
390,15.600000,person,0.464574,368.86,86.79,438.67,294.37
390,15.600000,person,0.354820,261.27,78.00,351.06,291.59
390,15.600000,person,0.260318,273.34,87.58,325.68,266.54
390,15.600000,person,0.251846,304.26,88.78,372.80,279.99
391,15.640000,person,0.506631,315.99,147.35,362.80,292.96
391,15.640000,person,0.457394,368.73,86.64,438.68,293.84
391,15.640000,person,0.359616,261.41,78.28,350.74,291.63
391,15.640000,person,0.292913,272.68,87.32,326.69,264.43
392,15.680000,person,0.456147,369.56,86.76,438.56,294.39
392,15.680000,person,0.451831,314.80,141.19,362.81,293.53
392,15.680000,person,0.399833,261.69,79.27,350.60,292.21
392,15.680000,person,0.283606,272.60,87.73,327.42,264.59
393,15.720000,person,0.458828,369.11,85.75,438.58,294.53
393,15.720000,person,0.440867,313.79,139.43,362.70,293.63
393,15.720000,person,0.424698,262.71,79.17,352.41,291.70
394,15.760000,person,0.477219,314.59,141.51,362.24,293.75
394,15.760000,person,0.461315,369.07,85.00,438.82,294.07
394,15.760000,person,0.399106,262.90,78.98,350.96,292.00
394,15.760000,person,0.250454,272.24,87.96,327.39,270.66
395,15.800000,person,0.530198,314.85,144.01,362.15,293.39
395,15.800000,person,0.442698,369.48,86.38,438.86,294.43
395,15.800000,person,0.372322,262.21,79.20,350.46,291.98
395,15.800000,person,0.266819,271.48,87.88,325.94,267.87
395,15.800000,person,0.251198,304.41,87.12,371.82,282.73
396,15.840000,person,0.558537,316.79,145.61,362.15,293.19
396,15.840000,person,0.454947,369.38,86.14,438.80,294.50
396,15.840000,person,0.307480,262.28,78.79,348.90,292.50
396,15.840000,person,0.294326,271.25,88.42,324.21,264.92
397,15.880000,person,0.610570,317.09,146.66,361.93,293.56
397,15.880000,person,0.447448,373.99,96.04,436.70,295.85
397,15.880000,person,0.304083,270.90,88.10,323.56,266.08
397,15.880000,person,0.299484,262.68,78.47,349.02,292.65
397,15.880000,person,0.274471,305.00,86.60,371.87,283.20
398,15.920000,person,0.506888,315.48,141.31,361.97,293.77
398,15.920000,person,0.448050,366.59,84.93,444.25,297.38
398,15.920000,person,0.320471,262.64,78.72,348.73,293.01
398,15.920000,person,0.296341,270.82,87.58,323.25,270.01
398,15.920000,person,0.254675,305.23,85.23,371.52,285.03
399,15.960000,person,0.473567,366.26,84.55,444.28,297.20
399,15.960000,person,0.404906,312.96,136.00,361.71,294.00
399,15.960000,person,0.403226,262.57,78.77,351.73,292.40
399,15.960000,person,0.264883,294.32,64.48,374.24,297.46
400,16.000000,person,0.487027,366.73,84.39,444.24,296.77
400,16.000000,person,0.399780,262.71,78.64,351.89,292.04
400,16.000000,person,0.359531,311.51,128.82,361.76,294.59
400,16.000000,person,0.263966,292.96,63.82,373.79,297.35
400,16.000000,person,0.252933,271.01,86.21,324.86,270.11
401,16.040000,person,0.491581,368.10,83.87,444.70,296.32
401,16.040000,person,0.335293,261.61,78.05,347.38,292.93
401,16.040000,person,0.333339,312.26,127.18,361.12,294.40
401,16.040000,person,0.268929,270.34,85.50,323.06,271.36
401,16.040000,person,0.263603,296.08,62.50,375.60,297.81
402,16.080000,person,0.449758,370.25,83.27,445.22,295.94
402,16.080000,person,0.410629,312.62,122.81,361.52,294.69
402,16.080000,person,0.318679,269.83,86.46,321.60,269.11
402,16.080000,person,0.279057,260.07,77.55,343.36,293.27
402,16.080000,person,0.278650,246.77,173.63,305.78,302.36
402,16.080000,person,0.267638,291.13,68.27,375.75,295.66
403,16.120000,person,0.464461,368.56,87.80,438.47,295.59
403,16.120000,person,0.457411,311.27,123.69,361.57,294.97
403,16.120000,person,0.334985,271.00,86.17,322.52,269.74
403,16.120000,person,0.260552,292.31,68.16,375.47,295.90
404,16.160000,person,0.472262,373.26,95.44,436.60,296.34
404,16.160000,person,0.471248,310.95,122.75,361.56,295.05
404,16.160000,person,0.311802,271.15,86.59,320.86,267.90
404,16.160000,person,0.264819,299.40,61.23,375.40,297.49
405,16.200000,person,0.507143,304.25,77.91,371.20,288.15
405,16.200000,person,0.490927,312.46,131.31,360.91,294.25
405,16.200000,person,0.487664,367.33,89.80,437.38,298.41
405,16.200000,person,0.321674,269.88,86.76,318.92,265.60
406,16.240000,person,0.530854,305.49,74.34,371.73,288.97
406,16.240000,person,0.483586,314.17,133.64,360.60,293.94
406,16.240000,person,0.472582,372.21,92.49,436.85,295.64
406,16.240000,person,0.311423,268.23,86.40,317.49,264.32
407,16.280000,person,0.548005,306.05,70.37,371.70,291.08
407,16.280000,person,0.505515,314.07,132.89,360.48,294.52
407,16.280000,person,0.497509,372.45,92.13,436.73,296.11
407,16.280000,person,0.275671,266.63,85.14,318.27,264.60
408,16.320000,person,0.535236,307.22,74.58,373.14,289.63
408,16.320000,person,0.475004,373.06,93.00,436.63,296.05
408,16.320000,person,0.430057,314.58,130.84,360.94,294.57
409,16.360000,person,0.572810,307.09,73.25,373.72,287.99
409,16.360000,person,0.485811,368.18,90.30,437.55,298.10
409,16.360000,person,0.403093,314.22,132.18,360.66,295.35
409,16.360000,person,0.284805,253.79,90.57,307.70,229.33
410,16.400000,person,0.589038,306.96,73.36,374.32,288.81
410,16.400000,person,0.456071,368.81,91.14,437.54,296.15
410,16.400000,person,0.402214,314.24,129.86,360.34,295.32
410,16.400000,person,0.262149,252.81,90.52,306.96,236.63
411,16.440000,person,0.561880,306.57,74.80,373.93,289.42
411,16.440000,person,0.436519,369.53,91.34,438.40,293.40
411,16.440000,person,0.389207,314.33,126.75,360.89,295.79
411,16.440000,person,0.265632,252.73,90.67,306.23,237.38
411,16.440000,person,0.250184,253.90,78.73,333.54,294.63
412,16.480000,person,0.586490,305.62,72.66,374.48,288.52
412,16.480000,person,0.435279,370.32,91.02,438.41,293.59
412,16.480000,person,0.390231,313.46,128.95,360.72,295.37
412,16.480000,person,0.266236,252.72,90.96,306.37,237.14
412,16.480000,person,0.250031,254.06,78.78,333.74,294.47
413,16.520000,person,0.578552,306.28,71.78,374.99,288.53
413,16.520000,person,0.448948,370.06,89.92,438.44,294.18
413,16.520000,person,0.392048,314.13,127.64,360.80,295.87
413,16.520000,person,0.274933,252.37,90.90,306.72,239.92
413,16.520000,person,0.263836,254.56,78.79,333.80,294.39
414,16.560000,person,0.580430,306.51,71.84,374.70,288.15
414,16.560000,person,0.447808,369.78,90.69,438.64,293.15
414,16.560000,person,0.357284,313.83,125.09,360.35,296.45
414,16.560000,person,0.276325,254.84,78.45,334.15,294.28
414,16.560000,person,0.266598,252.30,91.15,306.52,241.95
415,16.600000,person,0.628499,306.06,70.41,374.46,289.12
415,16.600000,person,0.446165,369.15,91.87,438.08,295.84
415,16.600000,person,0.359923,313.28,120.22,361.07,297.13
415,16.600000,person,0.289212,254.72,77.67,332.10,295.34
415,16.600000,person,0.274265,251.89,91.28,306.60,248.33
416,16.640000,person,0.636489,306.17,70.95,374.01,288.97
416,16.640000,person,0.463656,370.10,90.23,438.14,294.06
416,16.640000,person,0.318233,313.50,118.47,360.21,297.34
416,16.640000,person,0.297107,253.97,77.47,331.00,295.37
416,16.640000,person,0.283789,251.90,91.60,306.14,251.28
417,16.680000,person,0.637517,306.38,71.50,374.08,289.38
417,16.680000,person,0.452380,373.53,83.54,446.47,299.66
417,16.680000,person,0.326722,249.65,172.85,300.48,303.49
417,16.680000,person,0.302288,313.46,115.47,360.03,297.45
417,16.680000,person,0.298698,253.84,77.10,330.84,295.68
417,16.680000,person,0.255678,252.08,92.05,304.91,248.91
418,16.720000,person,0.603842,306.15,70.93,374.15,288.97
418,16.720000,person,0.455489,369.85,90.45,438.87,295.43
418,16.720000,person,0.299871,312.91,115.72,359.46,297.65
418,16.720000,person,0.294803,254.39,77.37,332.34,295.32
418,16.720000,person,0.288837,252.47,91.77,304.35,244.97
418,16.720000,person,0.279182,249.67,176.94,300.78,303.17
419,16.760000,person,0.600440,306.05,70.30,374.14,289.71
419,16.760000,person,0.447089,373.47,83.93,446.41,299.64
419,16.760000,person,0.329939,250.19,173.28,300.11,301.45
419,16.760000,person,0.303725,313.06,116.29,359.25,297.43
419,16.760000,person,0.281044,253.85,77.23,331.55,295.12
419,16.760000,person,0.265731,251.88,92.56,304.36,246.72
420,16.800000,person,0.623103,305.90,69.30,374.49,290.39
420,16.800000,person,0.447895,373.77,84.08,446.75,300.19
420,16.800000,person,0.422147,248.78,173.69,298.55,302.17
420,16.800000,person,0.338845,312.95,114.92,360.05,297.40
420,16.800000,person,0.280865,253.01,77.41,328.65,295.66
420,16.800000,person,0.279395,251.49,90.92,305.47,254.66
421,16.840000,person,0.635630,305.69,70.44,374.92,288.36
421,16.840000,person,0.441294,374.34,83.66,446.75,300.17
421,16.840000,person,0.423017,248.09,164.39,300.31,304.14
421,16.840000,person,0.374825,312.49,122.46,359.64,295.85
421,16.840000,person,0.332835,251.35,77.33,325.92,296.22
422,16.880000,person,0.627993,305.48,70.23,374.04,289.55
422,16.880000,person,0.472789,311.95,126.32,359.50,295.03
422,16.880000,person,0.430765,375.24,83.19,446.81,299.91
422,16.880000,person,0.306705,252.23,78.11,327.81,295.27
422,16.880000,person,0.294305,248.10,169.05,299.50,303.01
423,16.920000,person,0.602617,303.46,69.00,373.69,287.09
423,16.920000,person,0.431805,370.73,91.49,438.28,297.03
423,16.920000,person,0.377197,310.57,124.08,359.24,295.16
423,16.920000,person,0.376448,255.90,77.80,335.44,294.90
424,16.960000,person,0.611594,303.90,69.82,372.17,286.46
424,16.960000,person,0.440928,256.19,78.19,335.65,295.05
424,16.960000,person,0.433584,370.74,91.40,438.11,298.25
424,16.960000,person,0.335705,310.64,118.57,358.58,296.06
425,17.000000,person,0.534597,256.17,78.14,337.09,294.63
425,17.000000,person,0.519050,304.79,71.83,370.44,287.01
425,17.000000,person,0.444247,374.48,82.97,446.90,301.04
426,17.040000,person,0.562015,304.66,69.34,370.47,288.89
426,17.040000,person,0.471033,255.72,78.08,334.01,295.03
426,17.040000,person,0.442081,374.78,83.00,446.88,301.20
426,17.040000,person,0.250807,309.45,128.50,356.02,296.89
427,17.080000,person,0.573369,304.72,67.85,370.10,290.27
427,17.080000,person,0.453422,375.16,83.58,447.14,300.28
427,17.080000,person,0.379632,256.76,77.79,333.33,294.50
427,17.080000,person,0.300762,309.42,127.76,356.92,296.79
428,17.120000,person,0.573101,304.59,68.90,369.04,292.14
428,17.120000,person,0.449931,374.77,83.62,447.17,300.87
428,17.120000,person,0.411116,256.50,78.29,332.98,294.17
428,17.120000,person,0.308747,309.39,126.09,357.30,297.00
428,17.120000,person,0.257717,250.86,88.14,306.50,260.83
429,17.160000,person,0.521991,305.33,69.78,368.82,290.24
429,17.160000,person,0.435936,374.49,83.65,446.96,299.40
429,17.160000,person,0.416591,256.11,78.02,332.48,293.56
429,17.160000,person,0.305581,309.18,128.91,356.24,296.60
429,17.160000,person,0.260280,249.59,155.76,297.10,303.54
429,17.160000,person,0.253516,250.63,87.84,307.18,261.27
430,17.200000,person,0.508207,306.02,71.18,369.02,289.61
430,17.200000,person,0.449991,374.44,83.56,446.77,299.88
430,17.200000,person,0.427422,256.19,78.25,334.03,292.79
431,17.240000,person,0.460655,311.69,123.81,358.74,295.03
431,17.240000,person,0.450799,374.03,83.39,446.34,299.13
431,17.240000,person,0.434438,256.06,78.33,335.58,292.71
431,17.240000,person,0.391767,305.31,75.07,371.26,288.13
432,17.280000,person,0.602172,306.23,73.21,370.51,286.82
432,17.280000,person,0.467607,369.81,92.77,437.43,296.33
432,17.280000,person,0.435550,313.51,122.46,359.53,294.75
432,17.280000,person,0.315724,253.40,76.67,327.23,292.98
433,17.320000,person,0.631276,306.23,74.95,370.82,287.49
433,17.320000,person,0.470371,373.03,83.26,446.27,299.85
433,17.320000,person,0.354562,250.52,90.55,302.59,265.26
434,17.360000,person,0.627986,306.81,76.41,371.16,289.54
434,17.360000,person,0.491139,372.04,82.69,446.41,300.42
434,17.360000,person,0.373114,250.60,89.29,302.44,270.43
435,17.400000,person,0.617531,305.95,75.29,369.57,290.97
435,17.400000,person,0.510432,371.00,83.23,446.59,300.71
435,17.400000,person,0.376823,251.27,90.07,300.17,278.59
436,17.440000,person,0.604773,305.93,73.84,369.55,291.86
436,17.440000,person,0.494603,371.43,83.33,447.09,301.46
436,17.440000,person,0.386546,251.57,90.84,299.72,281.72
437,17.480000,person,0.567369,305.60,75.25,370.39,291.66
437,17.480000,person,0.494170,371.20,83.16,447.29,301.56
437,17.480000,person,0.441319,251.49,90.37,298.91,280.25
438,17.520000,person,0.581114,306.08,74.11,370.83,292.50
438,17.520000,person,0.489987,371.46,83.22,447.58,302.39
438,17.520000,person,0.382081,248.21,89.52,298.74,282.50
439,17.560000,person,0.568999,306.73,74.75,371.05,293.72
439,17.560000,person,0.514438,371.57,83.48,447.61,303.03
439,17.560000,person,0.432068,244.41,94.01,299.84,284.87
440,17.600000,person,0.571243,306.85,73.33,370.93,294.31
440,17.600000,person,0.488708,372.01,83.16,447.64,302.33
440,17.600000,person,0.400420,245.95,89.32,297.85,285.42
441,17.640000,person,0.545404,306.43,72.26,370.79,295.12
441,17.640000,person,0.484164,371.64,83.15,447.69,302.22
441,17.640000,person,0.411304,245.65,89.37,298.54,288.39
442,17.680000,person,0.536078,306.81,73.05,371.20,295.89
442,17.680000,person,0.462926,372.24,83.28,447.50,303.11
442,17.680000,person,0.381214,245.63,88.14,297.59,289.15
442,17.680000,person,0.276532,382.83,119.24,434.33,293.29
443,17.720000,person,0.555255,306.79,74.02,370.57,295.06
443,17.720000,person,0.474178,372.93,82.87,447.27,303.42
443,17.720000,person,0.349068,248.96,91.28,296.37,273.85
444,17.760000,person,0.542058,306.88,75.39,369.90,294.66
444,17.760000,person,0.494802,373.11,90.28,434.28,268.16
444,17.760000,person,0.355814,249.33,91.86,296.18,273.45
445,17.800000,person,0.531601,306.45,74.23,369.50,295.14
445,17.800000,person,0.488635,373.00,89.63,434.21,266.87
445,17.800000,person,0.368385,245.22,87.25,297.88,285.68
446,17.840000,person,0.550819,305.54,72.41,369.34,294.89
446,17.840000,person,0.470668,371.64,82.04,447.29,300.75
446,17.840000,person,0.376115,245.08,86.72,298.35,289.00
447,17.880000,person,0.535085,305.83,72.32,369.08,295.85
447,17.880000,person,0.504436,371.57,83.17,447.01,300.14
447,17.880000,person,0.402588,250.36,91.66,297.45,276.25
448,17.920000,person,0.549525,305.75,71.42,368.91,295.57
448,17.920000,person,0.545335,370.24,83.28,446.71,300.42
448,17.920000,person,0.383812,250.09,90.75,298.42,271.33
449,17.960000,person,0.528918,306.45,72.07,368.97,294.32
449,17.960000,person,0.491127,372.47,81.89,446.53,302.47
449,17.960000,person,0.412878,251.41,91.35,299.45,266.93
450,18.000000,person,0.548027,307.30,69.46,368.14,294.69
450,18.000000,person,0.501234,373.42,81.31,447.24,303.02
450,18.000000,person,0.395745,252.08,90.62,300.16,268.88
451,18.040000,person,0.588255,305.94,67.71,368.13,295.25
451,18.040000,person,0.461576,373.92,80.55,446.11,302.29
451,18.040000,person,0.384282,252.44,91.54,300.92,266.51
452,18.080000,person,0.613545,304.92,69.95,367.24,295.24
452,18.080000,person,0.422455,252.33,91.15,301.05,263.24
452,18.080000,person,0.399565,375.70,80.64,446.71,301.95
453,18.120000,person,0.580757,305.18,67.54,366.86,294.66
453,18.120000,person,0.459947,251.99,90.89,305.05,257.97
453,18.120000,person,0.402328,375.18,80.11,446.61,301.73
454,18.160000,person,0.589218,304.67,70.80,366.52,294.12
454,18.160000,person,0.539430,250.71,89.57,305.48,251.34
454,18.160000,person,0.417205,376.21,79.59,446.89,300.37
455,18.200000,person,0.511107,304.90,74.27,367.15,292.00
455,18.200000,person,0.425861,251.18,87.75,309.15,243.25
455,18.200000,person,0.413732,376.97,79.18,447.10,299.80
455,18.200000,person,0.324052,255.41,75.96,330.07,294.69
456,18.240000,person,0.501586,306.06,75.73,367.63,293.04
456,18.240000,person,0.446143,380.27,79.91,449.36,299.30
456,18.240000,person,0.375869,254.24,75.74,328.50,295.80
456,18.240000,person,0.354362,251.09,86.74,310.95,249.23
457,18.280000,person,0.552008,254.29,75.55,333.68,294.87
457,18.280000,person,0.492699,380.41,81.34,449.36,300.01
457,18.280000,person,0.388509,307.31,117.52,355.50,296.04
457,18.280000,person,0.313811,304.07,64.57,376.09,297.17
458,18.320000,person,0.484729,307.85,122.32,356.12,294.48
458,18.320000,person,0.477968,382.18,81.19,450.79,299.68
458,18.320000,person,0.475923,255.26,76.34,336.39,293.97
458,18.320000,person,0.286834,296.90,68.27,373.60,290.57
459,18.360000,person,0.473819,308.46,122.37,356.65,294.98
459,18.360000,person,0.462367,255.66,75.82,337.25,294.49
459,18.360000,person,0.443383,383.86,80.04,451.21,300.18
459,18.360000,person,0.331733,296.98,68.57,374.05,291.61
460,18.400000,person,0.459982,308.18,122.19,356.30,295.25
460,18.400000,person,0.433778,254.44,76.74,334.99,294.95
460,18.400000,person,0.401519,383.52,79.18,451.33,300.52
460,18.400000,person,0.324956,299.87,67.94,375.87,292.51
461,18.440000,person,0.413552,253.24,75.67,332.72,294.73
461,18.440000,person,0.409230,306.58,74.89,369.40,290.09
461,18.440000,person,0.403554,384.51,78.29,452.10,301.12
462,18.480000,person,0.442854,394.95,87.20,451.73,311.04
462,18.480000,person,0.377175,305.82,75.15,369.62,289.25
462,18.480000,person,0.367445,254.49,76.44,335.15,295.00
463,18.520000,person,0.430644,394.91,85.48,451.41,305.32
463,18.520000,person,0.379113,256.10,77.40,338.24,294.97
463,18.520000,person,0.357021,299.98,67.68,376.89,295.54
463,18.520000,person,0.347054,308.09,124.35,356.73,295.24
464,18.560000,person,0.461878,395.33,84.19,452.04,302.54
464,18.560000,person,0.447442,256.86,77.89,341.21,295.57
464,18.560000,person,0.380780,296.53,68.21,376.30,295.79
464,18.560000,person,0.326212,247.51,172.32,304.18,306.31
464,18.560000,person,0.308264,307.30,121.38,356.88,295.53
465,18.600000,person,0.529449,256.45,77.79,340.50,296.11
465,18.600000,person,0.518909,395.81,83.58,452.75,302.70
465,18.600000,person,0.391515,247.95,171.45,303.97,307.67
465,18.600000,person,0.338753,299.82,64.14,377.03,297.30
465,18.600000,person,0.252791,306.66,118.67,356.87,295.16
466,18.640000,person,0.563460,396.10,84.01,452.99,301.61
466,18.640000,person,0.514288,256.28,77.63,337.60,296.83
466,18.640000,person,0.453092,246.90,169.71,303.34,307.85
466,18.640000,person,0.319646,299.49,67.09,377.56,296.83
467,18.680000,person,0.577919,396.24,84.93,452.90,301.14
467,18.680000,person,0.519533,255.34,77.16,337.23,296.81
467,18.680000,person,0.499197,246.17,168.64,304.68,307.90
467,18.680000,person,0.376239,298.38,67.21,377.86,295.58
468,18.720000,person,0.604528,246.01,168.62,305.10,308.63
468,18.720000,person,0.592067,396.15,88.13,453.13,298.07
468,18.720000,person,0.472030,253.90,76.73,336.17,296.70
468,18.720000,person,0.433440,298.91,67.04,379.24,294.21
469,18.760000,person,0.605643,396.57,87.49,452.67,301.52
469,18.760000,person,0.557407,296.21,67.46,379.31,293.90
469,18.760000,person,0.553378,246.44,169.27,304.08,308.29
469,18.760000,person,0.407552,255.00,74.67,340.23,296.49
470,18.800000,person,0.619426,396.64,88.83,452.67,302.57
470,18.800000,person,0.578053,245.99,168.90,304.73,308.77
470,18.800000,person,0.569407,294.08,66.73,379.07,294.97
470,18.800000,person,0.410452,256.12,73.28,341.95,297.35
471,18.840000,person,0.685257,245.85,169.00,304.10,309.79
471,18.840000,person,0.647043,396.97,86.32,452.55,303.47
471,18.840000,person,0.580156,296.09,66.61,379.66,296.71
471,18.840000,person,0.391414,255.47,73.50,339.70,297.77
471,18.840000,person,0.261052,307.33,130.92,357.40,295.11
472,18.880000,person,0.652374,397.20,85.45,452.67,302.93
472,18.880000,person,0.570824,296.32,66.83,378.96,296.83
472,18.880000,person,0.566706,244.72,168.67,302.90,308.11
472,18.880000,person,0.431151,255.46,73.47,338.97,297.69
473,18.920000,person,0.661298,397.11,85.76,453.21,304.42
473,18.920000,person,0.563618,297.90,66.77,379.11,297.64
473,18.920000,person,0.523941,243.40,170.37,303.27,306.89
473,18.920000,person,0.373305,254.95,73.72,337.33,297.66
473,18.920000,person,0.256361,307.15,123.80,358.00,295.35
474,18.960000,person,0.665062,397.12,86.24,453.20,303.61
474,18.960000,person,0.538597,298.54,66.63,378.99,297.49
474,18.960000,person,0.534747,244.73,171.79,303.92,304.68
474,18.960000,person,0.398435,255.21,74.69,338.05,297.02
475,19.000000,person,0.685512,397.31,85.95,453.26,301.78
475,19.000000,person,0.537240,298.09,66.63,379.02,297.38
475,19.000000,person,0.416249,256.13,75.01,339.33,296.69
475,19.000000,person,0.345012,245.66,172.74,301.78,303.67
476,19.040000,person,0.675043,397.31,85.93,453.46,301.23
476,19.040000,person,0.545228,293.96,67.50,377.98,297.08
476,19.040000,person,0.497637,258.49,75.49,346.46,296.49
477,19.080000,person,0.677421,397.14,86.08,453.82,300.94
477,19.080000,person,0.594926,293.29,67.34,378.58,298.38
477,19.080000,person,0.445986,258.31,74.89,346.09,296.79
478,19.120000,person,0.678787,397.31,85.43,453.61,301.32
478,19.120000,person,0.465151,295.79,66.85,376.56,298.58
478,19.120000,person,0.437105,257.31,75.16,341.69,296.74
478,19.120000,person,0.304205,304.04,112.69,360.03,296.47
479,19.160000,person,0.679103,397.34,86.35,453.64,301.86
479,19.160000,person,0.435835,297.10,66.36,376.24,297.50
479,19.160000,person,0.414664,255.86,75.65,338.11,296.79
479,19.160000,person,0.368044,304.53,114.24,359.65,295.89
480,19.200000,person,0.687553,397.36,86.75,453.86,303.94
480,19.200000,person,0.412064,255.83,76.81,338.00,296.72
480,19.200000,person,0.402635,298.57,66.91,375.63,297.28
481,19.240000,person,0.677897,397.11,86.53,453.78,302.78
481,19.240000,person,0.453194,254.66,77.82,336.81,296.91
481,19.240000,person,0.363936,305.23,114.83,357.90,296.31
481,19.240000,person,0.355714,302.06,66.86,377.69,297.80
482,19.280000,person,0.680411,398.18,91.68,454.39,303.63
482,19.280000,person,0.467229,255.62,77.30,338.46,296.14
482,19.280000,person,0.374804,305.88,119.14,357.83,296.01
482,19.280000,person,0.369969,300.02,67.30,377.22,296.71
483,19.320000,person,0.671203,396.84,86.01,454.35,303.82
483,19.320000,person,0.463939,256.15,76.26,340.13,295.99
483,19.320000,person,0.429788,298.34,68.69,377.07,295.59
483,19.320000,person,0.359108,305.14,114.01,357.98,296.05
484,19.360000,person,0.667713,396.85,86.17,454.22,303.14
484,19.360000,person,0.547426,256.28,75.91,342.20,296.34
484,19.360000,person,0.466123,299.72,65.28,378.10,297.34
484,19.360000,person,0.367972,305.52,117.98,357.95,295.97
484,19.360000,person,0.276436,249.06,172.06,301.04,303.37
485,19.400000,person,0.656865,397.84,91.19,454.79,304.52
485,19.400000,person,0.580668,256.15,75.67,342.42,296.33
485,19.400000,person,0.483039,300.03,65.21,377.81,297.78
485,19.400000,person,0.371452,305.27,115.43,358.49,296.10
486,19.440000,person,0.654867,397.79,91.12,454.77,304.64
486,19.440000,person,0.568027,255.94,75.03,342.66,296.69
486,19.440000,person,0.475846,299.12,64.72,377.73,297.90
486,19.440000,person,0.385867,305.53,119.31,357.91,296.26
486,19.440000,person,0.333744,249.09,171.81,301.42,304.25
487,19.480000,person,0.649494,396.57,85.41,454.32,302.86
487,19.480000,person,0.559662,256.26,75.03,343.34,296.38
487,19.480000,person,0.457542,298.59,65.24,377.34,297.60
487,19.480000,person,0.396943,305.57,119.74,357.77,296.33
487,19.480000,person,0.390985,249.20,171.97,301.49,304.01
488,19.520000,person,0.636246,397.54,90.92,454.24,305.14
488,19.520000,person,0.558053,257.06,75.03,345.23,296.14
488,19.520000,person,0.519617,296.18,65.61,376.68,297.33
488,19.520000,person,0.369664,304.90,114.06,358.06,297.22
488,19.520000,person,0.358297,249.15,171.51,301.30,303.37
489,19.560000,person,0.631269,396.42,84.31,453.97,303.49
489,19.560000,person,0.543168,257.31,75.75,344.03,296.53
489,19.560000,person,0.533206,296.94,66.04,377.10,297.59
489,19.560000,person,0.392666,305.14,113.33,357.91,297.36
489,19.560000,person,0.300857,249.23,171.33,301.48,302.37
490,19.600000,person,0.640625,397.84,90.69,454.08,304.55
490,19.600000,person,0.534710,257.90,76.19,344.31,296.61
490,19.600000,person,0.515901,296.90,66.41,377.27,297.54
490,19.600000,person,0.416489,305.52,116.18,357.22,297.21
491,19.640000,person,0.649839,396.80,82.83,453.74,304.01
491,19.640000,person,0.477260,304.90,64.61,379.32,298.47
491,19.640000,person,0.421111,255.57,76.32,334.58,297.27
492,19.680000,person,0.645223,396.66,82.45,453.29,302.97
492,19.680000,person,0.429253,304.89,110.56,357.38,298.12
492,19.680000,person,0.402786,254.88,77.37,333.81,297.35
492,19.680000,person,0.282971,249.37,173.08,299.64,303.25
493,19.720000,person,0.628024,396.47,82.65,453.27,300.41
493,19.720000,person,0.426913,304.20,107.94,358.12,298.37
493,19.720000,person,0.414364,256.05,76.65,334.48,297.74
494,19.760000,person,0.653986,396.75,83.12,453.34,301.83
494,19.760000,person,0.521214,304.54,116.09,357.48,298.05
494,19.760000,person,0.450458,296.63,67.66,376.58,297.23
494,19.760000,person,0.428559,256.18,76.48,337.34,297.99
495,19.800000,person,0.630351,396.49,84.17,453.28,299.51
495,19.800000,person,0.462110,255.92,76.27,336.97,297.28
495,19.800000,person,0.409271,304.19,114.25,356.61,298.26
495,19.800000,person,0.364725,297.50,66.88,376.93,297.56
496,19.840000,person,0.631377,396.60,84.08,453.23,299.76
496,19.840000,person,0.530438,298.17,67.48,378.97,297.41
496,19.840000,person,0.421733,303.86,125.52,356.67,297.05
496,19.840000,person,0.407079,255.19,74.35,336.50,297.29
497,19.880000,person,0.648101,396.55,85.44,452.91,298.25
497,19.880000,person,0.496631,255.66,75.22,338.14,297.19
497,19.880000,person,0.471660,298.91,67.56,378.88,297.30
497,19.880000,person,0.385941,303.73,125.90,356.60,296.88
498,19.920000,person,0.653042,396.69,86.00,452.70,299.57
498,19.920000,person,0.491426,300.08,66.94,379.88,297.65
498,19.920000,person,0.488606,304.84,124.21,356.91,297.28
498,19.920000,person,0.353903,253.48,73.11,332.46,297.95
498,19.920000,person,0.254610,248.53,167.71,299.40,304.20
499,19.960000,person,0.663467,396.53,86.27,452.41,299.59
499,19.960000,person,0.492397,299.86,66.66,378.82,298.41
499,19.960000,person,0.399163,254.59,73.45,333.14,297.63
499,19.960000,person,0.314640,304.66,112.00,357.54,298.94
500,20.000000,person,0.655228,396.48,85.65,452.39,299.79
500,20.000000,person,0.549941,299.31,66.93,379.37,298.94
500,20.000000,person,0.370081,253.82,73.95,331.56,297.83
500,20.000000,person,0.343670,304.02,109.16,357.60,298.87
501,20.040000,person,0.635782,396.44,84.14,452.62,299.81
501,20.040000,person,0.582401,301.48,60.87,379.43,297.59
501,20.040000,person,0.380401,253.61,73.78,331.08,297.65
501,20.040000,person,0.330685,303.85,109.83,357.75,298.88
501,20.040000,person,0.265712,247.47,163.61,299.55,304.85
502,20.080000,person,0.636991,396.22,84.86,452.49,300.80
502,20.080000,person,0.560166,301.22,60.91,378.38,297.54
502,20.080000,person,0.351414,253.83,74.36,332.14,297.59
502,20.080000,person,0.340016,304.81,109.02,357.58,299.35
503,20.120000,person,0.627563,396.16,85.07,452.44,300.68
503,20.120000,person,0.565912,301.05,61.23,378.21,297.52
503,20.120000,person,0.343939,254.27,74.43,332.89,297.59
503,20.120000,person,0.341259,304.82,108.67,357.50,299.33
504,20.160000,person,0.621144,396.08,84.90,452.38,300.45
504,20.160000,person,0.553563,300.87,61.50,377.77,297.32
504,20.160000,person,0.352826,304.99,109.45,357.48,299.24
504,20.160000,person,0.334991,254.35,74.34,333.02,297.49
505,20.200000,person,0.618752,396.04,84.96,452.42,300.61
505,20.200000,person,0.543080,300.48,61.36,377.97,297.07
505,20.200000,person,0.356447,304.62,111.23,357.51,298.80
505,20.200000,person,0.346370,254.30,74.08,333.33,297.18
506,20.240000,person,0.613630,396.03,84.75,452.35,301.14
506,20.240000,person,0.550254,300.46,61.42,377.86,297.01
506,20.240000,person,0.348743,304.59,110.91,357.66,298.88
506,20.240000,person,0.338507,254.10,74.11,333.21,297.24
507,20.280000,person,0.613901,396.04,84.86,452.35,301.14
507,20.280000,person,0.548529,300.50,61.38,377.94,296.98
507,20.280000,person,0.347458,304.57,110.87,357.65,298.81
507,20.280000,person,0.338585,254.06,74.08,333.18,297.16
508,20.320000,person,0.587457,395.94,85.23,452.57,301.03
508,20.320000,person,0.529419,301.03,61.51,377.84,297.21
508,20.320000,person,0.346330,254.19,74.52,333.13,297.06
508,20.320000,person,0.342777,304.25,110.06,357.49,299.23
509,20.360000,person,0.591579,395.96,85.56,452.51,300.82
509,20.360000,person,0.525242,301.31,61.67,378.01,297.25
509,20.360000,person,0.337839,254.58,74.38,333.70,297.13
510,20.400000,person,0.576226,395.81,85.98,452.67,301.33
510,20.400000,person,0.520692,300.87,61.96,377.92,297.24
510,20.400000,person,0.340097,254.85,74.52,334.03,297.09
510,20.400000,person,0.330981,304.07,110.22,357.57,299.12
511,20.440000,person,0.577988,395.77,85.22,452.74,301.68
511,20.440000,person,0.501996,301.68,61.79,378.22,297.13
511,20.440000,person,0.335354,254.57,74.65,333.46,296.90
512,20.480000,person,0.620209,299.57,63.51,378.32,296.51
512,20.480000,person,0.612201,396.16,87.02,452.01,298.72
512,20.480000,person,0.319647,255.15,76.59,334.54,296.46
513,20.520000,person,0.631912,299.01,63.68,378.70,296.63
513,20.520000,person,0.607310,396.39,86.43,452.01,299.32
513,20.520000,person,0.325104,255.20,76.82,335.75,296.66
513,20.520000,person,0.255247,305.58,100.40,356.13,301.31
514,20.560000,person,0.613906,396.42,85.78,451.98,298.81
514,20.560000,person,0.586531,298.36,62.78,378.52,296.89
514,20.560000,person,0.335387,255.27,77.00,337.03,296.51
514,20.560000,person,0.304081,306.29,108.75,355.77,299.73
515,20.600000,person,0.627800,395.99,86.63,452.17,298.12
515,20.600000,person,0.481412,299.54,62.48,377.98,297.59
515,20.600000,person,0.384054,254.33,78.02,335.32,296.50
515,20.600000,person,0.376247,305.72,109.48,355.90,299.54
516,20.640000,person,0.635515,396.10,86.31,452.43,299.92
516,20.640000,person,0.448535,306.57,81.99,366.00,290.76
516,20.640000,person,0.404392,255.40,79.50,336.02,296.83
517,20.680000,person,0.631283,396.08,83.87,452.26,300.74
517,20.680000,person,0.485473,306.64,96.92,362.22,302.14
517,20.680000,person,0.367375,254.58,79.28,334.37,297.37
518,20.720000,person,0.615003,396.08,84.67,452.55,299.39
518,20.720000,person,0.485423,301.82,62.62,377.31,298.81
518,20.720000,person,0.400466,255.43,78.45,334.28,297.50
519,20.760000,person,0.612472,395.84,84.84,452.70,300.34
519,20.760000,person,0.494424,302.14,64.01,377.73,299.02
519,20.760000,person,0.442872,255.65,78.14,334.53,297.80
520,20.800000,person,0.582544,395.74,84.71,452.60,302.09
520,20.800000,person,0.482854,301.73,64.13,377.51,298.99
520,20.800000,person,0.458795,256.59,78.12,336.04,297.93
521,20.840000,person,0.591142,395.83,87.47,453.07,299.35
521,20.840000,person,0.467888,298.48,67.72,378.27,297.79
521,20.840000,person,0.434675,256.29,77.83,334.74,298.05
522,20.880000,person,0.577482,395.79,87.23,452.83,297.45
522,20.880000,person,0.505734,296.56,67.99,378.46,297.89
522,20.880000,person,0.445768,256.52,77.70,336.21,298.06
522,20.880000,person,0.291122,304.57,101.54,357.23,301.46
523,20.920000,person,0.594333,397.31,91.03,452.91,303.88
523,20.920000,person,0.461707,298.09,67.17,379.15,297.17
523,20.920000,person,0.429721,255.48,78.24,335.19,297.70
523,20.920000,person,0.317538,305.14,104.28,356.62,301.36
524,20.960000,person,0.610751,397.57,90.74,452.60,304.20
524,20.960000,person,0.496641,297.97,66.82,379.92,296.68
524,20.960000,person,0.403331,254.90,78.09,334.47,297.55
524,20.960000,person,0.338309,304.80,106.17,356.53,300.73
525,21.000000,person,0.600128,398.05,91.83,452.50,302.51
525,21.000000,person,0.508847,297.50,66.56,378.52,297.40
525,21.000000,person,0.389129,254.63,77.34,334.15,297.21
525,21.000000,person,0.300235,305.59,103.65,355.72,300.56
526,21.040000,person,0.628657,398.93,90.37,452.57,301.04
526,21.040000,person,0.552267,298.44,66.71,379.17,297.64
526,21.040000,person,0.373303,254.57,77.09,334.57,297.24
527,21.080000,person,0.629563,398.58,91.83,452.48,297.79
527,21.080000,person,0.597051,298.14,67.35,379.50,297.69
527,21.080000,person,0.374819,255.27,76.65,335.91,296.98
528,21.120000,person,0.626439,298.14,67.46,380.06,298.78
528,21.120000,person,0.575344,397.62,92.52,450.21,291.25
528,21.120000,person,0.355608,255.22,76.07,334.80,297.22
529,21.160000,person,0.653755,299.24,67.52,381.02,298.99
529,21.160000,person,0.535381,397.20,95.05,448.29,286.00
529,21.160000,person,0.345270,254.82,76.45,334.25,297.15
530,21.200000,person,0.681016,300.29,61.45,380.41,298.71
530,21.200000,person,0.507008,396.29,96.46,448.22,289.45
530,21.200000,person,0.333536,255.66,76.55,335.04,297.39
530,21.200000,person,0.259257,253.12,90.88,307.10,241.15
531,21.240000,person,0.656719,299.81,61.05,380.23,299.17
531,21.240000,person,0.468861,395.97,98.24,448.72,290.01
531,21.240000,person,0.347592,255.49,77.33,335.42,297.50
531,21.240000,person,0.252366,252.95,93.33,307.44,242.22
532,21.280000,person,0.642582,300.64,61.66,381.23,298.76
532,21.280000,person,0.485194,396.16,99.37,450.49,289.08
532,21.280000,person,0.334079,255.29,77.44,334.99,297.16
532,21.280000,person,0.252427,252.73,93.74,307.36,245.16
533,21.320000,person,0.631817,300.70,61.90,380.82,298.91
533,21.320000,person,0.478083,395.60,98.78,452.21,293.75
533,21.320000,person,0.350373,255.68,77.39,334.05,297.64
534,21.360000,person,0.639865,300.20,60.99,380.78,298.48
534,21.360000,person,0.478534,395.16,99.05,451.96,297.72
534,21.360000,person,0.341431,255.56,77.19,333.89,297.21
535,21.400000,person,0.623619,299.82,61.03,380.56,298.78
535,21.400000,person,0.461945,394.98,98.79,452.07,300.25
535,21.400000,person,0.348628,255.88,77.15,334.68,297.55
536,21.440000,person,0.620300,300.25,60.93,380.85,298.30
536,21.440000,person,0.483369,395.02,97.87,452.79,302.08
536,21.440000,person,0.359361,255.50,77.08,333.84,297.09
537,21.480000,person,0.648239,299.52,61.02,380.71,298.21
537,21.480000,person,0.493441,395.11,97.57,453.38,302.10
537,21.480000,person,0.343476,255.83,77.27,334.63,297.04
538,21.520000,person,0.651419,300.48,60.02,381.56,298.64
538,21.520000,person,0.480912,394.88,98.01,453.53,301.27
538,21.520000,person,0.350398,255.56,77.35,334.03,297.44
539,21.560000,person,0.682988,298.86,60.87,381.19,298.33
539,21.560000,person,0.490419,395.00,98.08,453.95,300.31
539,21.560000,person,0.365328,256.36,77.47,335.55,297.52
540,21.600000,person,0.661553,299.04,60.51,381.13,297.97
540,21.600000,person,0.488017,395.03,98.27,453.54,300.15
540,21.600000,person,0.354358,255.91,77.18,334.33,297.52
541,21.640000,person,0.658663,299.55,60.99,381.40,297.87
541,21.640000,person,0.507262,395.02,98.27,452.98,299.16
541,21.640000,person,0.337041,255.74,77.28,333.75,297.85
542,21.680000,person,0.639778,297.93,67.23,382.83,298.54
542,21.680000,person,0.469124,394.73,98.11,453.19,297.93
542,21.680000,person,0.357092,255.22,77.03,333.09,297.85
543,21.720000,person,0.680437,299.05,60.39,382.20,297.66
543,21.720000,person,0.474158,394.60,98.33,452.50,297.41
543,21.720000,person,0.341265,254.99,76.92,332.95,297.99
544,21.760000,person,0.694395,299.11,60.91,382.60,297.67
544,21.760000,person,0.478418,394.47,98.75,452.12,294.22
544,21.760000,person,0.332937,254.87,76.99,333.09,298.12
544,21.760000,person,0.252087,251.85,93.24,307.30,250.11
545,21.800000,person,0.675381,299.74,61.98,381.77,297.59
545,21.800000,person,0.468212,394.34,99.31,451.71,294.85
545,21.800000,person,0.315878,255.05,77.47,333.58,297.97
545,21.800000,person,0.310592,251.92,92.71,307.07,246.78
545,21.800000,person,0.253157,302.92,97.51,354.00,300.21
546,21.840000,person,0.698989,299.27,61.49,382.22,297.71
546,21.840000,person,0.512615,394.74,99.36,450.71,292.71
546,21.840000,person,0.314915,251.88,92.59,306.96,245.14
546,21.840000,person,0.308193,255.30,77.19,334.09,298.13
546,21.840000,person,0.255915,302.88,98.44,354.15,300.38
547,21.880000,person,0.684102,299.34,61.74,382.33,298.20
547,21.880000,person,0.503080,395.17,99.33,450.91,289.81
547,21.880000,person,0.317290,255.56,77.16,334.71,298.36
547,21.880000,person,0.271410,251.57,92.83,306.76,246.20
548,21.920000,person,0.679838,300.38,61.40,383.04,298.12
548,21.920000,person,0.487746,394.97,100.26,450.49,288.27
548,21.920000,person,0.302701,255.20,77.19,334.34,298.18
548,21.920000,person,0.267250,251.74,94.55,306.66,245.42
549,21.960000,person,0.635909,303.20,61.47,383.32,298.40
549,21.960000,person,0.536751,395.85,98.53,450.48,290.32
549,21.960000,person,0.301465,254.35,77.31,332.10,298.00
549,21.960000,person,0.260956,251.66,93.42,306.77,246.90
550,22.000000,person,0.618737,303.91,61.43,383.10,298.41
550,22.000000,person,0.517349,395.36,98.69,450.32,290.08
550,22.000000,person,0.301506,254.31,77.38,332.13,297.82
550,22.000000,person,0.263077,251.78,94.16,307.02,244.56
551,22.040000,person,0.626298,303.07,62.11,383.17,298.21
551,22.040000,person,0.524865,395.42,98.22,450.14,290.30
551,22.040000,person,0.292000,254.10,77.45,331.53,297.97
551,22.040000,person,0.259247,251.51,94.61,306.89,245.26
552,22.080000,person,0.625679,304.08,62.30,384.10,298.44
552,22.080000,person,0.502763,395.51,97.56,450.68,291.49
552,22.080000,person,0.298974,253.75,77.47,331.36,297.88
552,22.080000,person,0.262472,251.39,94.37,306.96,246.10
553,22.120000,person,0.629292,302.81,62.33,383.29,298.26
553,22.120000,person,0.512514,395.72,97.11,450.37,291.40
553,22.120000,person,0.298466,254.27,77.30,332.00,297.86
554,22.160000,person,0.617599,304.42,62.58,384.39,298.73
554,22.160000,person,0.482922,395.47,97.28,450.87,291.52
554,22.160000,person,0.316951,254.13,77.49,332.29,297.88
555,22.200000,person,0.575508,304.61,62.81,383.43,298.65
555,22.200000,person,0.491124,395.28,97.83,450.68,291.34
555,22.200000,person,0.299196,254.43,78.12,332.64,297.57
555,22.200000,person,0.255588,251.34,95.81,307.13,246.69
556,22.240000,person,0.585524,305.30,62.49,383.73,298.70
556,22.240000,person,0.481563,395.33,98.17,451.16,291.43
556,22.240000,person,0.318925,254.24,77.92,331.72,297.74
557,22.280000,person,0.598146,306.02,61.69,385.58,298.70
557,22.280000,person,0.499248,395.55,97.35,451.44,289.50
557,22.280000,person,0.291510,253.87,77.94,331.54,297.86
557,22.280000,person,0.267457,250.92,98.52,308.77,257.22
558,22.320000,person,0.585724,305.77,62.23,385.15,298.69
558,22.320000,person,0.485925,395.36,97.72,451.24,288.85
558,22.320000,person,0.289717,253.87,77.96,331.80,297.66
558,22.320000,person,0.272792,250.94,98.42,308.78,257.26
559,22.360000,person,0.578690,306.22,62.14,385.41,298.30
559,22.360000,person,0.496010,395.52,97.24,452.34,293.19
559,22.360000,person,0.298559,253.45,78.24,331.92,297.12
559,22.360000,person,0.270873,251.40,98.58,307.43,249.96
560,22.400000,person,0.582042,304.31,62.15,384.91,298.33
560,22.400000,person,0.497881,395.53,97.74,452.40,292.50
560,22.400000,person,0.313672,253.97,77.77,333.09,297.26
561,22.440000,person,0.570284,304.70,62.51,384.86,298.12
561,22.440000,person,0.467220,394.98,99.15,451.94,292.85
561,22.440000,person,0.315943,254.37,78.26,333.74,296.88
562,22.480000,person,0.626630,303.02,62.91,384.52,297.81
562,22.480000,person,0.488781,395.14,98.40,452.91,296.02
562,22.480000,person,0.322776,254.41,78.06,334.75,297.13
563,22.520000,person,0.632753,302.69,63.07,384.68,297.81
563,22.520000,person,0.469027,395.24,99.02,453.06,295.75
563,22.520000,person,0.319151,254.59,78.04,335.11,297.22
564,22.560000,person,0.644207,302.77,63.42,385.06,297.81
564,22.560000,person,0.477449,395.19,98.78,453.32,296.72
564,22.560000,person,0.320517,254.48,77.81,335.71,297.19
565,22.600000,person,0.630764,303.04,63.44,385.09,297.91
565,22.600000,person,0.470149,395.10,99.16,453.23,296.37
565,22.600000,person,0.323828,254.35,77.92,335.46,297.18
566,22.640000,person,0.658902,302.62,63.03,384.59,297.78
566,22.640000,person,0.466751,378.09,91.21,448.98,301.09
566,22.640000,person,0.335348,255.80,78.14,336.19,296.81
567,22.680000,person,0.644664,302.90,63.23,384.65,297.88
567,22.680000,person,0.482175,377.86,91.26,448.93,300.91
567,22.680000,person,0.353979,254.99,78.22,335.59,296.75
568,22.720000,person,0.678074,301.22,64.14,383.89,297.77
568,22.720000,person,0.472949,377.28,91.91,448.63,300.55
568,22.720000,person,0.356329,256.00,78.04,337.67,296.82
569,22.760000,person,0.674653,300.96,64.06,384.31,297.79
569,22.760000,person,0.455152,377.35,91.72,448.58,300.34
569,22.760000,person,0.358764,255.65,78.03,337.67,296.85
570,22.800000,person,0.676995,301.09,64.16,384.17,297.71
570,22.800000,person,0.455076,394.79,99.28,452.06,290.55
570,22.800000,person,0.348223,255.73,78.12,337.75,296.83
571,22.840000,person,0.646965,301.71,64.70,384.24,297.81
571,22.840000,person,0.498765,376.43,92.14,448.58,300.12
571,22.840000,person,0.346706,256.03,78.34,338.00,296.88
572,22.880000,person,0.636032,302.02,64.24,384.58,297.84
572,22.880000,person,0.471773,376.68,91.77,448.37,300.16
572,22.880000,person,0.341418,255.80,78.30,337.57,296.86
572,22.880000,person,0.258298,304.57,114.60,350.44,297.12
573,22.920000,person,0.619586,302.59,64.04,384.39,298.24
573,22.920000,person,0.478440,377.04,91.48,448.55,300.89
573,22.920000,person,0.342224,255.30,78.48,337.26,296.71
574,22.960000,person,0.635312,302.46,63.46,384.40,298.11
574,22.960000,person,0.482642,377.80,91.13,449.21,301.53
574,22.960000,person,0.328117,255.42,78.26,336.81,297.02
575,23.000000,person,0.652509,303.30,63.15,384.89,298.02
575,23.000000,person,0.464808,378.89,89.80,449.50,301.82
575,23.000000,person,0.332832,254.50,78.03,334.89,296.87
576,23.040000,person,0.631628,304.52,63.05,385.97,297.97
576,23.040000,person,0.467755,377.89,89.79,449.07,301.19
576,23.040000,person,0.323773,253.81,78.36,333.69,296.71
576,23.040000,person,0.274322,301.57,91.49,355.07,298.48
576,23.040000,person,0.260447,249.94,95.87,305.64,262.08
577,23.080000,person,0.645272,300.96,62.68,384.73,297.93
577,23.080000,person,0.482239,378.18,90.10,449.36,301.74
577,23.080000,person,0.311061,254.46,78.40,336.59,296.98
577,23.080000,person,0.277251,304.19,118.33,350.43,296.65
578,23.120000,person,0.672581,301.09,62.73,384.21,298.27
578,23.120000,person,0.493912,378.05,89.94,449.15,301.72
578,23.120000,person,0.328674,254.96,78.36,336.20,297.34
578,23.120000,person,0.259685,303.75,118.36,350.56,297.14
579,23.160000,person,0.659517,302.65,62.68,384.53,298.39
579,23.160000,person,0.470931,378.47,89.81,449.18,302.02
579,23.160000,person,0.333742,254.49,78.69,334.50,297.29
579,23.160000,person,0.264211,303.79,118.73,350.64,297.18
579,23.160000,person,0.250453,250.18,98.03,305.63,258.01
580,23.200000,person,0.636268,303.07,63.11,384.43,298.32
580,23.200000,person,0.470851,378.20,89.65,449.11,301.87
580,23.200000,person,0.347883,255.03,79.33,334.66,297.13
580,23.200000,person,0.277419,250.52,96.21,306.43,256.75
580,23.200000,person,0.262843,302.85,120.82,350.41,296.88
581,23.240000,person,0.583832,298.54,68.27,383.16,295.91
581,23.240000,person,0.474790,376.90,90.17,448.25,301.72
581,23.240000,person,0.327632,255.74,78.65,335.46,296.79
581,23.240000,person,0.261584,303.83,122.25,350.09,296.35
581,23.240000,person,0.260902,250.70,95.24,306.84,255.73
582,23.280000,person,0.511204,375.94,90.91,447.78,301.39
582,23.280000,person,0.508257,298.91,68.00,383.48,296.01
582,23.280000,person,0.304612,304.77,124.21,350.00,295.65
582,23.280000,person,0.293479,254.90,78.95,333.62,296.57
582,23.280000,person,0.278581,250.56,93.46,307.25,253.98
583,23.320000,person,0.531504,300.28,67.93,384.48,295.51
583,23.320000,person,0.450454,378.18,88.09,448.03,301.49
583,23.320000,person,0.351826,255.36,78.27,333.62,296.98
583,23.320000,person,0.262814,304.78,129.58,349.81,295.21
584,23.360000,person,0.590832,296.75,67.20,382.33,297.10
584,23.360000,person,0.462070,394.74,98.74,448.68,283.96
584,23.360000,person,0.349223,302.58,89.94,354.91,299.86
584,23.360000,person,0.296702,254.96,77.20,332.98,297.33
584,23.360000,person,0.263562,251.61,90.04,307.06,251.74
585,23.400000,person,0.514233,297.32,68.01,381.18,295.34
585,23.400000,person,0.485529,394.13,100.06,449.62,286.86
585,23.400000,person,0.410749,303.71,116.05,349.84,296.31
585,23.400000,person,0.340147,254.97,78.79,333.15,297.17
586,23.440000,person,0.515623,394.33,99.96,449.11,285.69
586,23.440000,person,0.513387,299.73,68.03,381.69,295.77
586,23.440000,person,0.388049,302.76,108.61,351.34,297.52
586,23.440000,person,0.355516,254.11,78.29,331.73,297.36
587,23.480000,person,0.548001,395.26,97.99,448.49,284.78
587,23.480000,person,0.443924,301.63,68.00,382.04,294.60
587,23.480000,person,0.386428,302.80,111.73,351.94,296.78
587,23.480000,person,0.346547,252.91,77.88,329.85,297.10
587,23.480000,person,0.332737,250.88,90.75,308.50,247.68
588,23.520000,person,0.541877,395.28,96.93,449.14,285.07
588,23.520000,person,0.400220,253.88,77.65,334.85,296.15
588,23.520000,person,0.398947,302.76,67.38,381.49,294.02
588,23.520000,person,0.393765,303.52,117.33,351.07,295.92
588,23.520000,person,0.344715,251.73,91.60,308.50,241.94
589,23.560000,person,0.536065,298.20,67.53,382.05,293.89
589,23.560000,person,0.488810,396.18,96.51,448.66,286.09
589,23.560000,person,0.442395,253.63,75.36,337.72,296.31
589,23.560000,person,0.349917,304.17,120.99,350.34,295.44
589,23.560000,person,0.276725,250.71,88.97,309.81,239.16
590,23.600000,person,0.470091,395.90,95.72,448.50,282.01
590,23.600000,person,0.469609,253.97,75.75,340.89,296.09
590,23.600000,person,0.452424,300.87,65.03,382.74,296.93
590,23.600000,person,0.378729,304.13,119.47,350.70,295.54
591,23.640000,person,0.493516,254.20,75.30,342.56,295.65
591,23.640000,person,0.465684,395.81,98.21,447.85,283.04
591,23.640000,person,0.418571,299.99,65.16,381.21,296.83
591,23.640000,person,0.362961,303.65,113.80,352.00,295.88
592,23.680000,person,0.511672,255.12,75.01,345.77,295.00
592,23.680000,person,0.445216,395.69,98.04,447.17,282.65
592,23.680000,person,0.378583,303.95,113.68,352.68,296.02
592,23.680000,person,0.373136,297.93,65.62,379.47,296.75
592,23.680000,person,0.252218,380.80,112.62,436.80,297.70
593,23.720000,person,0.497615,254.97,74.70,347.56,294.77
593,23.720000,person,0.441952,395.56,97.53,447.43,279.83
593,23.720000,person,0.380456,304.53,115.27,352.46,295.09
593,23.720000,person,0.348596,297.18,65.39,379.99,296.30
593,23.720000,person,0.264615,381.50,116.90,436.55,296.64
594,23.760000,person,0.479559,255.19,74.84,347.47,294.66
594,23.760000,person,0.422076,395.60,97.25,446.79,280.91
594,23.760000,person,0.372465,304.39,115.29,352.18,295.04
594,23.760000,person,0.358103,296.85,65.69,379.82,296.20
594,23.760000,person,0.256203,381.74,115.94,435.84,296.03
595,23.800000,person,0.501888,254.68,73.88,345.27,294.87
595,23.800000,person,0.413163,395.46,96.17,445.97,280.65
595,23.800000,person,0.379596,304.69,114.96,352.47,295.18
595,23.800000,person,0.355547,296.82,67.07,379.77,292.28
595,23.800000,person,0.255938,382.37,116.01,435.67,296.35
596,23.840000,person,0.447907,296.59,67.46,379.64,293.08
596,23.840000,person,0.425637,395.60,96.42,445.67,285.35
596,23.840000,person,0.401362,305.15,114.92,352.70,294.91
596,23.840000,person,0.377029,254.64,73.44,340.19,295.47
596,23.840000,person,0.310133,251.01,89.11,306.92,234.33
597,23.880000,person,0.442897,298.27,67.59,379.72,293.52
597,23.880000,person,0.419266,254.78,73.96,338.94,295.96
597,23.880000,person,0.417296,396.06,96.88,444.78,283.49
597,23.880000,person,0.374590,304.61,112.61,352.76,296.20
597,23.880000,person,0.271171,250.61,88.37,308.66,235.03
597,23.880000,person,0.251521,383.37,119.70,435.51,296.11
598,23.920000,person,0.447811,298.86,67.06,379.90,292.31
598,23.920000,person,0.409394,396.12,98.12,447.78,258.11
598,23.920000,person,0.381315,254.21,73.78,337.40,295.23
598,23.920000,person,0.361660,304.73,114.10,352.16,295.51
598,23.920000,person,0.309860,250.38,87.90,308.50,237.54
599,23.960000,person,0.559066,295.75,67.04,380.92,292.51
599,23.960000,person,0.402782,395.88,97.46,448.39,266.35
599,23.960000,person,0.394068,254.66,73.25,339.26,295.74
599,23.960000,person,0.375957,305.43,118.55,351.77,295.53
599,23.960000,person,0.299460,249.79,88.76,308.82,241.15
600,24.000000,person,0.554772,298.02,66.59,380.76,292.39
600,24.000000,person,0.416139,254.41,73.57,337.29,295.81
600,24.000000,person,0.400213,394.76,94.75,446.35,285.86
600,24.000000,person,0.372900,305.13,116.91,352.49,295.82
600,24.000000,person,0.285348,250.35,89.29,308.32,242.86
601,24.040000,person,0.562362,254.19,74.66,339.70,295.50
601,24.040000,person,0.434911,300.23,66.04,380.11,291.93
601,24.040000,person,0.401168,394.90,94.16,446.57,286.92
601,24.040000,person,0.361531,304.09,113.43,352.60,295.99
602,24.080000,person,0.469907,300.64,65.70,381.07,291.90
602,24.080000,person,0.405340,395.09,94.46,446.85,288.54
602,24.080000,person,0.386569,252.67,73.74,332.82,295.74
602,24.080000,person,0.378718,304.73,113.22,352.45,295.63
602,24.080000,person,0.302499,250.15,89.20,309.56,250.94
603,24.120000,person,0.505769,299.53,66.43,381.43,291.24
603,24.120000,person,0.384385,394.90,94.93,446.55,287.16
603,24.120000,person,0.377491,304.98,112.31,352.16,295.87
603,24.120000,person,0.373017,253.98,74.68,332.80,296.35
603,24.120000,person,0.251253,381.99,118.89,435.13,293.56
604,24.160000,person,0.510481,299.94,66.53,380.43,292.47
604,24.160000,person,0.482581,253.90,74.51,332.07,296.70
604,24.160000,person,0.365780,395.05,93.95,447.12,287.44
604,24.160000,person,0.277351,304.42,107.32,352.75,296.77
605,24.200000,person,0.547031,299.25,66.00,380.85,293.37
605,24.200000,person,0.367267,253.51,73.80,328.76,297.25
605,24.200000,person,0.366875,395.78,97.88,447.36,274.70
605,24.200000,person,0.310000,304.14,109.21,352.94,296.33
606,24.240000,person,0.503406,299.65,65.81,380.53,291.07
606,24.240000,person,0.403281,305.28,113.32,352.47,295.73
606,24.240000,person,0.347680,395.32,96.72,447.02,273.21
606,24.240000,person,0.336473,251.79,73.51,325.28,296.36
606,24.240000,person,0.259281,377.52,104.07,436.78,290.93
607,24.280000,person,0.522395,299.17,66.00,380.31,291.68
607,24.280000,person,0.351684,395.53,95.73,446.68,270.66
607,24.280000,person,0.324505,251.96,74.52,326.16,296.56
607,24.280000,person,0.318628,305.38,112.06,352.69,296.07
607,24.280000,person,0.280459,377.42,103.41,436.20,291.39
608,24.320000,person,0.503213,299.12,65.85,380.10,292.38
608,24.320000,person,0.370472,395.61,95.41,447.40,272.29
608,24.320000,person,0.316235,250.18,88.42,307.28,266.59
608,24.320000,person,0.315970,303.73,111.50,352.45,295.89
608,24.320000,person,0.287924,377.40,101.51,435.99,291.71
609,24.360000,person,0.464260,299.01,66.04,380.64,292.75
609,24.360000,person,0.358370,395.80,96.09,445.84,269.15
609,24.360000,person,0.350880,249.87,88.41,306.09,265.41
609,24.360000,person,0.333471,303.78,113.45,351.72,296.69
609,24.360000,person,0.288938,378.58,105.10,433.69,291.76
610,24.400000,person,0.429915,298.00,65.99,380.17,293.26
610,24.400000,person,0.342930,250.24,90.08,305.76,259.16
610,24.400000,person,0.340621,395.79,97.23,445.74,267.14
610,24.400000,person,0.336945,304.76,114.70,351.41,296.70
610,24.400000,person,0.282526,377.64,105.17,434.01,292.73
610,24.400000,person,0.254159,253.09,76.15,328.56,297.62
611,24.440000,person,0.406900,297.97,66.22,379.59,293.51
611,24.440000,person,0.346800,250.33,90.08,305.94,256.64
611,24.440000,person,0.340647,305.25,115.49,351.61,297.57
611,24.440000,person,0.300223,396.13,98.24,444.71,262.13
611,24.440000,person,0.296145,380.90,113.69,432.12,293.63
612,24.480000,person,0.407806,296.80,66.65,378.38,293.93
612,24.480000,person,0.320173,305.28,113.11,351.67,297.96
612,24.480000,person,0.312672,250.32,90.53,305.70,258.79
612,24.480000,person,0.295040,377.73,103.93,435.59,294.59
612,24.480000,person,0.275950,395.67,98.65,445.15,264.95
612,24.480000,person,0.256902,255.03,76.11,330.46,297.61
613,24.520000,person,0.411732,301.54,68.65,363.85,293.41
613,24.520000,person,0.353622,378.69,105.56,435.22,294.63
613,24.520000,person,0.303814,250.29,91.36,305.65,255.13
613,24.520000,person,0.260588,255.56,76.66,330.93,297.94
614,24.560000,person,0.449622,303.01,70.30,366.04,292.25
614,24.560000,person,0.408301,378.18,100.70,435.02,296.38
614,24.560000,person,0.301559,250.30,90.85,306.40,259.62
614,24.560000,person,0.259269,256.61,75.45,331.28,297.82
615,24.600000,person,0.509439,303.13,69.65,365.18,290.59
615,24.600000,person,0.433541,377.67,99.98,436.16,295.44
615,24.600000,person,0.281356,250.48,91.27,306.36,258.72
615,24.600000,person,0.264929,257.16,76.04,330.98,298.12
616,24.640000,person,0.538175,302.52,69.48,366.45,290.43
616,24.640000,person,0.487290,376.17,100.90,436.96,294.97
616,24.640000,person,0.283915,250.47,88.94,305.85,258.47
616,24.640000,person,0.258353,258.67,75.52,331.73,298.45
617,24.680000,person,0.589935,301.99,67.60,367.51,288.87
617,24.680000,person,0.536086,376.32,100.30,436.56,295.31
617,24.680000,person,0.303001,250.44,88.64,305.81,257.09
617,24.680000,person,0.256821,258.39,75.20,331.79,298.26
618,24.720000,person,0.634055,302.19,67.25,367.43,290.57
618,24.720000,person,0.510944,376.79,99.62,435.76,294.48
618,24.720000,person,0.323399,250.54,89.00,305.80,259.20
618,24.720000,person,0.251460,258.73,75.68,332.20,298.27
619,24.760000,person,0.635604,302.48,67.55,367.39,290.45
619,24.760000,person,0.493620,375.92,99.15,435.92,295.94
619,24.760000,person,0.319420,250.38,88.92,305.77,260.63
619,24.760000,person,0.255806,258.09,75.46,332.11,298.32
620,24.800000,person,0.645658,303.11,67.20,367.15,290.96
620,24.800000,person,0.541776,375.21,99.44,436.13,296.67
620,24.800000,person,0.331268,250.45,88.93,306.04,261.12
620,24.800000,person,0.257174,258.27,75.81,332.48,298.34
621,24.840000,person,0.624780,303.44,67.55,367.28,290.34
621,24.840000,person,0.527636,375.33,97.51,435.77,296.93
621,24.840000,person,0.331198,250.33,89.21,305.86,262.41
621,24.840000,person,0.258659,258.32,76.18,332.91,298.17
622,24.880000,person,0.597062,303.47,67.78,367.22,289.75
622,24.880000,person,0.567210,375.49,100.27,432.26,295.23
622,24.880000,person,0.334581,250.32,89.59,305.49,265.10
622,24.880000,person,0.253490,257.61,76.04,332.27,297.84
623,24.920000,person,0.576561,373.49,98.10,434.96,294.53
623,24.920000,person,0.571842,304.01,69.60,366.78,288.51
623,24.920000,person,0.337604,250.51,89.42,306.15,264.60
624,24.960000,person,0.585207,373.80,97.99,434.53,293.10
624,24.960000,person,0.533133,303.91,70.64,367.16,288.48
624,24.960000,person,0.339613,250.50,89.55,306.05,266.44
624,24.960000,person,0.250285,256.92,74.99,331.85,297.64
625,25.000000,person,0.576524,372.77,94.92,435.88,291.84
625,25.000000,person,0.508653,304.15,71.60,366.53,289.33
625,25.000000,person,0.320416,250.84,91.51,306.04,261.98
625,25.000000,person,0.252663,257.56,74.98,332.08,297.94
626,25.040000,person,0.576012,373.57,95.11,434.89,291.92
626,25.040000,person,0.533407,304.06,70.78,366.64,299.15
626,25.040000,person,0.320791,250.33,90.52,305.91,265.30
626,25.040000,person,0.257746,257.36,75.91,331.32,297.84
627,25.080000,person,0.562757,304.02,72.56,366.74,297.49
627,25.080000,person,0.548601,374.00,94.17,434.60,292.78
627,25.080000,person,0.318894,250.24,90.71,305.30,267.36
627,25.080000,person,0.253923,256.90,74.76,330.59,298.09
628,25.120000,person,0.619546,304.16,74.22,366.49,296.77
628,25.120000,person,0.570655,373.85,93.60,434.83,293.29
628,25.120000,person,0.327928,250.03,90.75,305.54,268.21
628,25.120000,person,0.254879,256.65,76.68,329.64,298.49
629,25.160000,person,0.621125,304.02,73.03,365.89,297.51
629,25.160000,person,0.596291,374.33,93.53,434.35,293.32
629,25.160000,person,0.302376,250.30,92.24,304.99,265.19
629,25.160000,person,0.251706,257.16,75.41,330.53,298.23
630,25.200000,person,0.616832,304.06,73.37,366.00,297.06
630,25.200000,person,0.576739,373.89,93.02,434.59,292.07
630,25.200000,person,0.310778,250.54,91.60,305.27,263.39
631,25.240000,person,0.644788,303.86,73.13,365.73,297.29
631,25.240000,person,0.570819,373.81,93.53,434.42,291.89
631,25.240000,person,0.326761,250.32,91.38,305.35,263.98
632,25.280000,person,0.649770,303.82,72.37,365.07,296.41
632,25.280000,person,0.575595,373.50,93.64,434.81,292.04
632,25.280000,person,0.330373,250.36,91.86,305.55,261.22
633,25.320000,person,0.631485,303.82,73.40,365.41,296.01
633,25.320000,person,0.565950,373.11,92.49,435.17,292.13
633,25.320000,person,0.323751,250.30,92.90,305.61,261.92
634,25.360000,person,0.644939,374.76,92.41,433.99,293.71
634,25.360000,person,0.623504,304.05,72.80,365.56,295.32
634,25.360000,person,0.341911,250.10,93.26,305.99,263.86
635,25.400000,person,0.676396,375.25,91.30,433.16,293.76
635,25.400000,person,0.601267,304.35,72.30,365.21,296.24
635,25.400000,person,0.345485,250.06,93.44,305.85,264.22
636,25.440000,person,0.673171,374.99,88.60,433.49,293.59
636,25.440000,person,0.592342,304.23,71.22,364.93,295.40
636,25.440000,person,0.352679,250.11,93.18,305.93,262.79
637,25.480000,person,0.644332,376.20,90.52,432.67,292.54
637,25.480000,person,0.564998,304.44,71.78,364.76,297.45
637,25.480000,person,0.348348,250.11,92.99,305.70,265.72
638,25.520000,person,0.680597,376.65,92.18,432.65,291.91
638,25.520000,person,0.602531,304.69,71.88,365.10,297.95
638,25.520000,person,0.364936,250.08,92.79,305.96,266.10
639,25.560000,person,0.674868,373.09,90.83,434.52,288.16
639,25.560000,person,0.659319,304.45,71.29,365.24,295.89
639,25.560000,person,0.374347,250.09,92.07,306.41,266.20
640,25.600000,person,0.724022,303.19,70.08,365.32,291.15
640,25.600000,person,0.636299,376.11,95.13,433.86,287.69
640,25.600000,person,0.436122,250.00,87.91,306.89,264.91
641,25.640000,person,0.682599,303.65,69.03,365.96,292.49
641,25.640000,person,0.678527,376.54,92.05,433.85,290.38
641,25.640000,person,0.447721,249.89,88.68,306.93,264.34
642,25.680000,person,0.692468,302.94,67.11,366.46,294.42
642,25.680000,person,0.664263,375.08,89.83,434.06,292.39
642,25.680000,person,0.460492,249.68,88.25,306.73,264.84
643,25.720000,person,0.748763,303.08,66.81,365.12,292.56
643,25.720000,person,0.632926,375.47,91.60,433.01,293.78
643,25.720000,person,0.456391,249.95,87.77,306.61,265.46
643,25.720000,person,0.250884,254.83,77.35,326.45,299.15
644,25.760000,person,0.725002,302.81,66.40,365.72,293.41
644,25.760000,person,0.622595,375.29,89.87,433.55,294.40
644,25.760000,person,0.474223,250.01,87.75,306.71,264.54
644,25.760000,person,0.253408,254.76,77.26,326.41,299.15
645,25.800000,person,0.721586,303.05,66.62,365.81,293.56
645,25.800000,person,0.600178,374.66,90.64,434.14,296.29
645,25.800000,person,0.447409,249.77,88.15,306.94,266.23
646,25.840000,person,0.731760,303.45,66.54,365.25,295.69
646,25.840000,person,0.569480,374.37,88.60,434.52,297.33
646,25.840000,person,0.445467,250.26,87.95,306.80,262.87
647,25.880000,person,0.751709,302.70,67.38,364.81,293.38
647,25.880000,person,0.542426,373.73,84.89,435.58,299.50
647,25.880000,person,0.456121,249.73,87.24,306.93,267.81
648,25.920000,person,0.743585,302.71,67.94,363.91,294.12
648,25.920000,person,0.529804,375.26,88.32,435.61,296.65
648,25.920000,person,0.448878,249.77,87.79,306.69,266.19
648,25.920000,person,0.257699,255.42,78.37,326.83,299.19
649,25.960000,person,0.728896,302.58,68.61,364.37,296.03
649,25.960000,person,0.534684,374.31,88.94,436.56,295.97
649,25.960000,person,0.462793,249.73,87.93,306.20,268.55
650,26.000000,person,0.720247,302.79,68.97,364.58,295.83
650,26.000000,person,0.496506,374.95,92.15,436.30,296.62
650,26.000000,person,0.480916,249.43,87.45,306.09,270.90
651,26.040000,person,0.717323,307.18,75.12,364.08,300.09
651,26.040000,person,0.521515,376.26,93.61,436.21,295.89
651,26.040000,person,0.499496,249.53,87.91,306.22,270.90
652,26.080000,person,0.712258,307.11,74.96,364.04,300.25
652,26.080000,person,0.513688,249.45,87.91,306.32,270.73
652,26.080000,person,0.469336,376.70,94.52,436.01,298.06
653,26.120000,person,0.729804,307.07,75.34,364.06,295.46
653,26.120000,person,0.494435,249.68,88.86,306.30,267.45
653,26.120000,person,0.403746,367.87,88.26,438.88,308.45
654,26.160000,person,0.684410,306.71,75.98,364.99,296.10
654,26.160000,person,0.480571,249.70,88.27,306.17,271.28
654,26.160000,person,0.400078,369.11,87.46,439.50,306.14
655,26.200000,person,0.662516,307.34,76.95,363.94,295.50
655,26.200000,person,0.445823,249.77,90.64,306.46,266.29
655,26.200000,person,0.376221,368.72,88.22,439.83,308.68
656,26.240000,person,0.636436,307.84,77.35,363.09,295.16
656,26.240000,person,0.453780,249.61,89.89,306.59,268.48
656,26.240000,person,0.336067,372.27,88.26,440.91,308.98
657,26.280000,person,0.635950,307.32,77.08,362.62,295.06
657,26.280000,person,0.505324,249.44,89.40,306.69,268.73
657,26.280000,person,0.341638,372.51,89.79,441.23,308.47
658,26.320000,person,0.641571,307.44,76.93,363.00,293.70
658,26.320000,person,0.507790,249.30,89.41,306.57,268.78
658,26.320000,person,0.333581,373.85,89.58,441.89,307.13
659,26.360000,person,0.627600,306.37,77.67,362.71,290.44
659,26.360000,person,0.544368,249.30,88.76,306.44,268.57
659,26.360000,person,0.339097,375.89,88.87,443.03,306.17
660,26.400000,person,0.616354,306.38,77.78,362.77,289.17
660,26.400000,person,0.573770,249.15,88.58,306.44,268.35
660,26.400000,person,0.312419,376.27,88.16,443.02,306.05
661,26.440000,person,0.599930,306.14,77.45,363.81,287.80
661,26.440000,person,0.588066,248.91,88.48,306.03,267.64
661,26.440000,person,0.365688,375.52,89.77,443.05,306.44
662,26.480000,person,0.611896,249.21,88.48,305.88,266.55
662,26.480000,person,0.553660,305.90,77.10,363.93,289.77
662,26.480000,person,0.383512,375.38,91.00,443.15,307.58
663,26.520000,person,0.592083,249.07,88.66,305.75,267.27
663,26.520000,person,0.547544,305.71,76.34,363.52,288.93
663,26.520000,person,0.383932,376.56,91.08,444.16,309.39
664,26.560000,person,0.597684,249.20,88.67,305.60,267.38
664,26.560000,person,0.559994,305.83,76.41,363.22,289.95
664,26.560000,person,0.357149,377.75,90.42,444.98,309.45
665,26.600000,person,0.598398,248.82,88.29,305.38,269.48
665,26.600000,person,0.560084,305.34,75.96,362.50,290.69
665,26.600000,person,0.396445,374.35,93.24,444.20,308.82
666,26.640000,person,0.581363,248.55,87.86,305.05,271.51
666,26.640000,person,0.513042,304.63,76.09,363.02,291.01
666,26.640000,person,0.408769,373.41,92.87,444.35,308.64
667,26.680000,person,0.582391,248.78,88.00,304.94,270.56
667,26.680000,person,0.533369,304.58,76.21,362.11,290.32
667,26.680000,person,0.425111,374.39,93.56,445.10,308.98
668,26.720000,person,0.590703,248.68,88.11,304.90,271.17
668,26.720000,person,0.525806,304.58,75.88,362.00,290.72
668,26.720000,person,0.414729,374.79,93.46,445.27,309.20
669,26.760000,person,0.561162,248.35,88.19,305.15,272.27
669,26.760000,person,0.518255,302.29,69.69,363.75,290.10
669,26.760000,person,0.443249,374.25,93.52,445.75,308.96
670,26.800000,person,0.578084,248.40,88.41,305.29,269.64
670,26.800000,person,0.508316,302.27,69.41,363.85,290.01
670,26.800000,person,0.442470,374.42,93.00,445.34,309.07
671,26.840000,person,0.553436,248.45,88.43,305.11,271.99
671,26.840000,person,0.501594,304.23,73.70,361.51,291.85
671,26.840000,person,0.391100,376.72,91.62,446.39,309.57
672,26.880000,person,0.538804,248.40,88.27,305.16,273.42
672,26.880000,person,0.508920,302.19,68.75,363.42,290.79
672,26.880000,person,0.405104,376.53,91.24,446.40,308.79
673,26.920000,person,0.514826,247.83,87.74,304.68,275.28
673,26.920000,person,0.480645,304.31,74.33,361.68,293.08
673,26.920000,person,0.471217,374.27,92.21,445.21,309.19
674,26.960000,person,0.510283,247.96,87.97,304.63,275.06
674,26.960000,person,0.487132,304.34,74.25,361.57,292.84
674,26.960000,person,0.478360,374.60,92.08,445.34,309.81
675,27.000000,person,0.511500,247.85,88.27,304.78,273.67
675,27.000000,person,0.491582,304.15,74.57,361.86,292.07
675,27.000000,person,0.457247,375.02,91.86,445.22,309.78
676,27.040000,person,0.507010,247.72,88.24,304.75,274.20
676,27.040000,person,0.481049,304.25,74.65,361.85,292.62
676,27.040000,person,0.460195,375.14,91.74,445.10,309.75
677,27.080000,person,0.488171,248.08,87.40,304.62,276.56
677,27.080000,person,0.480907,303.80,75.19,361.82,289.59
677,27.080000,person,0.436155,376.40,91.02,445.94,307.86
678,27.120000,person,0.512631,248.46,87.59,304.54,274.40
678,27.120000,person,0.492631,303.72,75.23,361.67,289.36
678,27.120000,person,0.426668,376.61,91.33,445.85,307.64
679,27.160000,person,0.482729,304.09,75.26,362.00,291.64
679,27.160000,person,0.474069,248.59,88.25,304.27,272.83
679,27.160000,person,0.427367,377.99,91.13,446.55,309.77
680,27.200000,person,0.479765,304.08,75.47,361.74,292.02
680,27.200000,person,0.469715,248.60,87.83,304.16,274.18
680,27.200000,person,0.428838,378.36,91.14,446.59,309.80
681,27.240000,person,0.479753,299.46,67.32,363.82,290.13
681,27.240000,person,0.476055,248.59,87.39,303.68,270.93
681,27.240000,person,0.417943,379.52,90.76,447.78,310.22
682,27.280000,person,0.480292,299.42,67.61,363.88,289.63
682,27.280000,person,0.466360,248.61,87.48,303.60,270.29
682,27.280000,person,0.417185,378.64,91.27,447.62,309.86
683,27.320000,person,0.480759,299.62,68.02,363.92,289.60
683,27.320000,person,0.456142,248.74,87.69,303.55,268.24
683,27.320000,person,0.433627,378.42,91.73,447.46,310.42
684,27.360000,person,0.483995,299.64,68.42,363.82,289.52
684,27.360000,person,0.456654,248.75,87.65,303.49,268.94
684,27.360000,person,0.428258,378.34,91.46,447.31,310.51
685,27.400000,person,0.486074,299.52,68.00,363.85,289.89
685,27.400000,person,0.444383,248.71,87.37,303.42,265.83
685,27.400000,person,0.422071,379.06,91.28,447.98,311.70
686,27.440000,person,0.501694,299.69,69.39,364.02,289.66
686,27.440000,person,0.445800,248.62,87.12,303.13,265.35
686,27.440000,person,0.408324,380.71,90.77,448.77,312.18
687,27.480000,person,0.507052,299.74,69.00,363.95,290.41
687,27.480000,person,0.429413,248.75,87.15,303.24,266.13
687,27.480000,person,0.421344,380.14,90.49,448.40,312.06
688,27.520000,person,0.499195,300.08,69.79,364.30,290.30
688,27.520000,person,0.430898,248.71,87.20,303.30,266.11
688,27.520000,person,0.407231,380.81,90.14,448.42,312.43
689,27.560000,person,0.497941,300.10,65.10,364.86,290.85
689,27.560000,person,0.426516,248.65,87.34,302.42,269.09
689,27.560000,person,0.418155,381.11,88.84,448.03,311.40
690,27.600000,person,0.502659,300.48,66.52,365.71,290.44
690,27.600000,person,0.426789,248.84,87.24,302.18,270.19
690,27.600000,person,0.394530,382.22,88.86,448.95,312.07
691,27.640000,person,0.518061,301.03,64.12,365.97,291.21
691,27.640000,person,0.441727,248.93,87.63,302.47,268.85
691,27.640000,person,0.310551,385.52,86.59,450.90,314.41
692,27.680000,person,0.532488,300.80,63.94,365.31,291.45
692,27.680000,person,0.437646,248.82,87.58,302.30,269.68
692,27.680000,person,0.308132,385.70,86.47,450.78,313.75
693,27.720000,person,0.505922,300.65,63.07,365.96,291.53
693,27.720000,person,0.417554,248.81,87.47,302.47,268.75
693,27.720000,person,0.321106,396.82,94.72,447.85,291.50
694,27.760000,person,0.487872,300.72,63.22,365.94,291.10
694,27.760000,person,0.424268,248.89,88.11,301.80,266.17
694,27.760000,person,0.355540,398.39,93.57,449.80,281.57
695,27.800000,person,0.497521,300.60,62.67,365.43,291.64
695,27.800000,person,0.424772,248.73,87.84,302.16,269.86
695,27.800000,person,0.374120,399.11,93.23,449.56,278.18
696,27.840000,person,0.469519,299.74,63.66,364.23,291.32
696,27.840000,person,0.429522,248.49,87.68,302.18,272.60
696,27.840000,person,0.359281,398.26,93.14,449.85,278.23
697,27.880000,person,0.477167,299.76,64.29,364.43,290.81
697,27.880000,person,0.440684,248.08,87.27,302.58,277.12
697,27.880000,person,0.361746,397.50,95.63,448.04,286.52
698,27.920000,person,0.496512,300.04,63.46,364.33,291.29
698,27.920000,person,0.445583,248.20,87.74,302.63,277.22
698,27.920000,person,0.350700,397.35,95.00,447.86,286.55
699,27.960000,person,0.515275,300.08,63.62,364.16,291.57
699,27.960000,person,0.441342,247.98,87.31,303.01,278.98
699,27.960000,person,0.341663,398.38,94.87,449.26,276.42
700,28.000000,person,0.510636,300.03,64.20,364.01,291.56
700,28.000000,person,0.443777,247.99,87.35,303.02,279.12
700,28.000000,person,0.337591,397.18,95.34,447.15,285.89
701,28.040000,person,0.487938,299.58,61.72,364.83,291.22
701,28.040000,person,0.437706,248.05,86.67,302.51,281.78
701,28.040000,person,0.328500,396.95,95.65,446.59,286.14
702,28.080000,person,0.482178,299.46,61.67,365.04,290.69
702,28.080000,person,0.459025,248.06,86.86,302.32,281.58
702,28.080000,person,0.338307,396.82,95.35,447.27,284.74
703,28.120000,person,0.512056,300.12,61.68,365.27,290.31
703,28.120000,person,0.460336,247.90,86.64,302.37,282.99
703,28.120000,person,0.356630,396.80,95.04,447.43,284.37
704,28.160000,person,0.514057,299.93,61.68,365.40,289.85
704,28.160000,person,0.478482,248.31,86.93,302.05,278.53
704,28.160000,person,0.347473,396.74,95.21,446.90,284.78
705,28.200000,person,0.519543,299.94,61.21,365.95,289.71
705,28.200000,person,0.487034,248.15,87.06,301.68,278.36
705,28.200000,person,0.331784,396.82,95.21,446.68,284.29
706,28.240000,person,0.535826,300.08,61.43,365.75,289.82
706,28.240000,person,0.498123,248.16,87.18,301.81,279.55
706,28.240000,person,0.328651,396.82,95.24,446.52,285.31
